[24Aug2025 17:18:30.112] [main/INFO] [cpw.mods.modlauncher.Launcher/MODLAUNCHER]: ModLauncher running: args [--launchTarget, forgeserver, --fml.forgeVersion, 47.4.0, --fml.mcVersion, 1.20.1, --fml.forgeGroup, net.minecraftforge, --fml.mcpVersion, 20230612.114412]
[24Aug2025 17:18:30.116] [main/INFO] [cpw.mods.modlauncher.Launcher/MODLAUNCHER]: ModLauncher 10.0.9+10.0.9+main.dcd20f30 starting: java version 22.0.1 by Oracle Corporation; OS Windows 11 arch amd64 version 10.0
[24Aug2025 17:18:30.987] [main/INFO] [net.minecraftforge.fml.loading.ImmediateWindowHandler/]: ImmediateWindowProvider not loading because launch target is forgeserver
[24Aug2025 17:18:31.016] [main/INFO] [mixin/]: SpongePowered MIXIN Subsystem Version=0.8.5 Source=union:/C:/Alex's%20stuff/MinecraftServer/libraries/org/spongepowered/mixin/0.8.5/mixin-0.8.5.jar%2365!/ Service=ModLauncher Env=SERVER
[24Aug2025 17:18:31.459] [main/WARN] [net.minecraftforge.fml.loading.moddiscovery.ModFileParser/LOADING]: Mod file C:\Alex's stuff\MinecraftServer\libraries\net\minecraftforge\fmlcore\1.20.1-47.4.0\fmlcore-1.20.1-47.4.0.jar is missing mods.toml file
[24Aug2025 17:18:31.461] [main/WARN] [net.minecraftforge.fml.loading.moddiscovery.ModFileParser/LOADING]: Mod file C:\Alex's stuff\MinecraftServer\libraries\net\minecraftforge\javafmllanguage\1.20.1-47.4.0\javafmllanguage-1.20.1-47.4.0.jar is missing mods.toml file
[24Aug2025 17:18:31.462] [main/WARN] [net.minecraftforge.fml.loading.moddiscovery.ModFileParser/LOADING]: Mod file C:\Alex's stuff\MinecraftServer\libraries\net\minecraftforge\lowcodelanguage\1.20.1-47.4.0\lowcodelanguage-1.20.1-47.4.0.jar is missing mods.toml file
[24Aug2025 17:18:31.463] [main/WARN] [net.minecraftforge.fml.loading.moddiscovery.ModFileParser/LOADING]: Mod file C:\Alex's stuff\MinecraftServer\libraries\net\minecraftforge\mclanguage\1.20.1-47.4.0\mclanguage-1.20.1-47.4.0.jar is missing mods.toml file
[24Aug2025 17:18:31.775] [main/WARN] [net.minecraftforge.jarjar.selection.JarSelector/]: Attempted to select two dependency jars from JarJar which have the same identification: Mod File:  and Mod File: . Using Mod File: 
[24Aug2025 17:18:31.776] [main/INFO] [net.minecraftforge.fml.loading.moddiscovery.JarInJarDependencyLocator/]: Found 23 dependencies adding them to mods collection
[24Aug2025 17:18:34.104] [main/INFO] [mixin/]: Compatibility level set to JAVA_17
[24Aug2025 17:18:34.116] [main/ERROR] [mixin/]: Mixin config musketmod.mixins.json does not specify "minVersion" property
[24Aug2025 17:18:34.126] [main/ERROR] [mixin/]: Mixin config entity_model_features.mixins.json does not specify "minVersion" property
[24Aug2025 17:18:34.176] [main/ERROR] [mixin/]: Mixin config azurelib.mixins.json does not specify "minVersion" property
[24Aug2025 17:18:34.178] [main/ERROR] [mixin/]: Mixin config azurelib.forge.mixins.json does not specify "minVersion" property
[24Aug2025 17:18:34.278] [main/INFO] [mixin/]: Successfully loaded Mixin Connector [de.maxhenkel.camera.MixinConnector]
[24Aug2025 17:18:34.281] [main/INFO] [cpw.mods.modlauncher.LaunchServiceHandler/MODLAUNCHER]: Launching target 'forgeserver' with arguments []
[24Aug2025 17:18:34.396] [main/INFO] [Embeddium/]: Loaded configuration file for Embeddium: 189 options available, 0 override(s) found
[24Aug2025 17:18:34.408] [main/WARN] [mixin/]: Reference map 'tempad-forge-1.20.1-forge-refmap.json' for tempad.mixins.json could not be read. If this is a development environment you can ignore this message
[24Aug2025 17:18:34.415] [main/WARN] [mixin/]: Reference map 'kubejsdelight.refmap.json' for kubejsdelight.mixins.json could not be read. If this is a development environment you can ignore this message
[24Aug2025 17:18:34.441] [main/WARN] [mixin/]: Reference map 'escalated-1.20.1-refmap.json' for escalated-common.mixins.json could not be read. If this is a development environment you can ignore this message
[24Aug2025 17:18:34.458] [main/WARN] [mixin/]: Reference map 'moyai-forge-refmap.json' for moyai.mixins.json could not be read. If this is a development environment you can ignore this message
[24Aug2025 17:18:34.490] [main/WARN] [mixin/]: Reference map 'fastpaintings-forge-refmap.json' for fastpaintings-forge.mixins.json could not be read. If this is a development environment you can ignore this message
[24Aug2025 17:18:34.509] [main/WARN] [mixin/]: Reference map 'kubejs_botania-forge-refmap.json' for kubejs_botania.mixins.forge.json could not be read. If this is a development environment you can ignore this message
[24Aug2025 17:18:34.570] [main/INFO] [dev.tonimatas.packetfixer.mixins.v1_19_4_forge.MixinPlugin/]: Packet Fixer forge 1.19.4-1.20.1 has been applied successfully.
[24Aug2025 17:18:34.680] [main/INFO] [net.minecraftforge.coremod.CoreMod.placebo/COREMODLOG]: Patching IForgeItemStack#getEnchantmentLevel
[24Aug2025 17:18:34.722] [main/INFO] [net.minecraftforge.coremod.CoreMod.placebo/COREMODLOG]: Patching IForgeItemStack#getEnchantmentLevel
[24Aug2025 17:18:35.753] [main/ERROR] [net.minecraftforge.fml.loading.RuntimeDistCleaner/DISTXFORM]: Attempted to load class net/minecraft/client/multiplayer/MultiPlayerGameMode for invalid dist DEDICATED_SERVER
[24Aug2025 17:18:35.756] [main/WARN] [mixin/]: Error loading class: net/minecraft/client/multiplayer/MultiPlayerGameMode (java.lang.RuntimeException: Attempted to load class net/minecraft/client/multiplayer/MultiPlayerGameMode for invalid dist DEDICATED_SERVER)
[24Aug2025 17:18:35.756] [main/WARN] [mixin/]: @Mixin target net.minecraft.client.multiplayer.MultiPlayerGameMode was not found mixins.cofhcore.json:MultiPlayerGameModeMixin
[24Aug2025 17:18:36.039] [main/INFO] [dev.uncandango.alltheleaks.AllTheLeaks/]: Skipping issue ItemStackCreationStatistics from mod jei as it's dev only!
[24Aug2025 17:18:36.040] [main/INFO] [dev.uncandango.alltheleaks.AllTheLeaks/]: Class dev.uncandango.alltheleaks.leaks.common.mods.travelersbackpack.UntrackedIssue002 will NOT be loaded as mod travelersbackpack is not present
[24Aug2025 17:18:36.041] [main/INFO] [dev.uncandango.alltheleaks.AllTheLeaks/]: Class dev.uncandango.alltheleaks.leaks.common.mods.travelersbackpack.UntrackedIssue001 will NOT be loaded as mod travelersbackpack is not present
[24Aug2025 17:18:36.041] [main/INFO] [dev.uncandango.alltheleaks.AllTheLeaks/]: Class dev.uncandango.alltheleaks.leaks.common.mods.toolbelt.UntrackedIssue001 will NOT be loaded as mod toolbelt is not present
[24Aug2025 17:18:36.041] [main/INFO] [dev.uncandango.alltheleaks.AllTheLeaks/]: Class dev.uncandango.alltheleaks.leaks.common.mods.tfcthermaldeposits.UntrackedIssue001 will NOT be loaded as mod tfcthermaldeposits is not present
[24Aug2025 17:18:36.041] [main/INFO] [dev.uncandango.alltheleaks.AllTheLeaks/]: Class dev.uncandango.alltheleaks.leaks.common.mods.smallships.UntrackedIssue001 will NOT be loaded as mod smallships is not present
[24Aug2025 17:18:36.041] [main/INFO] [dev.uncandango.alltheleaks.AllTheLeaks/]: Class dev.uncandango.alltheleaks.leaks.common.mods.sereneseasons.UntrackedIssue001 will NOT be loaded as mod sereneseasons is not present
[24Aug2025 17:18:36.041] [main/INFO] [dev.uncandango.alltheleaks.AllTheLeaks/]: Class dev.uncandango.alltheleaks.leaks.common.mods.railcraft.UntrackedIssue001 will NOT be loaded as mod railcraft is not present
[24Aug2025 17:18:36.041] [main/INFO] [dev.uncandango.alltheleaks.AllTheLeaks/]: Class dev.uncandango.alltheleaks.leaks.common.mods.pneumaticcraft.UntrackedIssue001 will NOT be loaded as mod pneumaticcraft is not present
[24Aug2025 17:18:36.042] [main/INFO] [dev.uncandango.alltheleaks.AllTheLeaks/]: Class dev.uncandango.alltheleaks.leaks.common.mods.phosphophyllite.UntrackedIssue001 will NOT be loaded as mod phosphophyllite is not present
[24Aug2025 17:18:36.042] [main/INFO] [dev.uncandango.alltheleaks.AllTheLeaks/]: Class dev.uncandango.alltheleaks.leaks.common.mods.occultism.UntrackedIssue001 will NOT be loaded as mod occultism is not present
[24Aug2025 17:18:36.042] [main/INFO] [dev.uncandango.alltheleaks.AllTheLeaks/]: Class dev.uncandango.alltheleaks.leaks.common.mods.moonlight.UntrackedIssue001 will be loaded as it matches versions: 1.20-2.14.1 in [1.20-2.13.32,)
[24Aug2025 17:18:36.042] [main/INFO] [dev.uncandango.alltheleaks.AllTheLeaks/]: Mixins added to allowed list: [main.FakeLevelManagerMixin]
[24Aug2025 17:18:36.043] [main/INFO] [dev.uncandango.alltheleaks.AllTheLeaks/]: Class dev.uncandango.alltheleaks.leaks.common.mods.minecraft.UntrackedIssue002 will be loaded as it matches versions: 1.20.1 in 1.20.1
[24Aug2025 17:18:36.043] [main/INFO] [dev.uncandango.alltheleaks.AllTheLeaks/]: Mixins added to allowed list: [main.EntityTickListMixin]
[24Aug2025 17:18:36.043] [main/INFO] [dev.uncandango.alltheleaks.AllTheLeaks/]: Class dev.uncandango.alltheleaks.leaks.common.mods.minecraft.UntrackedIssue001 will be loaded as it matches versions: 1.20.1 in 1.20.1
[24Aug2025 17:18:36.043] [main/INFO] [dev.uncandango.alltheleaks.AllTheLeaks/]: Class dev.uncandango.alltheleaks.leaks.common.mods.irons_spellbooks.UntrackedIssue001 will NOT be loaded as mod irons_spellbooks is not present
[24Aug2025 17:18:36.043] [main/INFO] [dev.uncandango.alltheleaks.AllTheLeaks/]: Class dev.uncandango.alltheleaks.leaks.common.mods.forge.UntrackedIssue003 will be loaded as it matches versions: 47.4.0 in [47.2,)
[24Aug2025 17:18:36.043] [main/INFO] [dev.uncandango.alltheleaks.AllTheLeaks/]: Class dev.uncandango.alltheleaks.leaks.common.mods.forge.UntrackedIssue002 will be loaded as it matches versions: 47.4.0 in [47.2,)
[24Aug2025 17:18:36.043] [main/INFO] [dev.uncandango.alltheleaks.AllTheLeaks/]: Mixins added to allowed list: [accessor.FakePlayerNetHandlerAccessor, accessor.ConnectionAccessor]
[24Aug2025 17:18:36.044] [main/INFO] [dev.uncandango.alltheleaks.AllTheLeaks/]: Class dev.uncandango.alltheleaks.leaks.common.mods.forge.UntrackedIssue001 will be loaded as it matches versions: 47.4.0 in [47.2,)
[24Aug2025 17:18:36.044] [main/INFO] [dev.uncandango.alltheleaks.AllTheLeaks/]: Mixins added to allowed list: [main.ServerPlayerMixin, main.PlayerListMixin]
[24Aug2025 17:18:36.044] [main/INFO] [dev.uncandango.alltheleaks.AllTheLeaks/]: Class dev.uncandango.alltheleaks.leaks.common.mods.forbidden_arcanus.UntrackedIssue001 will NOT be loaded as mod forbidden_arcanus is not present
[24Aug2025 17:18:36.044] [main/INFO] [dev.uncandango.alltheleaks.AllTheLeaks/]: Class dev.uncandango.alltheleaks.leaks.common.mods.domesticationinnovation.UntrackedIssue001 will NOT be loaded as mod domesticationinnovation is not present
[24Aug2025 17:18:36.044] [main/INFO] [dev.uncandango.alltheleaks.AllTheLeaks/]: Class dev.uncandango.alltheleaks.leaks.common.mods.curios.UntrackedIssue001 will be loaded as it matches versions: 5.14.1+1.20.1 in [5.9.1,)
[24Aug2025 17:18:36.044] [main/INFO] [dev.uncandango.alltheleaks.AllTheLeaks/]: Mixins added to allowed list: [main.CuriosEventHandlerMixin]
[24Aug2025 17:18:36.045] [main/INFO] [dev.uncandango.alltheleaks.AllTheLeaks/]: Class dev.uncandango.alltheleaks.leaks.common.mods.createaddition.UntrackedIssue001 will NOT be loaded as mod createaddition does not match versions: 1.20.1-1.3.1 in [1.20.1-1.0.0b,1.20.1-1.2.3]
[24Aug2025 17:18:36.045] [main/INFO] [dev.uncandango.alltheleaks.AllTheLeaks/]: Class dev.uncandango.alltheleaks.leaks.common.mods.create.UntrackedIssue001 will be loaded as it matches versions: 6.0.4 in [0.5.1.c,)
[24Aug2025 17:18:36.045] [main/INFO] [dev.uncandango.alltheleaks.AllTheLeaks/]: Mixins added to allowed list: [accessor.ExtendoGripItemAccessor]
[24Aug2025 17:18:36.045] [main/INFO] [dev.uncandango.alltheleaks.AllTheLeaks/]: Class dev.uncandango.alltheleaks.leaks.common.mods.citadel.UntrackedIssue001 will NOT be loaded as mod citadel is not present
[24Aug2025 17:18:36.045] [main/INFO] [dev.uncandango.alltheleaks.AllTheLeaks/]: Class dev.uncandango.alltheleaks.leaks.common.mods.betterf3.UntrackedIssue001 will NOT be loaded as mod betterf3 is not present
[24Aug2025 17:18:36.045] [main/INFO] [dev.uncandango.alltheleaks.AllTheLeaks/]: Class dev.uncandango.alltheleaks.leaks.common.mods.badpackets.UntrackedIssue001 will NOT be loaded as mod badpackets is not present
[24Aug2025 17:18:36.046] [main/INFO] [dev.uncandango.alltheleaks.AllTheLeaks/]: Class dev.uncandango.alltheleaks.leaks.common.mods.ars_nouveau.UntrackedIssue002 will NOT be loaded as mod ars_nouveau is not present
[24Aug2025 17:18:36.046] [main/INFO] [dev.uncandango.alltheleaks.AllTheLeaks/]: Class dev.uncandango.alltheleaks.leaks.common.mods.ars_nouveau.UntrackedIssue001 will NOT be loaded as mod ars_nouveau is not present
[24Aug2025 17:18:36.046] [main/INFO] [dev.uncandango.alltheleaks.AllTheLeaks/]: Class dev.uncandango.alltheleaks.leaks.common.mods.architectury.UntrackedIssue001 will be loaded as it matches versions: 9.2.14 in [9.0.8,)
[24Aug2025 17:18:36.046] [main/INFO] [dev.uncandango.alltheleaks.AllTheLeaks/]: Class dev.uncandango.alltheleaks.leaks.common.mods.alexsmobs.Issue2165 will NOT be loaded as mod alexsmobs is not present
[24Aug2025 17:18:36.046] [main/INFO] [dev.uncandango.alltheleaks.AllTheLeaks/]: Class dev.uncandango.alltheleaks.leaks.common.mods.aether.UntrackedIssue001 will NOT be loaded as mod aether is not present
[24Aug2025 17:18:36.046] [main/INFO] [dev.uncandango.alltheleaks.AllTheLeaks/]: Class dev.uncandango.alltheleaks.leaks.common.mods.ae2wtlib.UntrackedIssue001 will NOT be loaded as mod ae2wtlib is not present
[24Aug2025 17:18:36.046] [main/INFO] [dev.uncandango.alltheleaks.AllTheLeaks/]: Skipping issue [untracked] from mod twilightforest as it is client side only!
[24Aug2025 17:18:36.047] [main/INFO] [dev.uncandango.alltheleaks.AllTheLeaks/]: Skipping issue [untracked] from mod travelersbackpack as it is client side only!
[24Aug2025 17:18:36.047] [main/INFO] [dev.uncandango.alltheleaks.AllTheLeaks/]: Skipping issue [untracked] from mod tombstone as it is client side only!
[24Aug2025 17:18:36.047] [main/INFO] [dev.uncandango.alltheleaks.AllTheLeaks/]: Skipping issue [untracked] from mod sereneseasons as it is client side only!
[24Aug2025 17:18:36.047] [main/INFO] [dev.uncandango.alltheleaks.AllTheLeaks/]: Skipping issue [untracked] from mod pneumaticcraft as it is client side only!
[24Aug2025 17:18:36.047] [main/INFO] [dev.uncandango.alltheleaks.AllTheLeaks/]: Skipping issue [untracked] from mod nuclearcraft as it is client side only!
[24Aug2025 17:18:36.047] [main/INFO] [dev.uncandango.alltheleaks.AllTheLeaks/]: Skipping issue [untracked] from mod mowziesmobs as it is client side only!
[24Aug2025 17:18:36.047] [main/INFO] [dev.uncandango.alltheleaks.AllTheLeaks/]: Skipping issue [untracked] from mod mowziesmobs as it is client side only!
[24Aug2025 17:18:36.047] [main/INFO] [dev.uncandango.alltheleaks.AllTheLeaks/]: Skipping issue [untracked] from mod mousetweaks as it is client side only!
[24Aug2025 17:18:36.047] [main/INFO] [dev.uncandango.alltheleaks.AllTheLeaks/]: Skipping issue [untracked] from mod mna as it is client side only!
[24Aug2025 17:18:36.047] [main/INFO] [dev.uncandango.alltheleaks.AllTheLeaks/]: Skipping issue [untracked] from mod minecraft as it is client side only!
[24Aug2025 17:18:36.047] [main/INFO] [dev.uncandango.alltheleaks.AllTheLeaks/]: Skipping issue [untracked] from mod minecraft as it is client side only!
[24Aug2025 17:18:36.047] [main/INFO] [dev.uncandango.alltheleaks.AllTheLeaks/]: Skipping issue [untracked] from mod minecolonies as it is client side only!
[24Aug2025 17:18:36.047] [main/INFO] [dev.uncandango.alltheleaks.AllTheLeaks/]: Skipping issue [untracked] from mod minecolonies as it is client side only!
[24Aug2025 17:18:36.047] [main/INFO] [dev.uncandango.alltheleaks.AllTheLeaks/]: Skipping issue [untracked] from mod ldlib as it is client side only!
[24Aug2025 17:18:36.047] [main/INFO] [dev.uncandango.alltheleaks.AllTheLeaks/]: Skipping issue [untracked] from mod journeymap as it is client side only!
[24Aug2025 17:18:36.049] [main/INFO] [dev.uncandango.alltheleaks.AllTheLeaks/]: Skipping issue [untracked] from mod jeresources as it is client side only!
[24Aug2025 17:18:36.049] [main/INFO] [dev.uncandango.alltheleaks.AllTheLeaks/]: Skipping issue [untracked] from mod jei as it is client side only!
[24Aug2025 17:18:36.049] [main/INFO] [dev.uncandango.alltheleaks.AllTheLeaks/]: Skipping issue [untracked] from mod jei as it is client side only!
[24Aug2025 17:18:36.049] [main/INFO] [dev.uncandango.alltheleaks.AllTheLeaks/]: Skipping issue [untracked] from mod irons_spellbooks as it is client side only!
[24Aug2025 17:18:36.049] [main/INFO] [dev.uncandango.alltheleaks.AllTheLeaks/]: Skipping issue [untracked] from mod irons_spellbooks as it is client side only!
[24Aug2025 17:18:36.049] [main/INFO] [dev.uncandango.alltheleaks.AllTheLeaks/]: Skipping issue [untracked] from mod iceberg as it is client side only!
[24Aug2025 17:18:36.049] [main/INFO] [dev.uncandango.alltheleaks.AllTheLeaks/]: Skipping issue [untracked] from mod iceberg as it is client side only!
[24Aug2025 17:18:36.049] [main/INFO] [dev.uncandango.alltheleaks.AllTheLeaks/]: Skipping issue [untracked] from mod iceberg as it is client side only!
[24Aug2025 17:18:36.049] [main/INFO] [dev.uncandango.alltheleaks.AllTheLeaks/]: Skipping issue [untracked] from mod geckolib as it is client side only!
[24Aug2025 17:18:36.050] [main/INFO] [dev.uncandango.alltheleaks.AllTheLeaks/]: Skipping issue [untracked] from mod ftblibrary as it is client side only!
[24Aug2025 17:18:36.050] [main/INFO] [dev.uncandango.alltheleaks.AllTheLeaks/]: Skipping issue [untracked] from mod flywheel as it is client side only!
[24Aug2025 17:18:36.050] [main/INFO] [dev.uncandango.alltheleaks.AllTheLeaks/]: Skipping issue [untracked] from mod findme as it is client side only!
[24Aug2025 17:18:36.050] [main/INFO] [dev.uncandango.alltheleaks.AllTheLeaks/]: Skipping issue [untracked] from mod entity_texture_features as it is client side only!
[24Aug2025 17:18:36.050] [main/INFO] [dev.uncandango.alltheleaks.AllTheLeaks/]: Skipping issue [untracked] from mod entity_model_features as it is client side only!
[24Aug2025 17:18:36.050] [main/INFO] [dev.uncandango.alltheleaks.AllTheLeaks/]: Skipping issue [untracked] from mod emi_loot as it is client side only!
[24Aug2025 17:18:36.050] [main/INFO] [dev.uncandango.alltheleaks.AllTheLeaks/]: Skipping issue [untracked] from mod emi as it is client side only!
[24Aug2025 17:18:36.051] [main/INFO] [dev.uncandango.alltheleaks.AllTheLeaks/]: Skipping issue [untracked] from mod easy_villagers as it is client side only!
[24Aug2025 17:18:36.052] [main/INFO] [dev.uncandango.alltheleaks.AllTheLeaks/]: Skipping issue [untracked] from mod difficultylock as it is client side only!
[24Aug2025 17:18:36.052] [main/INFO] [dev.uncandango.alltheleaks.AllTheLeaks/]: Skipping issue [untracked] from mod cyclopscore as it is client side only!
[24Aug2025 17:18:36.052] [main/INFO] [dev.uncandango.alltheleaks.AllTheLeaks/]: Skipping issue [untracked] from mod corpse as it is client side only!
[24Aug2025 17:18:36.052] [main/INFO] [dev.uncandango.alltheleaks.AllTheLeaks/]: Skipping issue [untracked] from mod citadel as it is client side only!
[24Aug2025 17:18:36.053] [main/INFO] [dev.uncandango.alltheleaks.AllTheLeaks/]: Skipping issue [untracked] from mod blue_skies as it is client side only!
[24Aug2025 17:18:36.053] [main/INFO] [dev.uncandango.alltheleaks.AllTheLeaks/]: Skipping issue [untracked] from mod beansbackpacks as it is client side only!
[24Aug2025 17:18:36.053] [main/INFO] [dev.uncandango.alltheleaks.AllTheLeaks/]: Skipping issue [untracked] from mod badpackets as it is client side only!
[24Aug2025 17:18:36.054] [main/INFO] [dev.uncandango.alltheleaks.AllTheLeaks/]: Skipping issue [untracked] from mod ae2wtlib as it is client side only!
[24Aug2025 17:18:36.054] [main/INFO] [dev.uncandango.alltheleaks.AllTheLeaks/]: Skipping issue [untracked] from mod ae2wtlib as it is client side only!
[24Aug2025 17:18:36.054] [main/INFO] [dev.uncandango.alltheleaks.AllTheLeaks/]: Class dev.uncandango.alltheleaks.fix.common.mods.modernfix.CancelRLMixin will NOT be loaded as mod modernfix is not present
[24Aug2025 17:18:36.060] [main/INFO] [dev.uncandango.alltheleaks.AllTheLeaks/]: Skipping feature ResourceLocation Deduplication from mod minecraft as it's feature flag is not activated!
[24Aug2025 17:18:36.060] [main/INFO] [dev.uncandango.alltheleaks.AllTheLeaks/]: Skipping feature Ingredient Deduplication from mod minecraft as it's feature flag is not activated!
[24Aug2025 17:18:36.060] [main/INFO] [dev.uncandango.alltheleaks.AllTheLeaks/]: Skipping feature Prevent Search Ignored Items from mod jei as it's feature flag is not activated!
[24Aug2025 17:18:36.161] [main/WARN] [mixin/]: Error loading class: vazkii/quark/addons/oddities/inventory/BackpackMenu (java.lang.ClassNotFoundException: vazkii.quark.addons.oddities.inventory.BackpackMenu)
[24Aug2025 17:18:36.164] [main/WARN] [mixin/]: Error loading class: net/minecraft/client/gui/screens/inventory/CraftingScreen (java.lang.ClassNotFoundException: net.minecraft.client.gui.screens.inventory.CraftingScreen)
[24Aug2025 17:18:36.164] [main/WARN] [mixin/]: @Mixin target net.minecraft.client.gui.screens.inventory.CraftingScreen was not found fastbench.mixins.json:MixinCraftingScreen
[24Aug2025 17:18:36.231] [main/WARN] [mixin/]: Error loading class: com/hollingsworth/arsnouveau/common/entity/LightningEntity (java.lang.ClassNotFoundException: com.hollingsworth.arsnouveau.common.entity.LightningEntity)
[24Aug2025 17:18:36.232] [main/WARN] [mixin/]: @Mixin target com.hollingsworth.arsnouveau.common.entity.LightningEntity was not found lychee.mixins.json:arsnouveau.LightningEntityMixin
[24Aug2025 17:18:36.233] [main/WARN] [mixin/]: Error loading class: me/shedaniel/rei/plugin/common/displays/crafting/DefaultCraftingDisplay (java.lang.ClassNotFoundException: me.shedaniel.rei.plugin.common.displays.crafting.DefaultCraftingDisplay)
[24Aug2025 17:18:36.233] [main/WARN] [mixin/]: @Mixin target me.shedaniel.rei.plugin.common.displays.crafting.DefaultCraftingDisplay was not found lychee.mixins.json:rei.DefaultCraftingDisplayMixin
[24Aug2025 17:18:36.293] [main/WARN] [mixin/]: Error loading class: studio/fantasyit/ars_botania/event/CapEvent (java.lang.ClassNotFoundException: studio.fantasyit.ars_botania.event.CapEvent)
[24Aug2025 17:18:36.293] [main/WARN] [mixin/]: @Mixin target studio.fantasyit.ars_botania.event.CapEvent was not found create_central_kitchen.mixins.json:common.arsbotania.CapEventMixin
[24Aug2025 17:18:36.294] [main/WARN] [mixin/]: Error loading class: earth/terrarium/botarium/forge/BotariumForge (java.lang.ClassNotFoundException: earth.terrarium.botarium.forge.BotariumForge)
[24Aug2025 17:18:36.294] [main/WARN] [mixin/]: @Mixin target earth.terrarium.botarium.forge.BotariumForge was not found create_central_kitchen.mixins.json:common.botarium.BotariumForgeMixin
[24Aug2025 17:18:36.295] [main/WARN] [mixin/]: Error loading class: dan200/computercraft/shared/integration/MoreRedIntegration (java.lang.ClassNotFoundException: dan200.computercraft.shared.integration.MoreRedIntegration)
[24Aug2025 17:18:36.295] [main/WARN] [mixin/]: @Mixin target dan200.computercraft.shared.integration.MoreRedIntegration was not found create_central_kitchen.mixins.json:common.computercraft.MoreRedIntegrationMixin
[24Aug2025 17:18:36.367] [main/WARN] [mixin/]: Error loading class: umpaz/farmersrespite/common/block/CoffeeBushBlock (java.lang.ClassNotFoundException: umpaz.farmersrespite.common.block.CoffeeBushBlock)
[24Aug2025 17:18:36.369] [main/WARN] [mixin/]: @Mixin target umpaz.farmersrespite.common.block.CoffeeBushBlock was not found create_central_kitchen.mixins.json:common.farmersrespite.CoffeeBushBlockMixin
[24Aug2025 17:18:36.370] [main/WARN] [mixin/]: Error loading class: umpaz/farmersrespite/common/block/CoffeeBushTopBlock (java.lang.ClassNotFoundException: umpaz.farmersrespite.common.block.CoffeeBushTopBlock)
[24Aug2025 17:18:36.370] [main/WARN] [mixin/]: @Mixin target umpaz.farmersrespite.common.block.CoffeeBushTopBlock was not found create_central_kitchen.mixins.json:common.farmersrespite.CoffeeBushTopBlockMixin
[24Aug2025 17:18:36.371] [main/WARN] [mixin/]: Error loading class: umpaz/farmersrespite/common/block/CoffeeDoubleStemBlock (java.lang.ClassNotFoundException: umpaz.farmersrespite.common.block.CoffeeDoubleStemBlock)
[24Aug2025 17:18:36.371] [main/WARN] [mixin/]: @Mixin target umpaz.farmersrespite.common.block.CoffeeDoubleStemBlock was not found create_central_kitchen.mixins.json:common.farmersrespite.CoffeeDoubleStemBlockMixin
[24Aug2025 17:18:36.373] [main/WARN] [mixin/]: Error loading class: umpaz/farmersrespite/common/block/CoffeeMiddleStemBlock (java.lang.ClassNotFoundException: umpaz.farmersrespite.common.block.CoffeeMiddleStemBlock)
[24Aug2025 17:18:36.373] [main/WARN] [mixin/]: @Mixin target umpaz.farmersrespite.common.block.CoffeeMiddleStemBlock was not found create_central_kitchen.mixins.json:common.farmersrespite.CoffeeMiddleStemBlockMixin
[24Aug2025 17:18:36.374] [main/WARN] [mixin/]: Error loading class: umpaz/farmersrespite/common/block/CoffeeStemBlock (java.lang.ClassNotFoundException: umpaz.farmersrespite.common.block.CoffeeStemBlock)
[24Aug2025 17:18:36.374] [main/WARN] [mixin/]: @Mixin target umpaz.farmersrespite.common.block.CoffeeStemBlock was not found create_central_kitchen.mixins.json:common.farmersrespite.CoffeeStemBlockMixin
[24Aug2025 17:18:36.375] [main/WARN] [mixin/]: Error loading class: umpaz/farmersrespite/common/block/entity/KettleBlockEntity (java.lang.ClassNotFoundException: umpaz.farmersrespite.common.block.entity.KettleBlockEntity)
[24Aug2025 17:18:36.375] [main/WARN] [mixin/]: @Mixin target umpaz.farmersrespite.common.block.entity.KettleBlockEntity was not found create_central_kitchen.mixins.json:common.farmersrespite.KettleBlockEntityMixin
[24Aug2025 17:18:36.376] [main/WARN] [mixin/]: Error loading class: umpaz/farmersrespite/common/block/SmallTeaBushBlock (java.lang.ClassNotFoundException: umpaz.farmersrespite.common.block.SmallTeaBushBlock)
[24Aug2025 17:18:36.376] [main/WARN] [mixin/]: @Mixin target umpaz.farmersrespite.common.block.SmallTeaBushBlock was not found create_central_kitchen.mixins.json:common.farmersrespite.SmallTeaBushBlockMixin
[24Aug2025 17:18:36.377] [main/WARN] [mixin/]: Error loading class: umpaz/farmersrespite/common/block/TeaBushBlock (java.lang.ClassNotFoundException: umpaz.farmersrespite.common.block.TeaBushBlock)
[24Aug2025 17:18:36.377] [main/WARN] [mixin/]: @Mixin target umpaz.farmersrespite.common.block.TeaBushBlock was not found create_central_kitchen.mixins.json:common.farmersrespite.TeaBushBlockMixin
[24Aug2025 17:18:36.381] [main/WARN] [mixin/]: Error loading class: net/orcinus/overweightfarming/blocks/CropFullBlock (java.lang.ClassNotFoundException: net.orcinus.overweightfarming.blocks.CropFullBlock)
[24Aug2025 17:18:36.381] [main/WARN] [mixin/]: @Mixin target net.orcinus.overweightfarming.blocks.CropFullBlock was not found create_central_kitchen.mixins.json:common.overweightfarming.CropFullBlockMixin
[24Aug2025 17:18:36.620] [main/WARN] [mixin/]: Error loading class: net/minecraft/client/renderer/MultiBufferSource$BufferSource (java.lang.ClassNotFoundException: net.minecraft.client.renderer.MultiBufferSource$BufferSource)
[24Aug2025 17:18:36.661] [main/INFO] [MixinExtras|Service/]: Initializing MixinExtras via com.llamalad7.mixinextras.service.MixinExtrasServiceImpl(version=0.4.1).
[24Aug2025 17:18:38.331] [main/INFO] [net.minecraftforge.coremod.CoreMod.placebo/COREMODLOG]: Patching IForgeItemStack#getEnchantmentLevel
[24Aug2025 17:18:38.332] [main/INFO] [net.minecraftforge.coremod.CoreMod.placebo/COREMODLOG]: Patching IForgeItemStack#getEnchantmentLevel
[24Aug2025 17:18:39.761] [main/INFO] [net.minecraftforge.coremod.CoreMod.placebo/COREMODLOG]: Patching IForgeItemStack#getEnchantmentLevel
[24Aug2025 17:18:39.761] [main/INFO] [net.minecraftforge.coremod.CoreMod.placebo/COREMODLOG]: Patching IForgeItemStack#getEnchantmentLevel
[24Aug2025 17:18:41.660] [main/WARN] [mixin/]: @Inject(@At("INVOKE_ASSIGN")) Shift.BY=2 on refurbished_furniture.common.mixins.json:LevelChunkMixin::handler$zfh000$refurbishedFurniture$AfterRemoveBlockEntity exceeds the maximum allowed value: 0. Increase the value of maxShiftBy to suppress this warning.
[24Aug2025 17:18:43.080] [modloading-worker-0/INFO] [de.keksuccino.konkrete.Konkrete/]: [KONKRETE] Successfully initialized!
[24Aug2025 17:18:43.080] [modloading-worker-0/INFO] [de.keksuccino.konkrete.Konkrete/]: [KONKRETE] Server-side libs ready to use!
[24Aug2025 17:18:43.118] [modloading-worker-0/INFO] [de.keksuccino.melody.Melody/]: [MELODY] Disabling Melody since it's loaded server-side.
[24Aug2025 17:18:43.245] [modloading-worker-0/INFO] [ewewukek.musketmod.MusketMod/]: Configuration has been loaded
[24Aug2025 17:18:43.343] [modloading-worker-0/INFO] [Collective/]: Loading Collective version 8.3.
[24Aug2025 17:18:43.784] [modloading-worker-0/INFO] [dev.architectury.networking.forge.NetworkManagerImpl/]: Registering C2S receiver with id architectury:sync_ids
[24Aug2025 17:18:43.794] [modloading-worker-0/INFO] [dev.architectury.networking.forge.NetworkManagerImpl/]: Registering C2S receiver with id ftblibrary:edit_nbt_response
[24Aug2025 17:18:43.818] [modloading-worker-0/INFO] [dev.architectury.networking.forge.NetworkManagerImpl/]: Registering C2S receiver with id ftbteams:open_gui
[24Aug2025 17:18:43.865] [modloading-worker-0/INFO] [dev.architectury.networking.forge.NetworkManagerImpl/]: Registering C2S receiver with id ftbteams:update_settings
[24Aug2025 17:18:43.883] [modloading-worker-0/INFO] [snownee.kiwi.Kiwi/INIT]: Processing 5 KiwiModule annotations
[24Aug2025 17:18:43.888] [modloading-worker-0/INFO] [dev.architectury.networking.forge.NetworkManagerImpl/]: Registering C2S receiver with id ftbteams:send_message
[24Aug2025 17:18:43.915] [modloading-worker-0/INFO] [dev.architectury.networking.forge.NetworkManagerImpl/]: Registering C2S receiver with id ftbteams:create_party
[24Aug2025 17:18:43.919] [modloading-worker-0/INFO] [com.leclowndu93150.corpsecurioscompat.Main/]: Hello from Corpse Curios Compat!
[24Aug2025 17:18:43.928] [modloading-worker-0/INFO] [dev.architectury.networking.forge.NetworkManagerImpl/]: Registering C2S receiver with id ftbteams:player_gui_operation
[24Aug2025 17:18:44.104] [modloading-worker-0/INFO] [net.minecraftforge.common.ForgeMod/FORGEMOD]: Forge mod loading, version 47.4.0, for MC 1.20.1 with MCP 20230612.114412
[24Aug2025 17:18:44.105] [modloading-worker-0/INFO] [net.minecraftforge.common.MinecraftForge/FORGE]: MinecraftForge v47.4.0 Initialized
[24Aug2025 17:18:44.570] [modloading-worker-0/INFO] [azurelib/FileWatching]: Registered azurelib config for auto-sync function
[24Aug2025 17:18:44.924] [modloading-worker-0/INFO] [com.simibubi.create.Create/]: Create 6.0.4 initializing! Commit hash: 254bb816aee1c056c74b2ad4beb88222a499da78
[24Aug2025 17:18:45.197] [modloading-worker-0/INFO] [Lexiconfig/]: Beginning lexicon shelving!
[24Aug2025 17:18:45.265] [modloading-worker-0/INFO] [Lexiconfig/]: Shelved lexicon com.codinglitch.lexiconfig.LexiconfigConfig@5eca3374!
[24Aug2025 17:18:45.330] [modloading-worker-0/INFO] [dev.architectury.networking.forge.NetworkManagerImpl/]: Registering C2S receiver with id ftbquests:submit_task
[24Aug2025 17:18:45.336] [modloading-worker-0/INFO] [com.almostreliable.kubeio.ModInitializer/]: Loading EnderIO integration for KubeJS
[24Aug2025 17:18:45.342] [modloading-worker-0/INFO] [dev.architectury.networking.forge.NetworkManagerImpl/]: Registering C2S receiver with id ftbquests:claim_reward
[24Aug2025 17:18:45.351] [modloading-worker-0/INFO] [Lexiconfig/]: Shelved lexicon com.codinglitch.simpleradio.SimpleRadioServerConfig@4cb4c58b!
[24Aug2025 17:18:45.351] [modloading-worker-0/INFO] [Lexiconfig/]: Shelved lexicon com.codinglitch.simpleradio.SimpleRadioClientConfig@74178f5e!
[24Aug2025 17:18:45.366] [modloading-worker-0/INFO] [dev.architectury.networking.forge.NetworkManagerImpl/]: Registering C2S receiver with id ftbquests:get_emergency_items
[24Aug2025 17:18:45.387] [modloading-worker-0/INFO] [dev.architectury.networking.forge.NetworkManagerImpl/]: Registering C2S receiver with id ftbquests:claim_all_rewards
[24Aug2025 17:18:45.407] [modloading-worker-0/INFO] [dev.architectury.networking.forge.NetworkManagerImpl/]: Registering C2S receiver with id ftbquests:claim_choice_reward
[24Aug2025 17:18:45.440] [modloading-worker-0/INFO] [dev.architectury.networking.forge.NetworkManagerImpl/]: Registering C2S receiver with id ftbquests:toggle_pinned
[24Aug2025 17:18:45.452] [modloading-worker-0/INFO] [dev.architectury.networking.forge.NetworkManagerImpl/]: Registering C2S receiver with id ftbquests:toggle_chapter_pinned
[24Aug2025 17:18:45.463] [modloading-worker-0/INFO] [dev.architectury.networking.forge.NetworkManagerImpl/]: Registering C2S receiver with id ftbquests:toggle_editing_mode
[24Aug2025 17:18:45.470] [modloading-worker-0/INFO] [dev.architectury.networking.forge.NetworkManagerImpl/]: Registering C2S receiver with id ftbquests:force_save
[24Aug2025 17:18:45.485] [modloading-worker-0/INFO] [dev.architectury.networking.forge.NetworkManagerImpl/]: Registering C2S receiver with id ftbquests:set_custom_image
[24Aug2025 17:18:45.531] [modloading-worker-0/INFO] [de.keksuccino.fancymenu.FancyMenu/]: [FANCYMENU] Loading v3.6.4 in server-side mode on FORGE!
[24Aug2025 17:18:45.551] [modloading-worker-0/INFO] [KubeJS/]: Loaded common.properties
[24Aug2025 17:18:45.553] [modloading-worker-0/INFO] [KubeJS/]: Loaded dev.properties
[24Aug2025 17:18:45.580] [modloading-worker-0/INFO] [dev.architectury.networking.forge.NetworkManagerImpl/]: Registering C2S receiver with id ftbquests:task_screen_config_resp
[24Aug2025 17:18:45.588] [modloading-worker-0/INFO] [KubeJS/]: Looking for KubeJS plugins...
[24Aug2025 17:18:45.596] [modloading-worker-0/INFO] [dev.architectury.networking.forge.NetworkManagerImpl/]: Registering C2S receiver with id ftbquests:change_progress
[24Aug2025 17:18:45.605] [modloading-worker-0/INFO] [dev.architectury.networking.forge.NetworkManagerImpl/]: Registering C2S receiver with id ftbquests:create_object
[24Aug2025 17:18:45.614] [modloading-worker-0/INFO] [KubeJS/]: Found plugin source kubejs
[24Aug2025 17:18:45.616] [modloading-worker-0/WARN] [Visuality/]: Visuality is installed on a dedicated server, skip loading...
[24Aug2025 17:18:45.622] [modloading-worker-0/INFO] [dev.architectury.networking.forge.NetworkManagerImpl/]: Registering C2S receiver with id ftbquests:create_task_at
[24Aug2025 17:18:45.631] [modloading-worker-0/INFO] [dev.architectury.networking.forge.NetworkManagerImpl/]: Registering C2S receiver with id ftbquests:delete_object
[24Aug2025 17:18:45.648] [modloading-worker-0/WARN] [KubeJS/]: Plugin dev.latvian.mods.kubejs.forge.BuiltinKubeJSForgeClientPlugin does not load on server side, skipping
[24Aug2025 17:18:45.649] [modloading-worker-0/WARN] [KubeJS/]: Plugin dev.latvian.mods.kubejs.integration.forge.gamestages.GameStagesIntegration does not have required mod gamestages loaded, skipping
[24Aug2025 17:18:45.649] [modloading-worker-0/INFO] [dev.architectury.networking.forge.NetworkManagerImpl/]: Registering C2S receiver with id ftbquests:edit_object
[24Aug2025 17:18:45.649] [modloading-worker-0/INFO] [KubeJS/]: Found plugin source kubejs_mekanism
[24Aug2025 17:18:45.665] [modloading-worker-0/INFO] [dev.architectury.networking.forge.NetworkManagerImpl/]: Registering C2S receiver with id ftbquests:move_chapter
[24Aug2025 17:18:45.680] [modloading-worker-0/INFO] [dev.architectury.networking.forge.NetworkManagerImpl/]: Registering C2S receiver with id ftbquests:move_quest
[24Aug2025 17:18:45.706] [modloading-worker-0/INFO] [dev.architectury.networking.forge.NetworkManagerImpl/]: Registering C2S receiver with id ftbquests:change_chapter_group
[24Aug2025 17:18:45.728] [modloading-worker-0/INFO] [dev.architectury.networking.forge.NetworkManagerImpl/]: Registering C2S receiver with id ftbquests:move_chapter_group
[24Aug2025 17:18:45.764] [modloading-worker-0/INFO] [dev.architectury.networking.forge.NetworkManagerImpl/]: Registering C2S receiver with id ftbquests:copy_quest
[24Aug2025 17:18:45.778] [modloading-worker-0/INFO] [dev.architectury.networking.forge.NetworkManagerImpl/]: Registering C2S receiver with id ftbquests:copy_chapter_image
[24Aug2025 17:18:45.785] [modloading-worker-0/INFO] [dev.architectury.networking.forge.NetworkManagerImpl/]: Registering C2S receiver with id ftbquests:sync_structures_request
[24Aug2025 17:18:45.806] [modloading-worker-0/INFO] [dev.architectury.networking.forge.NetworkManagerImpl/]: Registering C2S receiver with id ftbquests:request_team_data
[24Aug2025 17:18:45.982] [modloading-worker-0/INFO] [KubeJS/]: Found plugin source kubejs_enderio
[24Aug2025 17:18:45.989] [modloading-worker-0/INFO] [KubeJS/]: Found plugin source exposure
[24Aug2025 17:18:45.996] [modloading-worker-0/INFO] [KubeJS/]: Found plugin source ftbxmodcompat
[24Aug2025 17:18:46.007] [modloading-worker-0/WARN] [KubeJS/]: Plugin dev.ftb.mods.ftbxmodcompat.ftbchunks.kubejs.FTBChunksKubeJSPlugin does not have required mod ftbchunks loaded, skipping
[24Aug2025 17:18:46.012] [modloading-worker-0/WARN] [KubeJS/]: Plugin dev.ftb.mods.ftbxmodcompat.ftbfiltersystem.kubejs.FFSKubeJSPlugin does not have required mod ftbfiltersystem loaded, skipping
[24Aug2025 17:18:46.013] [modloading-worker-0/INFO] [KubeJS/]: Found plugin source kubejsdelight
[24Aug2025 17:18:46.019] [modloading-worker-0/INFO] [KubeJS/]: Found plugin source lootjs
[24Aug2025 17:18:46.029] [modloading-worker-0/INFO] [KubeJS/]: Found plugin source sdrp
[24Aug2025 17:18:46.140] [modloading-worker-0/INFO] [KubeJS/]: Found plugin source kubejs_thermal
[24Aug2025 17:18:46.154] [modloading-worker-0/INFO] [KubeJS/]: Found plugin source kubejs_botania
[24Aug2025 17:18:46.157] [modloading-worker-0/INFO] [KubeJS/]: Found plugin source kubejs_create
[24Aug2025 17:18:46.481] [modloading-worker-0/INFO] [KubeJS/]: Found plugin source lychee
[24Aug2025 17:18:46.490] [modloading-worker-0/INFO] [KubeJS/]: Done in 900.1 ms
[24Aug2025 17:18:46.816] [modloading-worker-0/INFO] [FTB XMod Compat/]: [FTB Quests] Enabled KubeJS integration
[24Aug2025 17:18:46.848] [modloading-worker-0/INFO] [snownee.lychee.Lychee/]: LycheeKubeJSPlugin is there!
[24Aug2025 17:18:47.068] [modloading-worker-0/INFO] [Rhino Script Remapper/]: Loading Rhino Minecraft remapper...
[24Aug2025 17:18:47.074] [modloading-worker-0/INFO] [dev.latvian.mods.rhino.mod.util.RhinoProperties/]: Rhino properties loaded.
[24Aug2025 17:18:47.079] [modloading-worker-0/INFO] [Rhino Script Remapper/]: Loading mappings for 1.20.1
[24Aug2025 17:18:47.213] [modloading-worker-0/INFO] [Rhino Script Remapper/]: Done in 0.145 s
[24Aug2025 17:18:47.290] [modloading-worker-0/INFO] [thedarkcolour.kotlinforforge.test.KotlinForForge/]: Kotlin For Forge Enabled!
[24Aug2025 17:18:47.841] [modloading-worker-0/INFO] [KubeJS/]: Added bindings for script type STARTUP from mod 'almostunified': [AlmostUnified]
[24Aug2025 17:18:48.021] [modloading-worker-0/INFO] [KubeJS Startup/]: Loaded script startup_scripts:block_modification.js in 0.172 s
[24Aug2025 17:18:48.022] [modloading-worker-0/INFO] [KubeJS Startup/]: Loaded script startup_scripts:emissive_textures.js in 0.0 s
[24Aug2025 17:18:48.024] [modloading-worker-0/INFO] [KubeJS Startup/]: Loaded script startup_scripts:environment.js in 0.001 s
[24Aug2025 17:18:48.024] [modloading-worker-0/INFO] [KubeJS Startup/]: example.js#5: Hello, World! (Loaded startup scripts)
[24Aug2025 17:18:48.026] [modloading-worker-0/INFO] [KubeJS Startup/]: Loaded script startup_scripts:example.js in 0.0 s
[24Aug2025 17:18:48.053] [modloading-worker-0/INFO] [KubeJS Startup/]: Loaded script startup_scripts:init.js in 0.026 s
[24Aug2025 17:18:48.061] [modloading-worker-0/INFO] [KubeJS Startup/]: Loaded 5/5 KubeJS startup scripts in 0.84 s with 0 errors and 0 warnings
[24Aug2025 17:18:48.174] [modloading-worker-0/WARN] [KubeJS Startup/]: init.js#13: blockBuilder.material(string) is no longer supported! Use .soundType(SoundType) and .mapColor(MapColor) instead!
[24Aug2025 17:18:48.177] [modloading-worker-0/WARN] [KubeJS Startup/]: init.js#13: blockBuilder.material(string) is no longer supported! Use .soundType(SoundType) and .mapColor(MapColor) instead!
[24Aug2025 17:18:48.177] [modloading-worker-0/WARN] [KubeJS Startup/]: init.js#13: blockBuilder.material(string) is no longer supported! Use .soundType(SoundType) and .mapColor(MapColor) instead!
[24Aug2025 17:18:48.177] [modloading-worker-0/WARN] [KubeJS Startup/]: init.js#13: blockBuilder.material(string) is no longer supported! Use .soundType(SoundType) and .mapColor(MapColor) instead!
[24Aug2025 17:18:48.178] [modloading-worker-0/WARN] [KubeJS Startup/]: init.js#13: blockBuilder.material(string) is no longer supported! Use .soundType(SoundType) and .mapColor(MapColor) instead!
[24Aug2025 17:18:48.178] [modloading-worker-0/WARN] [KubeJS Startup/]: init.js#13: blockBuilder.material(string) is no longer supported! Use .soundType(SoundType) and .mapColor(MapColor) instead!
[24Aug2025 17:18:48.179] [modloading-worker-0/WARN] [KubeJS Startup/]: init.js#13: blockBuilder.material(string) is no longer supported! Use .soundType(SoundType) and .mapColor(MapColor) instead!
[24Aug2025 17:18:48.179] [modloading-worker-0/WARN] [KubeJS Startup/]: init.js#32: blockBuilder.material(string) is no longer supported! Use .soundType(SoundType) and .mapColor(MapColor) instead!
[24Aug2025 17:18:48.180] [modloading-worker-0/WARN] [KubeJS Startup/]: init.js#40: blockBuilder.material(string) is no longer supported! Use .soundType(SoundType) and .mapColor(MapColor) instead!
[24Aug2025 17:18:48.182] [modloading-worker-0/WARN] [KubeJS Startup/]: init.js#47: blockBuilder.material(string) is no longer supported! Use .soundType(SoundType) and .mapColor(MapColor) instead!
[24Aug2025 17:18:48.182] [modloading-worker-0/WARN] [KubeJS Startup/]: init.js#54: blockBuilder.material(string) is no longer supported! Use .soundType(SoundType) and .mapColor(MapColor) instead!
[24Aug2025 17:18:48.182] [modloading-worker-0/WARN] [KubeJS Startup/]: init.js#62: blockBuilder.material(string) is no longer supported! Use .soundType(SoundType) and .mapColor(MapColor) instead!
[24Aug2025 17:18:48.187] [modloading-worker-0/WARN] [KubeJS Startup/]: init.js#79: blockBuilder.material(string) is no longer supported! Use .soundType(SoundType) and .mapColor(MapColor) instead!
[24Aug2025 17:18:48.187] [modloading-worker-0/WARN] [KubeJS Startup/]: init.js#88: blockBuilder.material(string) is no longer supported! Use .soundType(SoundType) and .mapColor(MapColor) instead!
[24Aug2025 17:18:48.187] [modloading-worker-0/WARN] [KubeJS Startup/]: init.js#94: blockBuilder.material(string) is no longer supported! Use .soundType(SoundType) and .mapColor(MapColor) instead!
[24Aug2025 17:18:48.188] [modloading-worker-0/WARN] [KubeJS Startup/]: init.js#100: blockBuilder.material(string) is no longer supported! Use .soundType(SoundType) and .mapColor(MapColor) instead!
[24Aug2025 17:18:48.189] [modloading-worker-0/WARN] [KubeJS Startup/]: init.js#106: blockBuilder.material(string) is no longer supported! Use .soundType(SoundType) and .mapColor(MapColor) instead!
[24Aug2025 17:18:48.189] [modloading-worker-0/WARN] [KubeJS Startup/]: init.js#115: blockBuilder.material(string) is no longer supported! Use .soundType(SoundType) and .mapColor(MapColor) instead!
[24Aug2025 17:18:48.190] [modloading-worker-0/WARN] [KubeJS Startup/]: init.js#121: blockBuilder.material(string) is no longer supported! Use .soundType(SoundType) and .mapColor(MapColor) instead!
[24Aug2025 17:18:48.190] [modloading-worker-0/WARN] [KubeJS Startup/]: init.js#127: blockBuilder.material(string) is no longer supported! Use .soundType(SoundType) and .mapColor(MapColor) instead!
[24Aug2025 17:18:48.192] [modloading-worker-0/WARN] [KubeJS Startup/]: init.js#154: blockBuilder.material(string) is no longer supported! Use .soundType(SoundType) and .mapColor(MapColor) instead!
[24Aug2025 17:18:48.192] [modloading-worker-0/WARN] [KubeJS Startup/]: init.js#160: blockBuilder.material(string) is no longer supported! Use .soundType(SoundType) and .mapColor(MapColor) instead!
[24Aug2025 17:18:48.192] [modloading-worker-0/WARN] [KubeJS Startup/]: init.js#170: blockBuilder.material(string) is no longer supported! Use .soundType(SoundType) and .mapColor(MapColor) instead!
[24Aug2025 17:18:48.196] [modloading-worker-0/WARN] [KubeJS Startup/]: init.js#176: blockBuilder.material(string) is no longer supported! Use .soundType(SoundType) and .mapColor(MapColor) instead!
[24Aug2025 17:18:48.196] [modloading-worker-0/WARN] [KubeJS Startup/]: init.js#183: blockBuilder.material(string) is no longer supported! Use .soundType(SoundType) and .mapColor(MapColor) instead!
[24Aug2025 17:18:48.196] [modloading-worker-0/WARN] [KubeJS Startup/]: init.js#190: blockBuilder.material(string) is no longer supported! Use .soundType(SoundType) and .mapColor(MapColor) instead!
[24Aug2025 17:18:48.197] [modloading-worker-0/WARN] [KubeJS Startup/]: init.js#196: blockBuilder.material(string) is no longer supported! Use .soundType(SoundType) and .mapColor(MapColor) instead!
[24Aug2025 17:18:48.198] [modloading-worker-0/WARN] [KubeJS Startup/]: init.js#202: blockBuilder.material(string) is no longer supported! Use .soundType(SoundType) and .mapColor(MapColor) instead!
[24Aug2025 17:18:48.200] [modloading-worker-0/WARN] [KubeJS Startup/]: init.js#207: blockBuilder.material(string) is no longer supported! Use .soundType(SoundType) and .mapColor(MapColor) instead!
[24Aug2025 17:18:48.200] [modloading-worker-0/WARN] [KubeJS Startup/]: init.js#215: blockBuilder.material(string) is no longer supported! Use .soundType(SoundType) and .mapColor(MapColor) instead!
[24Aug2025 17:18:48.200] [modloading-worker-0/WARN] [KubeJS Startup/]: init.js#224: blockBuilder.material(string) is no longer supported! Use .soundType(SoundType) and .mapColor(MapColor) instead!
[24Aug2025 17:18:48.200] [modloading-worker-0/WARN] [KubeJS Startup/]: init.js#233: blockBuilder.material(string) is no longer supported! Use .soundType(SoundType) and .mapColor(MapColor) instead!
[24Aug2025 17:18:48.201] [modloading-worker-0/WARN] [KubeJS Startup/]: init.js#242: blockBuilder.material(string) is no longer supported! Use .soundType(SoundType) and .mapColor(MapColor) instead!
[24Aug2025 17:18:48.202] [modloading-worker-0/WARN] [KubeJS Startup/]: init.js#248: blockBuilder.material(string) is no longer supported! Use .soundType(SoundType) and .mapColor(MapColor) instead!
[24Aug2025 17:18:48.202] [modloading-worker-0/WARN] [KubeJS Startup/]: init.js#256: blockBuilder.material(string) is no longer supported! Use .soundType(SoundType) and .mapColor(MapColor) instead!
[24Aug2025 17:18:48.202] [modloading-worker-0/WARN] [KubeJS Startup/]: init.js#265: blockBuilder.material(string) is no longer supported! Use .soundType(SoundType) and .mapColor(MapColor) instead!
[24Aug2025 17:18:48.203] [modloading-worker-0/WARN] [KubeJS Startup/]: init.js#271: blockBuilder.material(string) is no longer supported! Use .soundType(SoundType) and .mapColor(MapColor) instead!
[24Aug2025 17:18:48.203] [modloading-worker-0/WARN] [KubeJS Startup/]: init.js#277: blockBuilder.material(string) is no longer supported! Use .soundType(SoundType) and .mapColor(MapColor) instead!
[24Aug2025 17:18:48.203] [modloading-worker-0/WARN] [KubeJS Startup/]: init.js#283: blockBuilder.material(string) is no longer supported! Use .soundType(SoundType) and .mapColor(MapColor) instead!
[24Aug2025 17:18:48.204] [modloading-worker-0/WARN] [KubeJS Startup/]: init.js#293: blockBuilder.material(string) is no longer supported! Use .soundType(SoundType) and .mapColor(MapColor) instead!
[24Aug2025 17:18:48.204] [modloading-worker-0/WARN] [KubeJS Startup/]: init.js#309: blockBuilder.material(string) is no longer supported! Use .soundType(SoundType) and .mapColor(MapColor) instead!
[24Aug2025 17:18:48.204] [modloading-worker-0/WARN] [KubeJS Startup/]: init.js#319: blockBuilder.material(string) is no longer supported! Use .soundType(SoundType) and .mapColor(MapColor) instead!
[24Aug2025 17:18:48.204] [modloading-worker-0/WARN] [KubeJS Startup/]: init.js#325: blockBuilder.material(string) is no longer supported! Use .soundType(SoundType) and .mapColor(MapColor) instead!
[24Aug2025 17:18:48.204] [modloading-worker-0/WARN] [KubeJS Startup/]: init.js#331: blockBuilder.material(string) is no longer supported! Use .soundType(SoundType) and .mapColor(MapColor) instead!
[24Aug2025 17:18:48.204] [modloading-worker-0/WARN] [KubeJS Startup/]: init.js#337: blockBuilder.material(string) is no longer supported! Use .soundType(SoundType) and .mapColor(MapColor) instead!
[24Aug2025 17:18:48.204] [modloading-worker-0/WARN] [KubeJS Startup/]: init.js#350: blockBuilder.material(string) is no longer supported! Use .soundType(SoundType) and .mapColor(MapColor) instead!
[24Aug2025 17:18:48.212] [modloading-worker-0/WARN] [KubeJS Startup/]: init.js#388: blockBuilder.material(string) is no longer supported! Use .soundType(SoundType) and .mapColor(MapColor) instead!
[24Aug2025 17:18:48.214] [modloading-worker-0/WARN] [KubeJS Startup/]: init.js#429: blockBuilder.material(string) is no longer supported! Use .soundType(SoundType) and .mapColor(MapColor) instead!
[24Aug2025 17:18:48.214] [modloading-worker-0/WARN] [KubeJS Startup/]: init.js#485: blockBuilder.material(string) is no longer supported! Use .soundType(SoundType) and .mapColor(MapColor) instead!
[24Aug2025 17:18:48.222] [modloading-worker-0/WARN] [KubeJS Startup/]: init.js#485: blockBuilder.material(string) is no longer supported! Use .soundType(SoundType) and .mapColor(MapColor) instead!
[24Aug2025 17:18:48.223] [modloading-worker-0/WARN] [KubeJS Startup/]: init.js#485: blockBuilder.material(string) is no longer supported! Use .soundType(SoundType) and .mapColor(MapColor) instead!
[24Aug2025 17:18:48.224] [modloading-worker-0/WARN] [KubeJS Startup/]: init.js#485: blockBuilder.material(string) is no longer supported! Use .soundType(SoundType) and .mapColor(MapColor) instead!
[24Aug2025 17:18:48.224] [modloading-worker-0/WARN] [KubeJS Startup/]: init.js#485: blockBuilder.material(string) is no longer supported! Use .soundType(SoundType) and .mapColor(MapColor) instead!
[24Aug2025 17:18:48.225] [modloading-worker-0/WARN] [KubeJS Startup/]: init.js#485: blockBuilder.material(string) is no longer supported! Use .soundType(SoundType) and .mapColor(MapColor) instead!
[24Aug2025 17:18:48.225] [modloading-worker-0/WARN] [KubeJS Startup/]: init.js#485: blockBuilder.material(string) is no longer supported! Use .soundType(SoundType) and .mapColor(MapColor) instead!
[24Aug2025 17:18:48.226] [modloading-worker-0/WARN] [KubeJS Startup/]: init.js#485: blockBuilder.material(string) is no longer supported! Use .soundType(SoundType) and .mapColor(MapColor) instead!
[24Aug2025 17:18:48.226] [modloading-worker-0/WARN] [KubeJS Startup/]: init.js#485: blockBuilder.material(string) is no longer supported! Use .soundType(SoundType) and .mapColor(MapColor) instead!
[24Aug2025 17:18:48.228] [modloading-worker-0/WARN] [KubeJS Startup/]: init.js#485: blockBuilder.material(string) is no longer supported! Use .soundType(SoundType) and .mapColor(MapColor) instead!
[24Aug2025 17:18:48.229] [modloading-worker-0/WARN] [KubeJS Startup/]: init.js#485: blockBuilder.material(string) is no longer supported! Use .soundType(SoundType) and .mapColor(MapColor) instead!
[24Aug2025 17:18:48.229] [modloading-worker-0/WARN] [KubeJS Startup/]: init.js#485: blockBuilder.material(string) is no longer supported! Use .soundType(SoundType) and .mapColor(MapColor) instead!
[24Aug2025 17:18:48.230] [modloading-worker-0/WARN] [KubeJS Startup/]: init.js#485: blockBuilder.material(string) is no longer supported! Use .soundType(SoundType) and .mapColor(MapColor) instead!
[24Aug2025 17:18:48.231] [modloading-worker-0/WARN] [KubeJS Startup/]: init.js#485: blockBuilder.material(string) is no longer supported! Use .soundType(SoundType) and .mapColor(MapColor) instead!
[24Aug2025 17:18:48.231] [modloading-worker-0/WARN] [KubeJS Startup/]: init.js#485: blockBuilder.material(string) is no longer supported! Use .soundType(SoundType) and .mapColor(MapColor) instead!
[24Aug2025 17:18:48.231] [modloading-worker-0/WARN] [KubeJS Startup/]: init.js#485: blockBuilder.material(string) is no longer supported! Use .soundType(SoundType) and .mapColor(MapColor) instead!
[24Aug2025 17:18:48.232] [modloading-worker-0/WARN] [KubeJS Startup/]: init.js#485: blockBuilder.material(string) is no longer supported! Use .soundType(SoundType) and .mapColor(MapColor) instead!
[24Aug2025 17:18:48.232] [modloading-worker-0/WARN] [KubeJS Startup/]: init.js#485: blockBuilder.material(string) is no longer supported! Use .soundType(SoundType) and .mapColor(MapColor) instead!
[24Aug2025 17:18:48.233] [modloading-worker-0/WARN] [KubeJS Startup/]: init.js#485: blockBuilder.material(string) is no longer supported! Use .soundType(SoundType) and .mapColor(MapColor) instead!
[24Aug2025 17:18:48.235] [modloading-worker-0/WARN] [KubeJS Startup/]: init.js#485: blockBuilder.material(string) is no longer supported! Use .soundType(SoundType) and .mapColor(MapColor) instead!
[24Aug2025 17:18:48.235] [modloading-worker-0/WARN] [KubeJS Startup/]: init.js#485: blockBuilder.material(string) is no longer supported! Use .soundType(SoundType) and .mapColor(MapColor) instead!
[24Aug2025 17:18:48.236] [modloading-worker-0/WARN] [KubeJS Startup/]: init.js#485: blockBuilder.material(string) is no longer supported! Use .soundType(SoundType) and .mapColor(MapColor) instead!
[24Aug2025 17:18:48.236] [modloading-worker-0/WARN] [KubeJS Startup/]: init.js#485: blockBuilder.material(string) is no longer supported! Use .soundType(SoundType) and .mapColor(MapColor) instead!
[24Aug2025 17:18:48.237] [modloading-worker-0/WARN] [KubeJS Startup/]: init.js#546: blockBuilder.material(string) is no longer supported! Use .soundType(SoundType) and .mapColor(MapColor) instead!
[24Aug2025 17:18:48.238] [modloading-worker-0/WARN] [KubeJS Startup/]: init.js#551: blockBuilder.material(string) is no longer supported! Use .soundType(SoundType) and .mapColor(MapColor) instead!
[24Aug2025 17:18:48.238] [modloading-worker-0/WARN] [KubeJS Startup/]: init.js#560: blockBuilder.material(string) is no longer supported! Use .soundType(SoundType) and .mapColor(MapColor) instead!
[24Aug2025 17:18:48.238] [modloading-worker-0/WARN] [KubeJS Startup/]: init.js#567: blockBuilder.material(string) is no longer supported! Use .soundType(SoundType) and .mapColor(MapColor) instead!
[24Aug2025 17:18:48.238] [modloading-worker-0/WARN] [KubeJS Startup/]: init.js#574: blockBuilder.material(string) is no longer supported! Use .soundType(SoundType) and .mapColor(MapColor) instead!
[24Aug2025 17:18:48.238] [modloading-worker-0/WARN] [KubeJS Startup/]: init.js#584: blockBuilder.material(string) is no longer supported! Use .soundType(SoundType) and .mapColor(MapColor) instead!
[24Aug2025 17:18:48.238] [modloading-worker-0/WARN] [KubeJS Startup/]: init.js#605: blockBuilder.material(string) is no longer supported! Use .soundType(SoundType) and .mapColor(MapColor) instead!
[24Aug2025 17:18:48.240] [modloading-worker-0/WARN] [KubeJS Startup/]: init.js#623: blockBuilder.material(string) is no longer supported! Use .soundType(SoundType) and .mapColor(MapColor) instead!
[24Aug2025 17:18:48.240] [modloading-worker-0/WARN] [KubeJS Startup/]: init.js#636: blockBuilder.material(string) is no longer supported! Use .soundType(SoundType) and .mapColor(MapColor) instead!
[24Aug2025 17:18:48.242] [modloading-worker-0/WARN] [KubeJS Startup/]: init.js#649: blockBuilder.material(string) is no longer supported! Use .soundType(SoundType) and .mapColor(MapColor) instead!
[24Aug2025 17:18:48.242] [modloading-worker-0/WARN] [KubeJS Startup/]: init.js#664: blockBuilder.material(string) is no longer supported! Use .soundType(SoundType) and .mapColor(MapColor) instead!
[24Aug2025 17:18:48.243] [modloading-worker-0/WARN] [KubeJS Startup/]: init.js#686: blockBuilder.material(string) is no longer supported! Use .soundType(SoundType) and .mapColor(MapColor) instead!
[24Aug2025 17:18:48.243] [modloading-worker-0/WARN] [KubeJS Startup/]: init.js#719: blockBuilder.material(string) is no longer supported! Use .soundType(SoundType) and .mapColor(MapColor) instead!
[24Aug2025 17:18:48.244] [modloading-worker-0/WARN] [KubeJS Startup/]: init.js#756: blockBuilder.material(string) is no longer supported! Use .soundType(SoundType) and .mapColor(MapColor) instead!
[24Aug2025 17:18:48.244] [modloading-worker-0/WARN] [KubeJS Startup/]: init.js#763: blockBuilder.material(string) is no longer supported! Use .soundType(SoundType) and .mapColor(MapColor) instead!
[24Aug2025 17:18:48.244] [modloading-worker-0/WARN] [KubeJS Startup/]: init.js#769: blockBuilder.material(string) is no longer supported! Use .soundType(SoundType) and .mapColor(MapColor) instead!
[24Aug2025 17:18:48.244] [modloading-worker-0/WARN] [KubeJS Startup/]: init.js#775: blockBuilder.material(string) is no longer supported! Use .soundType(SoundType) and .mapColor(MapColor) instead!
[24Aug2025 17:18:48.244] [modloading-worker-0/WARN] [KubeJS Startup/]: init.js#781: blockBuilder.material(string) is no longer supported! Use .soundType(SoundType) and .mapColor(MapColor) instead!
[24Aug2025 17:18:48.244] [modloading-worker-0/WARN] [KubeJS Startup/]: init.js#788: blockBuilder.material(string) is no longer supported! Use .soundType(SoundType) and .mapColor(MapColor) instead!
[24Aug2025 17:18:49.020] [modloading-worker-0/INFO] [dev.architectury.networking.forge.NetworkManagerImpl/]: Registering C2S receiver with id kubejs:send_data_from_client
[24Aug2025 17:18:49.023] [modloading-worker-0/INFO] [dev.architectury.networking.forge.NetworkManagerImpl/]: Registering C2S receiver with id kubejs:first_click
[24Aug2025 17:18:49.286] [main/INFO] [snownee.kiwi.Kiwi/INIT]: Module [kiwi:block_templates] initialized
[24Aug2025 17:18:49.287] [main/INFO] [snownee.kiwi.Kiwi/INIT]: Module [kiwi:block_components] initialized
[24Aug2025 17:18:49.289] [main/INFO] [snownee.kiwi.Kiwi/INIT]: Module [kiwi:data] initialized
[24Aug2025 17:18:49.289] [main/INFO] [snownee.kiwi.Kiwi/INIT]: 		recipe_serializer: 3
[24Aug2025 17:18:49.289] [main/INFO] [snownee.kiwi.Kiwi/INIT]: Module [kiwi:item_templates] initialized
[24Aug2025 17:18:51.891] [main/INFO] [Moonlight/]: Initialized block sets in 21ms
[24Aug2025 17:18:53.703] [modloading-worker-0/INFO] [blueduck.dustrial.dustrialdecor.DustrialDecorMod/]: HELLO FROM PREINIT
[24Aug2025 17:18:53.704] [modloading-worker-0/INFO] [thetadev.constructionwand.ConstructionWand/]: ConstructionWand says hello - may the odds be ever in your favor.
[24Aug2025 17:18:53.731] [modloading-worker-0/INFO] [FTB Library/]: Setting game stages provider implementation to: KubeJS Stages
[24Aug2025 17:18:53.731] [modloading-worker-0/INFO] [FTB XMod Compat/]: Chose [KubeJS Stages] as the active game stages implementation
[24Aug2025 17:18:53.748] [modloading-worker-0/INFO] [FTB XMod Compat/]: Chose [FALLBACK] as the active permissions implementation
[24Aug2025 17:18:53.762] [modloading-worker-0/INFO] [FTB XMod Compat/]: [FTB Quests] recipe helper provider is [JEI]
[24Aug2025 17:18:53.778] [modloading-worker-0/INFO] [voicechat/]: [voicechat] Compatibility version 18
[24Aug2025 17:18:53.787] [modloading-worker-0/INFO] [thetadev.constructionwand.ConstructionWand/]: Botania integration added
[24Aug2025 17:18:53.880] [Immersive Engineering Contributors Thread/INFO] [immersiveengineering/]: Attempting to download special revolvers from GitHub
[24Aug2025 17:18:53.881] [modloading-worker-0/INFO] [mekanism.common.Mekanism/]: Version 10.4.16 initializing...
[24Aug2025 17:18:53.916] [modloading-worker-0/INFO] [com.jaquadro.minecraft.storagedrawers.StorageDrawers/]: New compacting rule 4 clay_ball = 1 clay
[24Aug2025 17:18:53.917] [modloading-worker-0/INFO] [com.jaquadro.minecraft.storagedrawers.StorageDrawers/]: New compacting rule 4 snowball = 1 snow_block
[24Aug2025 17:18:53.920] [modloading-worker-0/INFO] [com.jaquadro.minecraft.storagedrawers.StorageDrawers/]: New compacting rule 4 glowstone_dust = 1 glowstone
[24Aug2025 17:18:53.920] [modloading-worker-0/INFO] [com.jaquadro.minecraft.storagedrawers.StorageDrawers/]: New compacting rule 4 brick = 1 bricks
[24Aug2025 17:18:53.920] [modloading-worker-0/INFO] [com.jaquadro.minecraft.storagedrawers.StorageDrawers/]: New compacting rule 4 nether_brick = 1 nether_bricks
[24Aug2025 17:18:53.920] [modloading-worker-0/INFO] [com.jaquadro.minecraft.storagedrawers.StorageDrawers/]: New compacting rule 9 nether_wart = 1 nether_wart_block
[24Aug2025 17:18:53.920] [modloading-worker-0/INFO] [com.jaquadro.minecraft.storagedrawers.StorageDrawers/]: New compacting rule 4 quartz = 1 quartz_block
[24Aug2025 17:18:53.921] [modloading-worker-0/INFO] [com.jaquadro.minecraft.storagedrawers.StorageDrawers/]: New compacting rule 9 melon_slice = 1 melon
[24Aug2025 17:18:53.922] [modloading-worker-0/INFO] [com.jaquadro.minecraft.storagedrawers.StorageDrawers/]: New compacting rule 4 sand = 1 sandstone
[24Aug2025 17:18:53.923] [modloading-worker-0/INFO] [com.jaquadro.minecraft.storagedrawers.StorageDrawers/]: New compacting rule 4 red_sand = 1 red_sandstone
[24Aug2025 17:18:53.996] [modloading-worker-0/INFO] [com.jaquadro.minecraft.storagedrawers.StorageDrawers/]: New compacting rule 4 clay_ball = 1 clay
[24Aug2025 17:18:54.048] [Forge Version Check/INFO] [net.minecraftforge.fml.VersionChecker/]: [controlling] Starting version check at https://updates.blamejared.com/get?n=controlling&gv=1.20.1
[24Aug2025 17:18:54.064] [modloading-worker-0/INFO] [voicechat/]: [voicechat] Loading plugins
[24Aug2025 17:18:54.081] [modloading-worker-0/INFO] [voicechat/]: [voicechat] Loaded 1 plugin(s)
[24Aug2025 17:18:54.081] [modloading-worker-0/INFO] [voicechat/]: [voicechat] Initializing plugins
[24Aug2025 17:18:54.092] [modloading-worker-0/INFO] [voicechat/]: [voicechat] Initialized 1 plugin(s)
[24Aug2025 17:18:54.093] [modloading-worker-0/INFO] [voicechat/]: [voicechat] Registering events for 'simpleradio'
[24Aug2025 17:18:54.103] [modloading-worker-0/INFO] [mekanism.common.Mekanism/]: Fake player readout: UUID = 46e82cd0-d480-3d48-800a-77431ede078e, name = [Mekanism]
[24Aug2025 17:18:54.103] [modloading-worker-0/INFO] [mekanism.common.Mekanism/]: Mod loaded.
[24Aug2025 17:18:54.231] [main/INFO] [Framework/SYNCED_ENTITY_DATA]: Registered synced data key refurbished_furniture:lock_yaw for refurbished_furniture:seat
[24Aug2025 17:18:54.310] [main/INFO] [Moonlight/]: Initialized color sets in 45ms
[24Aug2025 17:18:54.394] [main/INFO] [Supplementaries/]: Finished mod setup in: [1, 4, 0, 1, 0, 0, 11, 10, 0] ms
[24Aug2025 17:18:54.578] [Forge Version Check/INFO] [net.minecraftforge.fml.VersionChecker/]: [controlling] Found status: BETA Current: 12.0.2 Target: 12.0.2
[24Aug2025 17:18:54.578] [Forge Version Check/INFO] [net.minecraftforge.fml.VersionChecker/]: [resourcepackoverrides] Starting version check at https://raw.githubusercontent.com/Fuzss/modresources/main/update/resourcepackoverrides.json
[24Aug2025 17:18:54.655] [Forge Version Check/INFO] [net.minecraftforge.fml.VersionChecker/]: [resourcepackoverrides] Found status: UP_TO_DATE Current: 8.0.3 Target: null
[24Aug2025 17:18:54.655] [Forge Version Check/INFO] [net.minecraftforge.fml.VersionChecker/]: [corpse] Starting version check at https://update.maxhenkel.de/forge/corpse
[24Aug2025 17:18:54.687] [modloading-worker-0/INFO] [Lexiconfig/]: Cataloging lexicon com.codinglitch.lexiconfig.LexiconfigConfig@5eca3374!
[24Aug2025 17:18:54.714] [modloading-worker-0/INFO] [Lexiconfig/]: Cataloging lexicon com.codinglitch.simpleradio.SimpleRadioServerConfig@4cb4c58b!
[24Aug2025 17:18:54.736] [modloading-worker-0/INFO] [Lexiconfig/]: Cataloging lexicon com.codinglitch.simpleradio.SimpleRadioClientConfig@74178f5e!
[24Aug2025 17:18:54.742] [modloading-worker-0/INFO] [simpleradio/]: Create is present!
[24Aug2025 17:18:54.744] [modloading-worker-0/INFO] [simpleradio/]: ..and compat is enabled!
[24Aug2025 17:18:54.748] [modloading-worker-0/INFO] [Lexiconfig/]: Lexiconfig cataloging completed!
[24Aug2025 17:18:54.753] [modloading-worker-0/INFO] [Jade/]: Start loading plugin at net.blay09.mods.balm.forge.compat.hudinfo.ForgeJadeModCompat
[24Aug2025 17:18:54.758] [modloading-worker-0/INFO] [Jade/]: Start loading plugin at io.github.mortuusars.exposure.integration.jade.ExposureJadePlugin
[24Aug2025 17:18:54.762] [modloading-worker-0/INFO] [Jade/]: Start loading plugin at de.maxhenkel.corpse.integration.waila.PluginCorpse
[24Aug2025 17:18:54.763] [modloading-worker-0/INFO] [Jade/]: Start loading plugin at de.maxhenkel.camera.integration.waila.PluginCamera
[24Aug2025 17:18:54.763] [modloading-worker-0/INFO] [Jade/]: Start loading plugin at snownee.jade.addon.JadeAddonsBase
[24Aug2025 17:18:54.774] [modloading-worker-0/INFO] [Jade/]: Start loading plugin at snownee.kiwi.customization.compat.jade.JadeCompat
[24Aug2025 17:18:54.774] [modloading-worker-0/INFO] [Jade/]: Start loading plugin at blusunrize.immersiveengineering.common.util.compat.jade.IEWailaPlugin
[24Aug2025 17:18:54.776] [modloading-worker-0/INFO] [Jade/]: Start loading plugin at snownee.jade.addon.vanilla.VanillaPlugin
[24Aug2025 17:18:54.788] [modloading-worker-0/INFO] [Jade/]: Start loading plugin at snownee.jade.addon.universal.UniversalPlugin
[24Aug2025 17:18:54.791] [modloading-worker-0/INFO] [Jade/]: Start loading plugin at snownee.jade.addon.core.CorePlugin
[24Aug2025 17:18:54.793] [modloading-worker-0/INFO] [Jade/]: Start loading plugin at net.mehvahdjukaar.supplementaries.integration.JadeCompat
[24Aug2025 17:18:54.794] [modloading-worker-0/INFO] [Jade/]: Start loading plugin at com.jaquadro.minecraft.storagedrawers.integration.Waila
[24Aug2025 17:18:54.794] [modloading-worker-0/INFO] [Jade/]: Start loading plugin at appeng.integration.modules.jade.JadeModule
[24Aug2025 17:18:54.810] [modloading-worker-0/INFO] [Jade/]: Start loading plugin at mekanism.common.integration.lookingat.jade.MekanismJadePlugin
[24Aug2025 17:18:55.095] [Forge Version Check/INFO] [net.minecraftforge.fml.VersionChecker/]: [corpse] Found status: OUTDATED Current: 1.20.1-1.0.20 Target: 1.20.1-1.0.21
[24Aug2025 17:18:55.098] [Forge Version Check/INFO] [net.minecraftforge.fml.VersionChecker/]: [camera] Starting version check at https://update.maxhenkel.de/forge/camera
[24Aug2025 17:18:55.220] [Forge Version Check/INFO] [net.minecraftforge.fml.VersionChecker/]: [camera] Found status: AHEAD Current: 1.20.1-1.0.20 Target: null
[24Aug2025 17:18:55.221] [Forge Version Check/INFO] [net.minecraftforge.fml.VersionChecker/]: [searchables] Starting version check at https://updates.blamejared.com/get?n=searchables&gv=1.20.1
[24Aug2025 17:18:55.348] [Forge Version Check/INFO] [net.minecraftforge.fml.VersionChecker/]: [searchables] Found status: BETA Current: 1.0.3 Target: 1.0.3
[24Aug2025 17:18:55.348] [Forge Version Check/INFO] [net.minecraftforge.fml.VersionChecker/]: [refurbished_furniture] Starting version check at https://mrcrayfish.com/api/mod_update/forge/refurbished_furniture
[24Aug2025 17:18:55.571] [Forge Version Check/WARN] [net.minecraftforge.fml.VersionChecker/]: Failed to process update information
com.google.gson.JsonSyntaxException: java.lang.IllegalStateException: Expected BEGIN_OBJECT but was STRING at line 1 column 1 path $
	at com.google.gson.Gson.fromJson(Gson.java:1226) ~[gson-2.10.jar%2372!/:?]
	at com.google.gson.Gson.fromJson(Gson.java:1124) ~[gson-2.10.jar%2372!/:?]
	at com.google.gson.Gson.fromJson(Gson.java:1034) ~[gson-2.10.jar%2372!/:?]
	at com.google.gson.Gson.fromJson(Gson.java:969) ~[gson-2.10.jar%2372!/:?]
	at net.minecraftforge.fml.VersionChecker$1.process(VersionChecker.java:186) ~[fmlcore-1.20.1-47.4.0.jar%23376!/:?]
	at java.lang.Iterable.forEach(Iterable.java:75) ~[?:?]
	at net.minecraftforge.fml.VersionChecker$1.run(VersionChecker.java:117) ~[fmlcore-1.20.1-47.4.0.jar%23376!/:?]
Caused by: java.lang.IllegalStateException: Expected BEGIN_OBJECT but was STRING at line 1 column 1 path $
	at com.google.gson.stream.JsonReader.beginObject(JsonReader.java:393) ~[gson-2.10.jar%2372!/:?]
	at com.google.gson.internal.bind.MapTypeAdapterFactory$Adapter.read(MapTypeAdapterFactory.java:182) ~[gson-2.10.jar%2372!/:?]
	at com.google.gson.internal.bind.MapTypeAdapterFactory$Adapter.read(MapTypeAdapterFactory.java:144) ~[gson-2.10.jar%2372!/:?]
	at com.google.gson.Gson.fromJson(Gson.java:1214) ~[gson-2.10.jar%2372!/:?]
	... 6 more
[24Aug2025 17:18:55.571] [Forge Version Check/INFO] [net.minecraftforge.fml.VersionChecker/]: [antiblocksrechiseled] Starting version check at https://raw.githubusercontent.com/manmaed/AntiBlocksReChiseled/main/update.json
[24Aug2025 17:18:55.594] [Forge Version Check/INFO] [net.minecraftforge.fml.VersionChecker/]: [antiblocksrechiseled] Found status: AHEAD Current: 0.4.6 Target: null
[24Aug2025 17:18:55.594] [Forge Version Check/INFO] [net.minecraftforge.fml.VersionChecker/]: [copycats] Starting version check at https://raw.githubusercontent.com/copycats-plus/copycats/multiloader/update.json
[24Aug2025 17:18:55.607] [Forge Version Check/INFO] [net.minecraftforge.fml.VersionChecker/]: [copycats] Found status: AHEAD Current: 3.0.2+mc.1.20.1-forge Target: null
[24Aug2025 17:18:55.608] [Forge Version Check/INFO] [net.minecraftforge.fml.VersionChecker/]: [forge] Starting version check at https://files.minecraftforge.net/net/minecraftforge/forge/promotions_slim.json
[24Aug2025 17:18:55.777] [Forge Version Check/INFO] [net.minecraftforge.fml.VersionChecker/]: [forge] Found status: UP_TO_DATE Current: 47.4.0 Target: null
[24Aug2025 17:18:55.777] [Forge Version Check/INFO] [net.minecraftforge.fml.VersionChecker/]: [cofh_core] Starting version check at https://raw.github.com/cofh/version/main/cofh_core/update.json
[24Aug2025 17:18:55.964] [Forge Version Check/INFO] [net.minecraftforge.fml.VersionChecker/]: [cofh_core] Found status: AHEAD Current: 11.0.2 Target: null
[24Aug2025 17:18:55.965] [Forge Version Check/INFO] [net.minecraftforge.fml.VersionChecker/]: [thermal] Starting version check at https://raw.github.com/cofh/version/main/thermal/update.json
[24Aug2025 17:18:56.008] [Forge Version Check/INFO] [net.minecraftforge.fml.VersionChecker/]: [thermal] Found status: AHEAD Current: 11.0.6 Target: null
[24Aug2025 17:18:56.008] [Forge Version Check/INFO] [net.minecraftforge.fml.VersionChecker/]: [thermal_innovation] Starting version check at https://raw.github.com/cofh/version/main/thermal/update_innovation.json
[24Aug2025 17:18:56.050] [Forge Version Check/INFO] [net.minecraftforge.fml.VersionChecker/]: [thermal_innovation] Found status: AHEAD Current: 11.0.1 Target: null
[24Aug2025 17:18:56.050] [Forge Version Check/INFO] [net.minecraftforge.fml.VersionChecker/]: [thermal_foundation] Starting version check at https://raw.github.com/cofh/version/main/thermal/update_foundation.json
[24Aug2025 17:18:56.150] [Forge Version Check/INFO] [net.minecraftforge.fml.VersionChecker/]: [thermal_foundation] Found status: AHEAD Current: 11.0.6 Target: null
[24Aug2025 17:18:56.150] [Forge Version Check/INFO] [net.minecraftforge.fml.VersionChecker/]: [thermal_expansion] Starting version check at https://raw.github.com/cofh/version/main/thermal/update_expansion.json
[24Aug2025 17:18:56.196] [Forge Version Check/INFO] [net.minecraftforge.fml.VersionChecker/]: [thermal_expansion] Found status: UP_TO_DATE Current: 11.0.1 Target: null
[24Aug2025 17:18:56.197] [Forge Version Check/INFO] [net.minecraftforge.fml.VersionChecker/]: [thermal_dynamics] Starting version check at https://raw.github.com/cofh/version/main/thermal/update_dynamics.json
[24Aug2025 17:18:56.296] [Forge Version Check/INFO] [net.minecraftforge.fml.VersionChecker/]: [thermal_dynamics] Found status: UP_TO_DATE Current: 11.0.1 Target: null
[24Aug2025 17:18:56.296] [Forge Version Check/INFO] [net.minecraftforge.fml.VersionChecker/]: [voicechat] Starting version check at https://update.maxhenkel.de/forge/voicechat
[24Aug2025 17:18:56.406] [Forge Version Check/INFO] [net.minecraftforge.fml.VersionChecker/]: [voicechat] Found status: OUTDATED Current: 1.20.1-2.5.30 Target: 1.20.1-2.5.36
[24Aug2025 17:18:56.406] [Forge Version Check/INFO] [net.minecraftforge.fml.VersionChecker/]: [moonlight] Starting version check at https://raw.githubusercontent.com/MehVahdJukaar/Moonlight/multi-loader/forge/update.json
[24Aug2025 17:18:56.420] [Forge Version Check/INFO] [net.minecraftforge.fml.VersionChecker/]: [moonlight] Found status: BETA Current: 1.20-2.14.1 Target: null
[24Aug2025 17:18:56.420] [Forge Version Check/INFO] [net.minecraftforge.fml.VersionChecker/]: [eccentrictome] Starting version check at https://api.modrinth.com/updates/eccentric-tome/forge_updates.json
[24Aug2025 17:18:56.634] [Forge Version Check/INFO] [net.minecraftforge.fml.VersionChecker/]: [eccentrictome] Found status: AHEAD Current: 1.20.1-1.10.3 Target: null
[24Aug2025 17:18:56.634] [Forge Version Check/INFO] [net.minecraftforge.fml.VersionChecker/]: [immersiveengineering] Starting version check at https://raw.githubusercontent.com/BluSunrize/ImmersiveEngineering/1.20.1/changelog.json
[24Aug2025 17:18:56.648] [Forge Version Check/INFO] [net.minecraftforge.fml.VersionChecker/]: [immersiveengineering] Found status: AHEAD Current: 1.20.1-10.2.0-183 Target: null
[24Aug2025 17:18:56.648] [Forge Version Check/INFO] [net.minecraftforge.fml.VersionChecker/]: [supplementaries] Starting version check at https://raw.githubusercontent.com/MehVahdJukaar/Supplementaries/1.20/forge/update.json
[24Aug2025 17:18:56.661] [Forge Version Check/INFO] [net.minecraftforge.fml.VersionChecker/]: [supplementaries] Found status: BETA Current: 1.20-3.1.30 Target: null
[24Aug2025 17:18:56.661] [Forge Version Check/INFO] [net.minecraftforge.fml.VersionChecker/]: [thermal_cultivation] Starting version check at https://raw.github.com/cofh/version/main/thermal/update_cultivation.json
[24Aug2025 17:18:56.813] [Forge Version Check/INFO] [net.minecraftforge.fml.VersionChecker/]: [thermal_cultivation] Found status: UP_TO_DATE Current: 11.0.1 Target: null
[24Aug2025 17:19:04.166] [main/INFO] [com.mojang.authlib.yggdrasil.YggdrasilAuthenticationService/]: Environment: authHost='https://authserver.mojang.com', accountsHost='https://api.mojang.com', sessionHost='https://sessionserver.mojang.com', servicesHost='https://api.minecraftservices.com', name='PROD'
[24Aug2025 17:19:04.212] [main/WARN] [net.minecraft.server.packs.VanillaPackResourcesBuilder/]: Assets URL 'union:/C:/Alex's%20stuff/MinecraftServer/libraries/net/minecraft/server/1.20.1-20230612.114412/server-1.20.1-20230612.114412-srg.jar%23375!/assets/.mcassetsroot' uses unexpected schema
[24Aug2025 17:19:04.213] [main/WARN] [net.minecraft.server.packs.VanillaPackResourcesBuilder/]: Assets URL 'union:/C:/Alex's%20stuff/MinecraftServer/libraries/net/minecraft/server/1.20.1-20230612.114412/server-1.20.1-20230612.114412-srg.jar%23375!/data/.mcassetsroot' uses unexpected schema
[24Aug2025 17:19:04.332] [main/INFO] [com.simibubi.create.Create/]: Created 228 recipes which will be injected into the game
[24Aug2025 17:19:04.338] [main/INFO] [com.simibubi.create.Create/]: Created 1 tags which will be injected into the game
[24Aug2025 17:19:04.420] [main/INFO] [net.minecraft.server.MinecraftServer/]: Found new data pack Supplementaries Generated Pack, loading it automatically
[24Aug2025 17:19:04.421] [main/INFO] [net.minecraft.server.MinecraftServer/]: Found new data pack create:dynamic_data, loading it automatically
[24Aug2025 17:19:04.421] [main/INFO] [net.minecraft.server.MinecraftServer/]: Found new data pack create_central_kitchen:farmersdelight, loading it automatically
[24Aug2025 17:19:04.421] [main/INFO] [net.minecraft.server.MinecraftServer/]: Found new data pack create_central_kitchen:miners_delight, loading it automatically
[24Aug2025 17:19:04.517] [main/INFO] [Moonlight/]: Generated runtime resources for 1 packs in a total of: 39 ms
[24Aug2025 17:19:04.634] [main/INFO] [Moonlight/]: Generated runtime resources for 1 packs in a total of: 3 ms
[24Aug2025 17:19:04.679] [main/INFO] [KubeJS/]: Added bindings for script type SERVER from mod 'almostunified': [AlmostUnified]
[24Aug2025 17:19:04.681] [main/INFO] [KubeJS Server/]: Loaded script server_scripts:1.17.js in 0.001 s
[24Aug2025 17:19:04.682] [main/INFO] [KubeJS Server/]: Loaded script server_scripts:actuallyadditions_laser.js in 0.0 s
[24Aug2025 17:19:04.684] [main/INFO] [KubeJS Server/]: Loaded script server_scripts:ae2.js in 0.001 s
[24Aug2025 17:19:04.686] [main/INFO] [KubeJS Server/]: Loaded script server_scripts:alloying.js in 0.0 s
[24Aug2025 17:19:04.689] [main/INFO] [KubeJS Server/]: Loaded script server_scripts:antimater.js in 0.003 s
[24Aug2025 17:19:04.690] [main/INFO] [KubeJS Server/]: Loaded script server_scripts:arc_furnace.js in 0.001 s
[24Aug2025 17:19:04.692] [main/INFO] [KubeJS Server/]: Loaded script server_scripts:backpacks.js in 0.0 s
[24Aug2025 17:19:04.695] [main/INFO] [KubeJS Server/]: Loaded script server_scripts:block_interacting.js in 0.003 s
[24Aug2025 17:19:04.696] [main/INFO] [KubeJS Server/]: Loaded script server_scripts:block_ticking.js in 0.001 s
[24Aug2025 17:19:04.697] [main/INFO] [KubeJS Server/]: Loaded script server_scripts:books.js in 0.001 s
[24Aug2025 17:19:04.699] [main/INFO] [KubeJS Server/]: Loaded script server_scripts:botania.js in 0.002 s
[24Aug2025 17:19:04.700] [main/INFO] [KubeJS Server/]: Loaded script server_scripts:chalk.js in 0.0 s
[24Aug2025 17:19:04.700] [main/INFO] [KubeJS Server/]: Loaded script server_scripts:concrete_tile.js in 0.0 s
[24Aug2025 17:19:04.701] [main/INFO] [KubeJS Server/]: Loaded script server_scripts:cooking.js in 0.0 s
[24Aug2025 17:19:04.703] [main/INFO] [KubeJS Server/]: Loaded script server_scripts:create_machine_deploying.js in 0.002 s
[24Aug2025 17:19:04.705] [main/INFO] [KubeJS Server/]: Loaded script server_scripts:dirt.js in 0.001 s
[24Aug2025 17:19:04.706] [main/INFO] [KubeJS Server/]: Loaded script server_scripts:dragons.js in 0.001 s
[24Aug2025 17:19:04.708] [main/INFO] [KubeJS Server/]: Loaded script server_scripts:eidolon.js in 0.002 s
[24Aug2025 17:19:04.711] [main/INFO] [KubeJS Server/]: Loaded script server_scripts:empowerer.js in 0.001 s
[24Aug2025 17:19:04.712] [main/INFO] [KubeJS Server/]: Loaded script server_scripts:enrichment.js in 0.001 s
[24Aug2025 17:19:04.712] [main/INFO] [KubeJS Server/]: example.js#5: Hello, World! (Loaded server scripts)
[24Aug2025 17:19:04.712] [main/INFO] [KubeJS Server/]: Loaded script server_scripts:example.js in 0.0 s
[24Aug2025 17:19:04.713] [main/INFO] [KubeJS Server/]: Loaded script server_scripts:extruder.js in 0.001 s
[24Aug2025 17:19:04.714] [main/INFO] [KubeJS Server/]: Loaded script server_scripts:eyes.js in 0.001 s
[24Aug2025 17:19:04.715] [main/INFO] [KubeJS Server/]: Loaded script server_scripts:fiberboard.js in 0.001 s
[24Aug2025 17:19:04.715] [main/INFO] [KubeJS Server/]: Loaded script server_scripts:immersive_tool_nerf.js in 0.0 s
[24Aug2025 17:19:04.718] [main/INFO] [KubeJS Server/]: Loaded script server_scripts:item_nerfs.js in 0.002 s
[24Aug2025 17:19:04.720] [main/INFO] [KubeJS Server/]: Loaded script server_scripts:keg.js in 0.002 s
[24Aug2025 17:19:04.720] [main/INFO] [KubeJS Server/]: Loaded script server_scripts:light_nerf.js in 0.0 s
[24Aug2025 17:19:04.721] [main/INFO] [KubeJS Server/]: Loaded script server_scripts:log_replacement.js in 0.0 s
[24Aug2025 17:19:04.723] [main/INFO] [KubeJS Server/]: Loaded script server_scripts:loot_modification.js in 0.002 s
[24Aug2025 17:19:04.724] [main/INFO] [KubeJS Server/]: Loaded script server_scripts:material_nerfs.js in 0.001 s
[24Aug2025 17:19:04.725] [main/INFO] [KubeJS Server/]: Loaded script server_scripts:mekanism_machines.js in 0.001 s
[24Aug2025 17:19:04.726] [main/INFO] [KubeJS Server/]: Loaded script server_scripts:metal_furniture.js in 0.001 s
[24Aug2025 17:19:04.727] [main/INFO] [KubeJS Server/]: Loaded script server_scripts:metal_working.js in 0.0 s
[24Aug2025 17:19:04.727] [main/INFO] [KubeJS Server/]: Loaded script server_scripts:misc_item_gen.js in 0.0 s
[24Aug2025 17:19:04.729] [main/INFO] [KubeJS Server/]: Loaded script server_scripts:multiservo_press.js in 0.0 s
[24Aug2025 17:19:04.730] [main/INFO] [KubeJS Server/]: Loaded script server_scripts:party_popper.js in 0.001 s
[24Aug2025 17:19:04.730] [main/INFO] [KubeJS Server/]: Loaded script server_scripts:power.js in 0.0 s
[24Aug2025 17:19:04.731] [main/INFO] [KubeJS Server/]: Loaded script server_scripts:qol.js in 0.0 s
[24Aug2025 17:19:04.732] [main/INFO] [KubeJS Server/]: Loaded script server_scripts:radio.js in 0.001 s
[24Aug2025 17:19:04.733] [main/INFO] [KubeJS Server/]: Loaded script server_scripts:reality_frame.js in 0.001 s
[24Aug2025 17:19:04.758] [main/INFO] [KubeJS Server/]: Loaded script server_scripts:rightclickevents.js in 0.025 s
[24Aug2025 17:19:04.761] [main/INFO] [KubeJS Server/]: Loaded script server_scripts:saplings.js in 0.003 s
[24Aug2025 17:19:04.762] [main/INFO] [KubeJS Server/]: Loaded script server_scripts:sculk_scrubber.js in 0.0 s
[24Aug2025 17:19:04.763] [main/INFO] [KubeJS Server/]: Loaded script server_scripts:sequenced_assembly.js in 0.0 s
[24Aug2025 17:19:04.763] [main/INFO] [KubeJS Server/]: Loaded script server_scripts:spores.js in 0.0 s
[24Aug2025 17:19:04.763] [main/INFO] [KubeJS Server/]: Loaded script server_scripts:steel_cauldron.js in 0.0 s
[24Aug2025 17:19:04.764] [main/INFO] [KubeJS Server/]: Loaded script server_scripts:storageshelves.js in 0.0 s
[24Aug2025 17:19:04.767] [main/INFO] [KubeJS Server/]: Loaded script server_scripts:tags.js in 0.003 s
[24Aug2025 17:19:04.768] [main/INFO] [KubeJS Server/]: Loaded script server_scripts:tconstruct_slime.js in 0.001 s
[24Aug2025 17:19:04.769] [main/INFO] [KubeJS Server/]: Loaded script server_scripts:thermal_machine_fix.js in 0.001 s
[24Aug2025 17:19:04.771] [main/INFO] [KubeJS Server/]: Loaded script server_scripts:tier1.js in 0.001 s
[24Aug2025 17:19:04.772] [main/INFO] [KubeJS Server/]: Loaded script server_scripts:tier2.js in 0.001 s
[24Aug2025 17:19:04.774] [main/INFO] [KubeJS Server/]: Loaded script server_scripts:tier3.js in 0.002 s
[24Aug2025 17:19:04.776] [main/INFO] [KubeJS Server/]: Loaded script server_scripts:tier4.js in 0.0 s
[24Aug2025 17:19:04.777] [main/INFO] [KubeJS Server/]: Loaded script server_scripts:tier5.js in 0.001 s
[24Aug2025 17:19:04.778] [main/INFO] [KubeJS Server/]: Loaded script server_scripts:time_in_a_bottle.js in 0.001 s
[24Aug2025 17:19:04.778] [main/INFO] [KubeJS Server/]: Loaded script server_scripts:tinker_changes.js in 0.0 s
[24Aug2025 17:19:04.779] [main/INFO] [KubeJS Server/]: Loaded script server_scripts:unbreakable.js in 0.0 s
[24Aug2025 17:19:04.779] [main/INFO] [KubeJS Server/]: Loaded script server_scripts:unbreakable_taglist.js in 0.0 s
[24Aug2025 17:19:04.780] [main/INFO] [KubeJS Server/]: Loaded script server_scripts:wooden_furniture.js in 0.001 s
[24Aug2025 17:19:04.781] [main/INFO] [KubeJS Server/]: Loaded 61/61 KubeJS server scripts in 0.12 s with 0 errors and 0 warnings
[24Aug2025 17:19:04.781] [main/INFO] [KubeJS Server/]: Scripts loaded
[24Aug2025 17:19:04.902] [main/INFO] [KubeJS Server/]: Initializing recipe event...
[24Aug2025 17:19:04.927] [main/INFO] [com.teamabnormals.blueprint.core.Blueprint/]: Successfully loaded 0 data remolders!
[24Aug2025 17:19:06.309] [main/INFO] [AE2:C/]: Scanning class appeng.server.testplots.TestPlots for plots
[24Aug2025 17:19:06.312] [main/INFO] [AE2:C/]: Scanning class appeng.server.testplots.AutoCraftingTestPlots for plots
[24Aug2025 17:19:06.314] [main/INFO] [AE2:C/]: Scanning class appeng.server.testplots.InscriberTestPlots for plots
[24Aug2025 17:19:06.323] [main/INFO] [AE2:C/]: Scanning class appeng.server.testplots.P2PTestPlots for plots
[24Aug2025 17:19:06.324] [main/INFO] [AE2:C/]: Scanning class appeng.server.testplots.ItemP2PTestPlots for plots
[24Aug2025 17:19:06.324] [main/INFO] [AE2:C/]: Scanning class appeng.server.testplots.MemoryCardTestPlots for plots
[24Aug2025 17:19:06.324] [main/INFO] [AE2:C/]: Scanning class appeng.server.testplots.PatternProviderLockModePlots for plots
[24Aug2025 17:19:06.324] [main/INFO] [AE2:C/]: Scanning class appeng.server.testplots.PatternProviderPlots for plots
[24Aug2025 17:19:06.324] [main/INFO] [AE2:C/]: Scanning class appeng.server.testplots.SpatialTestPlots for plots
[24Aug2025 17:19:06.324] [main/INFO] [AE2:C/]: Scanning class appeng.server.testplots.QnbTestPlots for plots
[24Aug2025 17:19:06.326] [main/INFO] [AE2:C/]: Scanning class appeng.server.testplots.GuidebookPlot for plots
[24Aug2025 17:19:06.326] [main/INFO] [AE2:C/]: Scanning class appeng.server.testplots.SubnetPlots for plots
[24Aug2025 17:19:06.326] [main/INFO] [AE2:C/]: Scanning class appeng.server.testplots.ChannelTests for plots
[24Aug2025 17:19:06.327] [main/INFO] [AE2:C/]: Scanning class appeng.server.testplots.AnnihilationPlaneTests for plots
[24Aug2025 17:19:06.506] [Worker-Main-6/ERROR] [net.minecraft.tags.TagLoader/]: Couldn't load tag supplementaries:tipped_spikes_blacklist as it is missing following references: minecraft:oozing (from supplementaries-1.20-3.1.30.jar), 
	minecraft:infested (from supplementaries-1.20-3.1.30.jar)
[24Aug2025 17:19:06.718] [Worker-Main-6/INFO] [Mantle/]: Loaded 20 loot table injectors injecting into 18 tables in 156.32301 ms
[24Aug2025 17:19:07.127] [Worker-Main-14/INFO] [KubeJS Server/]: unbreakable_taglist.js#6: [minecraft:item] Found 1706 tags, added 297 objects, removed 13 objects
[24Aug2025 17:19:07.136] [Worker-Main-18/INFO] [KubeJS Server/]: [minecraft:block] Found 795 tags, added 6807 objects, removed 2 objects
[24Aug2025 17:19:07.222] [Worker-Main-12/ERROR] [net.minecraftforge.common.ForgeHooks/]: Couldn't parse element loot_tables:dustrial_decor:blocks/wrapped_ice_chains
com.google.gson.JsonSyntaxException: Expected name to be an item, was unknown string 'dustrial_decor:wrapped_ice_chains'
	at net.minecraft.util.GsonHelper.m_13866_(GsonHelper.java:145) ~[server-1.20.1-20230612.114412-srg.jar%23375!/:?]
	at java.util.Optional.orElseThrow(Optional.java:403) ~[?:?]
	at net.minecraft.util.GsonHelper.m_13874_(GsonHelper.java:145) ~[server-1.20.1-20230612.114412-srg.jar%23375!/:?]
	at net.minecraft.util.GsonHelper.m_13909_(GsonHelper.java:153) ~[server-1.20.1-20230612.114412-srg.jar%23375!/:?]
	at net.minecraft.world.level.storage.loot.entries.LootItem$Serializer.m_7267_(LootItem.java:55) ~[server-1.20.1-20230612.114412-srg.jar%23375!/:?]
	at net.minecraft.world.level.storage.loot.entries.LootItem$Serializer.m_7267_(LootItem.java:40) ~[server-1.20.1-20230612.114412-srg.jar%23375!/:?]
	at net.minecraft.world.level.storage.loot.entries.LootPoolSingletonContainer$Serializer.m_5921_(LootPoolSingletonContainer.java:151) ~[server-1.20.1-20230612.114412-srg.jar%23375!/:?]
	at net.minecraft.world.level.storage.loot.entries.LootPoolSingletonContainer$Serializer.m_5921_(LootPoolSingletonContainer.java:129) ~[server-1.20.1-20230612.114412-srg.jar%23375!/:?]
	at net.minecraft.world.level.storage.loot.entries.LootPoolEntryContainer$Serializer.m_7561_(LootPoolEntryContainer.java:86) ~[server-1.20.1-20230612.114412-srg.jar%23375!/:?]
	at net.minecraft.world.level.storage.loot.entries.LootPoolEntryContainer$Serializer.m_7561_(LootPoolEntryContainer.java:74) ~[server-1.20.1-20230612.114412-srg.jar%23375!/:?]
	at net.minecraft.world.level.storage.loot.GsonAdapterFactory$JsonAdapter.deserialize(GsonAdapterFactory.java:102) ~[server-1.20.1-20230612.114412-srg.jar%23375!/:?]
	at com.google.gson.internal.bind.TreeTypeAdapter.read(TreeTypeAdapter.java:76) ~[gson-2.10.jar%2372!/:?]
	at com.google.gson.internal.bind.TypeAdapterRuntimeTypeWrapper.read(TypeAdapterRuntimeTypeWrapper.java:40) ~[gson-2.10.jar%2372!/:?]
	at com.google.gson.internal.bind.ArrayTypeAdapter.read(ArrayTypeAdapter.java:72) ~[gson-2.10.jar%2372!/:?]
	at com.google.gson.Gson.fromJson(Gson.java:1214) ~[gson-2.10.jar%2372!/:?]
	at com.google.gson.Gson.fromJson(Gson.java:1319) ~[gson-2.10.jar%2372!/:?]
	at com.google.gson.Gson.fromJson(Gson.java:1290) ~[gson-2.10.jar%2372!/:?]
	at com.google.gson.internal.bind.TreeTypeAdapter$GsonContextImpl.deserialize(TreeTypeAdapter.java:179) ~[gson-2.10.jar%2372!/:?]
	at net.minecraft.util.GsonHelper.m_13808_(GsonHelper.java:463) ~[server-1.20.1-20230612.114412-srg.jar%23375!/:?]
	at net.minecraft.util.GsonHelper.m_13836_(GsonHelper.java:471) ~[server-1.20.1-20230612.114412-srg.jar%23375!/:?]
	at net.minecraft.world.level.storage.loot.LootPool$Serializer.deserialize(LootPool.java:192) ~[server-1.20.1-20230612.114412-srg.jar%23375!/:?]
	at net.minecraft.world.level.storage.loot.LootPool$Serializer.deserialize(LootPool.java:189) ~[server-1.20.1-20230612.114412-srg.jar%23375!/:?]
	at com.google.gson.internal.bind.TreeTypeAdapter.read(TreeTypeAdapter.java:76) ~[gson-2.10.jar%2372!/:?]
	at com.google.gson.internal.bind.TypeAdapterRuntimeTypeWrapper.read(TypeAdapterRuntimeTypeWrapper.java:40) ~[gson-2.10.jar%2372!/:?]
	at com.google.gson.internal.bind.ArrayTypeAdapter.read(ArrayTypeAdapter.java:72) ~[gson-2.10.jar%2372!/:?]
	at com.google.gson.Gson.fromJson(Gson.java:1214) ~[gson-2.10.jar%2372!/:?]
	at com.google.gson.Gson.fromJson(Gson.java:1319) ~[gson-2.10.jar%2372!/:?]
	at com.google.gson.Gson.fromJson(Gson.java:1290) ~[gson-2.10.jar%2372!/:?]
	at com.google.gson.internal.bind.TreeTypeAdapter$GsonContextImpl.deserialize(TreeTypeAdapter.java:179) ~[gson-2.10.jar%2372!/:?]
	at net.minecraft.util.GsonHelper.m_13808_(GsonHelper.java:463) ~[server-1.20.1-20230612.114412-srg.jar%23375!/:?]
	at net.minecraft.util.GsonHelper.m_13845_(GsonHelper.java:481) ~[server-1.20.1-20230612.114412-srg.jar%23375!/:?]
	at net.minecraft.world.level.storage.loot.LootTable$Serializer.deserialize(LootTable.java:294) ~[server-1.20.1-20230612.114412-srg.jar%23375!/:?]
	at net.minecraft.world.level.storage.loot.LootTable$Serializer.deserialize(LootTable.java:291) ~[server-1.20.1-20230612.114412-srg.jar%23375!/:?]
	at com.google.gson.internal.bind.TreeTypeAdapter.read(TreeTypeAdapter.java:76) ~[gson-2.10.jar%2372!/:?]
	at com.google.gson.Gson.fromJson(Gson.java:1214) ~[gson-2.10.jar%2372!/:?]
	at com.google.gson.Gson.fromJson(Gson.java:1319) ~[gson-2.10.jar%2372!/:?]
	at com.google.gson.Gson.fromJson(Gson.java:1261) ~[gson-2.10.jar%2372!/:?]
	at net.minecraftforge.common.ForgeHooks.loadLootTable(ForgeHooks.java:871) ~[forge-1.20.1-47.4.0-universal.jar%23380!/:?]
	at net.minecraftforge.common.ForgeHooks.lambda$getLootTableDeserializer$3(ForgeHooks.java:848) ~[forge-1.20.1-47.4.0-universal.jar%23380!/:?]
	at net.minecraft.world.level.storage.loot.LootDataType.deserialize(LootDataType.java:45) ~[server-1.20.1-20230612.114412-srg.jar%23375!/:?]
	at net.minecraft.world.level.storage.loot.LootDataManager.lambda$scheduleElementParse$4(LootDataManager.java:56) ~[server-1.20.1-20230612.114412-srg.jar%23375!/:?]
	at java.util.HashMap.forEach(HashMap.java:1429) ~[?:?]
	at net.minecraft.world.level.storage.loot.LootDataManager.m_278660_(LootDataManager.java:55) ~[server-1.20.1-20230612.114412-srg.jar%23375!/:?]
	at java.util.concurrent.CompletableFuture$AsyncRun.run(CompletableFuture.java:1804) ~[?:?]
	at java.util.concurrent.CompletableFuture$AsyncRun.exec(CompletableFuture.java:1796) ~[?:?]
	at java.util.concurrent.ForkJoinTask.doExec(ForkJoinTask.java:507) ~[?:?]
	at java.util.concurrent.ForkJoinPool$WorkQueue.topLevelExec(ForkJoinPool.java:1491) ~[?:?]
	at java.util.concurrent.ForkJoinPool.scan(ForkJoinPool.java:2073) ~[?:?]
	at java.util.concurrent.ForkJoinPool.runWorker(ForkJoinPool.java:2035) ~[?:?]
	at java.util.concurrent.ForkJoinWorkerThread.run(ForkJoinWorkerThread.java:187) ~[?:?]
[24Aug2025 17:19:07.257] [Worker-Main-18/WARN] [AlmostUnified/]: The following tags are invalid and will be ignored: [forge:gems/signalum, forge:storage_blocks/peridot, forge:storage_blocks/raw_bronze, forge:raw_materials/potassium_nitrate, forge:gems/constantan, forge:plates/platinum, forge:wires/tungsten, forge:nuggets/obsidian, forge:plates/apatite, forge:ingots/bitumen, forge:gears/cinnabar, forge:ores/bronze, forge:ores/enderium, forge:storage_blocks/iridium, forge:rods/signalum, forge:wires/potassium_nitrate, forge:nuggets/cinnabar, forge:rods/chrome, forge:gems/uranium, forge:raw_materials/electrum, forge:raw_materials/sulfur, forge:rods/constantan, forge:gems/graphite, forge:wires/chrome, forge:nuggets/chrome, forge:dusts/tungsten, forge:gems/nickel, forge:storage_blocks/raw_platinum, forge:gems/copper, forge:wires/uranium, forge:wires/bitumen, forge:gems/chrome, forge:ingots/charcoal, forge:raw_materials/invar, forge:rods/netherite, forge:rods/mithril, forge:wires/aeternium, forge:wires/invar, forge:plates/diamond, forge:nuggets/emerald, forge:rods/graphite, forge:gears/obsidian, forge:storage_blocks/raw_sulfur, forge:gears/peridot, forge:nuggets/bitumen, forge:ores/constantan, forge:gems/iron, forge:storage_blocks/raw_charcoal, forge:rods/coal_coke, forge:storage_blocks/amber, forge:ores/invar, forge:wires/emerald, forge:gems/tungsten, forge:storage_blocks/raw_brass, forge:storage_blocks/raw_elementium, forge:storage_blocks/raw_graphite, forge:dusts/graphite, forge:gears/sulfur, forge:rods/bitumen, forge:gems/platinum, forge:plates/coal_coke, forge:wires/ruby, forge:gems/coal_coke, forge:raw_materials/enderium, forge:gems/potassium_nitrate, forge:wires/cinnabar, forge:rods/tungsten, forge:storage_blocks/graphite, forge:raw_materials/obsidian, forge:wires/lumium, forge:rods/platinum, forge:gems/bronze, forge:storage_blocks/raw_fluorite, forge:rods/bronze, forge:wires/amber, forge:storage_blocks/raw_signalum, forge:dusts/amber, forge:gems/brass, forge:gems/iridium, forge:ingots/mithril, forge:plates/lapis, forge:ingots/aeternium, forge:nuggets/tungsten, forge:raw_materials/lapis, forge:wires/nickel, forge:raw_materials/constantan, forge:raw_materials/cinnabar, forge:gems/lumium, forge:gears/elementium, forge:storage_blocks/tungsten, forge:gears/iridium, forge:plates/potassium_nitrate, forge:nuggets/peridot, forge:gears/tungsten, forge:ores/netherite, forge:wires/osmium, forge:plates/chrome, forge:storage_blocks/raw_apatite, forge:raw_materials/coal, forge:gems/lead, forge:plates/aeternium, forge:gems/cobalt, forge:gears/coal_coke, forge:raw_materials/emerald, forge:ores/aeternium, forge:gears/zinc, forge:rods/amber, forge:dusts/chrome, forge:ores/mithril, forge:wires/mithril, forge:ores/brass, forge:wires/iridium, forge:ores/peridot, forge:ores/charcoal, forge:ores/obsidian, forge:wires/constantan, forge:raw_materials/brass, forge:nuggets/sapphire, forge:rods/osmium, forge:storage_blocks/raw_sapphire, forge:plates/tungsten, forge:wires/tin, forge:raw_materials/chrome, forge:nuggets/mithril, forge:plates/iridium, forge:wires/elementium, forge:gems/peridot, forge:wires/sulfur, forge:dusts/zinc, forge:ingots/emerald, forge:storage_blocks/raw_chrome, forge:storage_blocks/platinum, forge:wires/bronze, forge:rods/charcoal, forge:ingots/lapis, forge:raw_materials/peridot, forge:wires/silver, forge:gems/tin, forge:ingots/graphite, forge:gears/bitumen, forge:gems/zinc, forge:rods/lumium, forge:nuggets/aeternium, forge:gems/netherite, forge:raw_materials/apatite, forge:wires/cobalt, forge:ingots/tungsten, forge:raw_materials/lumium, forge:ores/electrum, forge:plates/cobalt, forge:dusts/iridium, forge:raw_materials/coal_coke, forge:wires/lapis, forge:storage_blocks/potassium_nitrate, forge:raw_materials/tungsten, forge:rods/potassium_nitrate, forge:gems/enderium, forge:dusts/brass, forge:gears/brass, forge:gears/mithril, forge:rods/iridium, forge:rods/obsidian, forge:plates/graphite, forge:storage_blocks/chrome, forge:raw_materials/bronze, forge:plates/sulfur, forge:rods/nickel, forge:storage_blocks/raw_iridium, forge:ingots/amber, forge:nuggets/lapis, forge:ingots/peridot, forge:wires/graphite, forge:wires/fluorite, forge:nuggets/charcoal, forge:gears/charcoal, forge:storage_blocks/raw_cinnabar, forge:gems/aluminum, forge:storage_blocks/raw_potassium_nitrate, forge:plates/bitumen, forge:nuggets/diamond, forge:gems/electrum, forge:raw_materials/graphite, forge:nuggets/coal_coke, forge:gems/aeternium, forge:ores/elementium, forge:ingots/chrome, forge:rods/enderium, forge:wires/sapphire, forge:storage_blocks/raw_bitumen, forge:storage_blocks/raw_obsidian, forge:rods/invar, forge:nuggets/platinum, forge:wires/apatite, forge:raw_materials/signalum, forge:ingots/cinnabar, forge:ores/bitumen, forge:plates/cinnabar, forge:plates/osmium, forge:rods/elementium, forge:ores/tungsten, forge:gems/elementium, forge:ores/steel, forge:raw_materials/platinum, forge:nuggets/apatite, forge:dusts/elementium, forge:wires/coal_coke, forge:storage_blocks/mithril, forge:gears/platinum, forge:rods/lapis, forge:storage_blocks/raw_invar, forge:rods/zinc, forge:wires/zinc, forge:nuggets/amber, forge:ingots/apatite, forge:rods/peridot, forge:gears/potassium_nitrate, forge:wires/netherite, forge:wires/brass, forge:plates/ruby, forge:nuggets/potassium_nitrate, forge:gears/coal, forge:rods/aeternium, forge:gems/coal, forge:storage_blocks/raw_coal_coke, forge:dusts/bitumen, forge:raw_materials/elementium, forge:rods/fluorite, forge:gears/graphite, forge:rods/silver, forge:gears/steel, forge:storage_blocks/raw_ruby, forge:ingots/diamond, forge:storage_blocks/raw_emerald, forge:storage_blocks/raw_electrum, forge:rods/lead, forge:rods/sapphire, forge:wires/enderium, forge:ores/signalum, forge:raw_materials/steel, forge:nuggets/fluorite, forge:gears/amber, forge:rods/emerald, forge:raw_materials/netherite, forge:ores/platinum, forge:storage_blocks/raw_lumium, forge:gems/silver, forge:ingots/coal_coke, forge:dusts/mithril, forge:plates/emerald, forge:nuggets/coal, forge:gems/invar, forge:gears/osmium, forge:ingots/obsidian, forge:plates/coal, forge:dusts/potassium_nitrate, forge:rods/apatite, forge:nuggets/graphite, forge:wires/diamond, forge:gears/fluorite, forge:raw_materials/iridium, forge:plates/mithril, forge:plates/sapphire, forge:rods/diamond, forge:storage_blocks/raw_amber, forge:ingots/ruby, forge:storage_blocks/raw_aeternium, forge:storage_blocks/raw_enderium, forge:rods/cinnabar, forge:storage_blocks/raw_coal, forge:gems/gold, forge:rods/sulfur, forge:storage_blocks/obsidian, forge:ingots/sulfur, forge:gears/uranium, forge:ores/iridium, forge:plates/elementium, forge:wires/peridot, forge:gems/osmium, forge:raw_materials/aeternium, forge:gems/mithril, forge:wires/platinum, forge:plates/peridot, forge:rods/uranium, forge:wires/coal, forge:rods/coal, forge:plates/fluorite, forge:raw_materials/diamond, forge:storage_blocks/raw_tungsten, forge:storage_blocks/raw_mithril, forge:nuggets/sulfur, forge:raw_materials/ruby, forge:raw_materials/amber, forge:ores/lumium, forge:storage_blocks/raw_steel, forge:ingots/potassium_nitrate, forge:storage_blocks/raw_constantan, forge:gears/aluminum, forge:nuggets/ruby, forge:ingots/iridium, forge:storage_blocks/raw_netherite, forge:wires/obsidian, forge:wires/signalum, forge:storage_blocks/raw_peridot, forge:nuggets/iridium, forge:gems/charcoal, forge:rods/cobalt, forge:storage_blocks/aeternium, forge:ores/potassium_nitrate, forge:raw_materials/charcoal, forge:ores/graphite, forge:gears/aeternium, forge:gears/chrome, forge:ores/amber, forge:gems/obsidian, forge:ingots/fluorite, forge:ingots/sapphire, forge:plates/amber, forge:ingots/coal, forge:gems/steel, forge:gems/bitumen, forge:raw_materials/mithril, forge:storage_blocks/raw_diamond, forge:dusts/peridot, forge:raw_materials/sapphire, forge:rods/ruby, forge:rods/tin, forge:ores/coal_coke, forge:gears/cobalt, forge:ingots/platinum, forge:dusts/platinum, forge:raw_materials/fluorite, forge:wires/charcoal, forge:dusts/aeternium, forge:raw_materials/bitumen, forge:gears/apatite, forge:plates/charcoal, forge:ores/chrome, forge:gems/amber, forge:storage_blocks/raw_lapis]
[24Aug2025 17:19:07.298] [Worker-Main-12/ERROR] [net.minecraftforge.common.ForgeHooks/]: Couldn't parse element loot_tables:dustrial_decor:blocks/bolted_industrial_iron_vertical_slab
java.lang.IllegalArgumentException: Can't find block dustrial_decor:bolted_industrial_iron_vertical_slab
	at net.minecraft.world.level.storage.loot.predicates.LootItemBlockStatePropertyCondition$Serializer.m_81802_(LootItemBlockStatePropertyCondition.java:79) ~[server-1.20.1-20230612.114412-srg.jar%23375!/:?]
	at java.util.Optional.orElseThrow(Optional.java:403) ~[?:?]
	at net.minecraft.world.level.storage.loot.predicates.LootItemBlockStatePropertyCondition$Serializer.m_7561_(LootItemBlockStatePropertyCondition.java:79) ~[server-1.20.1-20230612.114412-srg.jar%23375!/:?]
	at net.minecraft.world.level.storage.loot.predicates.LootItemBlockStatePropertyCondition$Serializer.m_7561_(LootItemBlockStatePropertyCondition.java:68) ~[server-1.20.1-20230612.114412-srg.jar%23375!/:?]
	at net.minecraft.world.level.storage.loot.GsonAdapterFactory$JsonAdapter.deserialize(GsonAdapterFactory.java:102) ~[server-1.20.1-20230612.114412-srg.jar%23375!/:?]
	at com.google.gson.internal.bind.TreeTypeAdapter.read(TreeTypeAdapter.java:76) ~[gson-2.10.jar%2372!/:?]
	at com.google.gson.internal.bind.TypeAdapterRuntimeTypeWrapper.read(TypeAdapterRuntimeTypeWrapper.java:40) ~[gson-2.10.jar%2372!/:?]
	at com.google.gson.internal.bind.ArrayTypeAdapter.read(ArrayTypeAdapter.java:72) ~[gson-2.10.jar%2372!/:?]
	at com.google.gson.Gson.fromJson(Gson.java:1214) ~[gson-2.10.jar%2372!/:?]
	at com.google.gson.Gson.fromJson(Gson.java:1319) ~[gson-2.10.jar%2372!/:?]
	at com.google.gson.Gson.fromJson(Gson.java:1290) ~[gson-2.10.jar%2372!/:?]
	at com.google.gson.internal.bind.TreeTypeAdapter$GsonContextImpl.deserialize(TreeTypeAdapter.java:179) ~[gson-2.10.jar%2372!/:?]
	at net.minecraft.util.GsonHelper.m_13808_(GsonHelper.java:463) ~[server-1.20.1-20230612.114412-srg.jar%23375!/:?]
	at net.minecraft.util.GsonHelper.m_13845_(GsonHelper.java:481) ~[server-1.20.1-20230612.114412-srg.jar%23375!/:?]
	at net.minecraft.world.level.storage.loot.functions.LootItemConditionalFunction$Serializer.m_7561_(LootItemConditionalFunction.java:98) ~[server-1.20.1-20230612.114412-srg.jar%23375!/:?]
	at net.minecraft.world.level.storage.loot.functions.LootItemConditionalFunction$Serializer.m_7561_(LootItemConditionalFunction.java:88) ~[server-1.20.1-20230612.114412-srg.jar%23375!/:?]
	at net.minecraft.world.level.storage.loot.GsonAdapterFactory$JsonAdapter.deserialize(GsonAdapterFactory.java:102) ~[server-1.20.1-20230612.114412-srg.jar%23375!/:?]
	at com.google.gson.internal.bind.TreeTypeAdapter.read(TreeTypeAdapter.java:76) ~[gson-2.10.jar%2372!/:?]
	at com.google.gson.internal.bind.TypeAdapterRuntimeTypeWrapper.read(TypeAdapterRuntimeTypeWrapper.java:40) ~[gson-2.10.jar%2372!/:?]
	at com.google.gson.internal.bind.ArrayTypeAdapter.read(ArrayTypeAdapter.java:72) ~[gson-2.10.jar%2372!/:?]
	at com.google.gson.Gson.fromJson(Gson.java:1214) ~[gson-2.10.jar%2372!/:?]
	at com.google.gson.Gson.fromJson(Gson.java:1319) ~[gson-2.10.jar%2372!/:?]
	at com.google.gson.Gson.fromJson(Gson.java:1290) ~[gson-2.10.jar%2372!/:?]
	at com.google.gson.internal.bind.TreeTypeAdapter$GsonContextImpl.deserialize(TreeTypeAdapter.java:179) ~[gson-2.10.jar%2372!/:?]
	at net.minecraft.util.GsonHelper.m_13808_(GsonHelper.java:463) ~[server-1.20.1-20230612.114412-srg.jar%23375!/:?]
	at net.minecraft.util.GsonHelper.m_13845_(GsonHelper.java:481) ~[server-1.20.1-20230612.114412-srg.jar%23375!/:?]
	at net.minecraft.world.level.storage.loot.entries.LootPoolSingletonContainer$Serializer.m_5921_(LootPoolSingletonContainer.java:149) ~[server-1.20.1-20230612.114412-srg.jar%23375!/:?]
	at net.minecraft.world.level.storage.loot.entries.LootPoolSingletonContainer$Serializer.m_5921_(LootPoolSingletonContainer.java:129) ~[server-1.20.1-20230612.114412-srg.jar%23375!/:?]
	at net.minecraft.world.level.storage.loot.entries.LootPoolEntryContainer$Serializer.m_7561_(LootPoolEntryContainer.java:86) ~[server-1.20.1-20230612.114412-srg.jar%23375!/:?]
	at net.minecraft.world.level.storage.loot.entries.LootPoolEntryContainer$Serializer.m_7561_(LootPoolEntryContainer.java:74) ~[server-1.20.1-20230612.114412-srg.jar%23375!/:?]
	at net.minecraft.world.level.storage.loot.GsonAdapterFactory$JsonAdapter.deserialize(GsonAdapterFactory.java:102) ~[server-1.20.1-20230612.114412-srg.jar%23375!/:?]
	at com.google.gson.internal.bind.TreeTypeAdapter.read(TreeTypeAdapter.java:76) ~[gson-2.10.jar%2372!/:?]
	at com.google.gson.internal.bind.TypeAdapterRuntimeTypeWrapper.read(TypeAdapterRuntimeTypeWrapper.java:40) ~[gson-2.10.jar%2372!/:?]
	at com.google.gson.internal.bind.ArrayTypeAdapter.read(ArrayTypeAdapter.java:72) ~[gson-2.10.jar%2372!/:?]
	at com.google.gson.Gson.fromJson(Gson.java:1214) ~[gson-2.10.jar%2372!/:?]
	at com.google.gson.Gson.fromJson(Gson.java:1319) ~[gson-2.10.jar%2372!/:?]
	at com.google.gson.Gson.fromJson(Gson.java:1290) ~[gson-2.10.jar%2372!/:?]
	at com.google.gson.internal.bind.TreeTypeAdapter$GsonContextImpl.deserialize(TreeTypeAdapter.java:179) ~[gson-2.10.jar%2372!/:?]
	at net.minecraft.util.GsonHelper.m_13808_(GsonHelper.java:463) ~[server-1.20.1-20230612.114412-srg.jar%23375!/:?]
	at net.minecraft.util.GsonHelper.m_13836_(GsonHelper.java:471) ~[server-1.20.1-20230612.114412-srg.jar%23375!/:?]
	at net.minecraft.world.level.storage.loot.LootPool$Serializer.deserialize(LootPool.java:192) ~[server-1.20.1-20230612.114412-srg.jar%23375!/:?]
	at net.minecraft.world.level.storage.loot.LootPool$Serializer.deserialize(LootPool.java:189) ~[server-1.20.1-20230612.114412-srg.jar%23375!/:?]
	at com.google.gson.internal.bind.TreeTypeAdapter.read(TreeTypeAdapter.java:76) ~[gson-2.10.jar%2372!/:?]
	at com.google.gson.internal.bind.TypeAdapterRuntimeTypeWrapper.read(TypeAdapterRuntimeTypeWrapper.java:40) ~[gson-2.10.jar%2372!/:?]
	at com.google.gson.internal.bind.ArrayTypeAdapter.read(ArrayTypeAdapter.java:72) ~[gson-2.10.jar%2372!/:?]
	at com.google.gson.Gson.fromJson(Gson.java:1214) ~[gson-2.10.jar%2372!/:?]
	at com.google.gson.Gson.fromJson(Gson.java:1319) ~[gson-2.10.jar%2372!/:?]
	at com.google.gson.Gson.fromJson(Gson.java:1290) ~[gson-2.10.jar%2372!/:?]
	at com.google.gson.internal.bind.TreeTypeAdapter$GsonContextImpl.deserialize(TreeTypeAdapter.java:179) ~[gson-2.10.jar%2372!/:?]
	at net.minecraft.util.GsonHelper.m_13808_(GsonHelper.java:463) ~[server-1.20.1-20230612.114412-srg.jar%23375!/:?]
	at net.minecraft.util.GsonHelper.m_13845_(GsonHelper.java:481) ~[server-1.20.1-20230612.114412-srg.jar%23375!/:?]
	at net.minecraft.world.level.storage.loot.LootTable$Serializer.deserialize(LootTable.java:294) ~[server-1.20.1-20230612.114412-srg.jar%23375!/:?]
	at net.minecraft.world.level.storage.loot.LootTable$Serializer.deserialize(LootTable.java:291) ~[server-1.20.1-20230612.114412-srg.jar%23375!/:?]
	at com.google.gson.internal.bind.TreeTypeAdapter.read(TreeTypeAdapter.java:76) ~[gson-2.10.jar%2372!/:?]
	at com.google.gson.Gson.fromJson(Gson.java:1214) ~[gson-2.10.jar%2372!/:?]
	at com.google.gson.Gson.fromJson(Gson.java:1319) ~[gson-2.10.jar%2372!/:?]
	at com.google.gson.Gson.fromJson(Gson.java:1261) ~[gson-2.10.jar%2372!/:?]
	at net.minecraftforge.common.ForgeHooks.loadLootTable(ForgeHooks.java:871) ~[forge-1.20.1-47.4.0-universal.jar%23380!/:?]
	at net.minecraftforge.common.ForgeHooks.lambda$getLootTableDeserializer$3(ForgeHooks.java:848) ~[forge-1.20.1-47.4.0-universal.jar%23380!/:?]
	at net.minecraft.world.level.storage.loot.LootDataType.deserialize(LootDataType.java:45) ~[server-1.20.1-20230612.114412-srg.jar%23375!/:?]
	at net.minecraft.world.level.storage.loot.LootDataManager.lambda$scheduleElementParse$4(LootDataManager.java:56) ~[server-1.20.1-20230612.114412-srg.jar%23375!/:?]
	at java.util.HashMap.forEach(HashMap.java:1429) ~[?:?]
	at net.minecraft.world.level.storage.loot.LootDataManager.m_278660_(LootDataManager.java:55) ~[server-1.20.1-20230612.114412-srg.jar%23375!/:?]
	at java.util.concurrent.CompletableFuture$AsyncRun.run(CompletableFuture.java:1804) ~[?:?]
	at java.util.concurrent.CompletableFuture$AsyncRun.exec(CompletableFuture.java:1796) ~[?:?]
	at java.util.concurrent.ForkJoinTask.doExec(ForkJoinTask.java:507) ~[?:?]
	at java.util.concurrent.ForkJoinPool$WorkQueue.topLevelExec(ForkJoinPool.java:1491) ~[?:?]
	at java.util.concurrent.ForkJoinPool.scan(ForkJoinPool.java:2073) ~[?:?]
	at java.util.concurrent.ForkJoinPool.runWorker(ForkJoinPool.java:2035) ~[?:?]
	at java.util.concurrent.ForkJoinWorkerThread.run(ForkJoinWorkerThread.java:187) ~[?:?]
[24Aug2025 17:19:07.400] [Worker-Main-12/ERROR] [net.minecraftforge.common.ForgeHooks/]: Couldn't parse element loot_tables:dustrial_decor:blocks/cinder_brick_vertical_slab
java.lang.IllegalArgumentException: Can't find block dustrial_decor:cinder_brick_vertical_slab
	at net.minecraft.world.level.storage.loot.predicates.LootItemBlockStatePropertyCondition$Serializer.m_81802_(LootItemBlockStatePropertyCondition.java:79) ~[server-1.20.1-20230612.114412-srg.jar%23375!/:?]
	at java.util.Optional.orElseThrow(Optional.java:403) ~[?:?]
	at net.minecraft.world.level.storage.loot.predicates.LootItemBlockStatePropertyCondition$Serializer.m_7561_(LootItemBlockStatePropertyCondition.java:79) ~[server-1.20.1-20230612.114412-srg.jar%23375!/:?]
	at net.minecraft.world.level.storage.loot.predicates.LootItemBlockStatePropertyCondition$Serializer.m_7561_(LootItemBlockStatePropertyCondition.java:68) ~[server-1.20.1-20230612.114412-srg.jar%23375!/:?]
	at net.minecraft.world.level.storage.loot.GsonAdapterFactory$JsonAdapter.deserialize(GsonAdapterFactory.java:102) ~[server-1.20.1-20230612.114412-srg.jar%23375!/:?]
	at com.google.gson.internal.bind.TreeTypeAdapter.read(TreeTypeAdapter.java:76) ~[gson-2.10.jar%2372!/:?]
	at com.google.gson.internal.bind.TypeAdapterRuntimeTypeWrapper.read(TypeAdapterRuntimeTypeWrapper.java:40) ~[gson-2.10.jar%2372!/:?]
	at com.google.gson.internal.bind.ArrayTypeAdapter.read(ArrayTypeAdapter.java:72) ~[gson-2.10.jar%2372!/:?]
	at com.google.gson.Gson.fromJson(Gson.java:1214) ~[gson-2.10.jar%2372!/:?]
	at com.google.gson.Gson.fromJson(Gson.java:1319) ~[gson-2.10.jar%2372!/:?]
	at com.google.gson.Gson.fromJson(Gson.java:1290) ~[gson-2.10.jar%2372!/:?]
	at com.google.gson.internal.bind.TreeTypeAdapter$GsonContextImpl.deserialize(TreeTypeAdapter.java:179) ~[gson-2.10.jar%2372!/:?]
	at net.minecraft.util.GsonHelper.m_13808_(GsonHelper.java:463) ~[server-1.20.1-20230612.114412-srg.jar%23375!/:?]
	at net.minecraft.util.GsonHelper.m_13845_(GsonHelper.java:481) ~[server-1.20.1-20230612.114412-srg.jar%23375!/:?]
	at net.minecraft.world.level.storage.loot.functions.LootItemConditionalFunction$Serializer.m_7561_(LootItemConditionalFunction.java:98) ~[server-1.20.1-20230612.114412-srg.jar%23375!/:?]
	at net.minecraft.world.level.storage.loot.functions.LootItemConditionalFunction$Serializer.m_7561_(LootItemConditionalFunction.java:88) ~[server-1.20.1-20230612.114412-srg.jar%23375!/:?]
	at net.minecraft.world.level.storage.loot.GsonAdapterFactory$JsonAdapter.deserialize(GsonAdapterFactory.java:102) ~[server-1.20.1-20230612.114412-srg.jar%23375!/:?]
	at com.google.gson.internal.bind.TreeTypeAdapter.read(TreeTypeAdapter.java:76) ~[gson-2.10.jar%2372!/:?]
	at com.google.gson.internal.bind.TypeAdapterRuntimeTypeWrapper.read(TypeAdapterRuntimeTypeWrapper.java:40) ~[gson-2.10.jar%2372!/:?]
	at com.google.gson.internal.bind.ArrayTypeAdapter.read(ArrayTypeAdapter.java:72) ~[gson-2.10.jar%2372!/:?]
	at com.google.gson.Gson.fromJson(Gson.java:1214) ~[gson-2.10.jar%2372!/:?]
	at com.google.gson.Gson.fromJson(Gson.java:1319) ~[gson-2.10.jar%2372!/:?]
	at com.google.gson.Gson.fromJson(Gson.java:1290) ~[gson-2.10.jar%2372!/:?]
	at com.google.gson.internal.bind.TreeTypeAdapter$GsonContextImpl.deserialize(TreeTypeAdapter.java:179) ~[gson-2.10.jar%2372!/:?]
	at net.minecraft.util.GsonHelper.m_13808_(GsonHelper.java:463) ~[server-1.20.1-20230612.114412-srg.jar%23375!/:?]
	at net.minecraft.util.GsonHelper.m_13845_(GsonHelper.java:481) ~[server-1.20.1-20230612.114412-srg.jar%23375!/:?]
	at net.minecraft.world.level.storage.loot.entries.LootPoolSingletonContainer$Serializer.m_5921_(LootPoolSingletonContainer.java:149) ~[server-1.20.1-20230612.114412-srg.jar%23375!/:?]
	at net.minecraft.world.level.storage.loot.entries.LootPoolSingletonContainer$Serializer.m_5921_(LootPoolSingletonContainer.java:129) ~[server-1.20.1-20230612.114412-srg.jar%23375!/:?]
	at net.minecraft.world.level.storage.loot.entries.LootPoolEntryContainer$Serializer.m_7561_(LootPoolEntryContainer.java:86) ~[server-1.20.1-20230612.114412-srg.jar%23375!/:?]
	at net.minecraft.world.level.storage.loot.entries.LootPoolEntryContainer$Serializer.m_7561_(LootPoolEntryContainer.java:74) ~[server-1.20.1-20230612.114412-srg.jar%23375!/:?]
	at net.minecraft.world.level.storage.loot.GsonAdapterFactory$JsonAdapter.deserialize(GsonAdapterFactory.java:102) ~[server-1.20.1-20230612.114412-srg.jar%23375!/:?]
	at com.google.gson.internal.bind.TreeTypeAdapter.read(TreeTypeAdapter.java:76) ~[gson-2.10.jar%2372!/:?]
	at com.google.gson.internal.bind.TypeAdapterRuntimeTypeWrapper.read(TypeAdapterRuntimeTypeWrapper.java:40) ~[gson-2.10.jar%2372!/:?]
	at com.google.gson.internal.bind.ArrayTypeAdapter.read(ArrayTypeAdapter.java:72) ~[gson-2.10.jar%2372!/:?]
	at com.google.gson.Gson.fromJson(Gson.java:1214) ~[gson-2.10.jar%2372!/:?]
	at com.google.gson.Gson.fromJson(Gson.java:1319) ~[gson-2.10.jar%2372!/:?]
	at com.google.gson.Gson.fromJson(Gson.java:1290) ~[gson-2.10.jar%2372!/:?]
	at com.google.gson.internal.bind.TreeTypeAdapter$GsonContextImpl.deserialize(TreeTypeAdapter.java:179) ~[gson-2.10.jar%2372!/:?]
	at net.minecraft.util.GsonHelper.m_13808_(GsonHelper.java:463) ~[server-1.20.1-20230612.114412-srg.jar%23375!/:?]
	at net.minecraft.util.GsonHelper.m_13836_(GsonHelper.java:471) ~[server-1.20.1-20230612.114412-srg.jar%23375!/:?]
	at net.minecraft.world.level.storage.loot.LootPool$Serializer.deserialize(LootPool.java:192) ~[server-1.20.1-20230612.114412-srg.jar%23375!/:?]
	at net.minecraft.world.level.storage.loot.LootPool$Serializer.deserialize(LootPool.java:189) ~[server-1.20.1-20230612.114412-srg.jar%23375!/:?]
	at com.google.gson.internal.bind.TreeTypeAdapter.read(TreeTypeAdapter.java:76) ~[gson-2.10.jar%2372!/:?]
	at com.google.gson.internal.bind.TypeAdapterRuntimeTypeWrapper.read(TypeAdapterRuntimeTypeWrapper.java:40) ~[gson-2.10.jar%2372!/:?]
	at com.google.gson.internal.bind.ArrayTypeAdapter.read(ArrayTypeAdapter.java:72) ~[gson-2.10.jar%2372!/:?]
	at com.google.gson.Gson.fromJson(Gson.java:1214) ~[gson-2.10.jar%2372!/:?]
	at com.google.gson.Gson.fromJson(Gson.java:1319) ~[gson-2.10.jar%2372!/:?]
	at com.google.gson.Gson.fromJson(Gson.java:1290) ~[gson-2.10.jar%2372!/:?]
	at com.google.gson.internal.bind.TreeTypeAdapter$GsonContextImpl.deserialize(TreeTypeAdapter.java:179) ~[gson-2.10.jar%2372!/:?]
	at net.minecraft.util.GsonHelper.m_13808_(GsonHelper.java:463) ~[server-1.20.1-20230612.114412-srg.jar%23375!/:?]
	at net.minecraft.util.GsonHelper.m_13845_(GsonHelper.java:481) ~[server-1.20.1-20230612.114412-srg.jar%23375!/:?]
	at net.minecraft.world.level.storage.loot.LootTable$Serializer.deserialize(LootTable.java:294) ~[server-1.20.1-20230612.114412-srg.jar%23375!/:?]
	at net.minecraft.world.level.storage.loot.LootTable$Serializer.deserialize(LootTable.java:291) ~[server-1.20.1-20230612.114412-srg.jar%23375!/:?]
	at com.google.gson.internal.bind.TreeTypeAdapter.read(TreeTypeAdapter.java:76) ~[gson-2.10.jar%2372!/:?]
	at com.google.gson.Gson.fromJson(Gson.java:1214) ~[gson-2.10.jar%2372!/:?]
	at com.google.gson.Gson.fromJson(Gson.java:1319) ~[gson-2.10.jar%2372!/:?]
	at com.google.gson.Gson.fromJson(Gson.java:1261) ~[gson-2.10.jar%2372!/:?]
	at net.minecraftforge.common.ForgeHooks.loadLootTable(ForgeHooks.java:871) ~[forge-1.20.1-47.4.0-universal.jar%23380!/:?]
	at net.minecraftforge.common.ForgeHooks.lambda$getLootTableDeserializer$3(ForgeHooks.java:848) ~[forge-1.20.1-47.4.0-universal.jar%23380!/:?]
	at net.minecraft.world.level.storage.loot.LootDataType.deserialize(LootDataType.java:45) ~[server-1.20.1-20230612.114412-srg.jar%23375!/:?]
	at net.minecraft.world.level.storage.loot.LootDataManager.lambda$scheduleElementParse$4(LootDataManager.java:56) ~[server-1.20.1-20230612.114412-srg.jar%23375!/:?]
	at java.util.HashMap.forEach(HashMap.java:1429) ~[?:?]
	at net.minecraft.world.level.storage.loot.LootDataManager.m_278660_(LootDataManager.java:55) ~[server-1.20.1-20230612.114412-srg.jar%23375!/:?]
	at java.util.concurrent.CompletableFuture$AsyncRun.run(CompletableFuture.java:1804) ~[?:?]
	at java.util.concurrent.CompletableFuture$AsyncRun.exec(CompletableFuture.java:1796) ~[?:?]
	at java.util.concurrent.ForkJoinTask.doExec(ForkJoinTask.java:507) ~[?:?]
	at java.util.concurrent.ForkJoinPool$WorkQueue.topLevelExec(ForkJoinPool.java:1491) ~[?:?]
	at java.util.concurrent.ForkJoinPool.scan(ForkJoinPool.java:2073) ~[?:?]
	at java.util.concurrent.ForkJoinPool.runWorker(ForkJoinPool.java:2035) ~[?:?]
	at java.util.concurrent.ForkJoinWorkerThread.run(ForkJoinWorkerThread.java:187) ~[?:?]
[24Aug2025 17:19:07.414] [Worker-Main-12/ERROR] [net.minecraftforge.common.ForgeHooks/]: Couldn't parse element loot_tables:dustrial_decor:blocks/large_ender_lantern
com.google.gson.JsonSyntaxException: Expected name to be an item, was unknown string 'dustrial_decor:large_ender_lantern'
	at net.minecraft.util.GsonHelper.m_13866_(GsonHelper.java:145) ~[server-1.20.1-20230612.114412-srg.jar%23375!/:?]
	at java.util.Optional.orElseThrow(Optional.java:403) ~[?:?]
	at net.minecraft.util.GsonHelper.m_13874_(GsonHelper.java:145) ~[server-1.20.1-20230612.114412-srg.jar%23375!/:?]
	at net.minecraft.util.GsonHelper.m_13909_(GsonHelper.java:153) ~[server-1.20.1-20230612.114412-srg.jar%23375!/:?]
	at net.minecraft.world.level.storage.loot.entries.LootItem$Serializer.m_7267_(LootItem.java:55) ~[server-1.20.1-20230612.114412-srg.jar%23375!/:?]
	at net.minecraft.world.level.storage.loot.entries.LootItem$Serializer.m_7267_(LootItem.java:40) ~[server-1.20.1-20230612.114412-srg.jar%23375!/:?]
	at net.minecraft.world.level.storage.loot.entries.LootPoolSingletonContainer$Serializer.m_5921_(LootPoolSingletonContainer.java:151) ~[server-1.20.1-20230612.114412-srg.jar%23375!/:?]
	at net.minecraft.world.level.storage.loot.entries.LootPoolSingletonContainer$Serializer.m_5921_(LootPoolSingletonContainer.java:129) ~[server-1.20.1-20230612.114412-srg.jar%23375!/:?]
	at net.minecraft.world.level.storage.loot.entries.LootPoolEntryContainer$Serializer.m_7561_(LootPoolEntryContainer.java:86) ~[server-1.20.1-20230612.114412-srg.jar%23375!/:?]
	at net.minecraft.world.level.storage.loot.entries.LootPoolEntryContainer$Serializer.m_7561_(LootPoolEntryContainer.java:74) ~[server-1.20.1-20230612.114412-srg.jar%23375!/:?]
	at net.minecraft.world.level.storage.loot.GsonAdapterFactory$JsonAdapter.deserialize(GsonAdapterFactory.java:102) ~[server-1.20.1-20230612.114412-srg.jar%23375!/:?]
	at com.google.gson.internal.bind.TreeTypeAdapter.read(TreeTypeAdapter.java:76) ~[gson-2.10.jar%2372!/:?]
	at com.google.gson.internal.bind.TypeAdapterRuntimeTypeWrapper.read(TypeAdapterRuntimeTypeWrapper.java:40) ~[gson-2.10.jar%2372!/:?]
	at com.google.gson.internal.bind.ArrayTypeAdapter.read(ArrayTypeAdapter.java:72) ~[gson-2.10.jar%2372!/:?]
	at com.google.gson.Gson.fromJson(Gson.java:1214) ~[gson-2.10.jar%2372!/:?]
	at com.google.gson.Gson.fromJson(Gson.java:1319) ~[gson-2.10.jar%2372!/:?]
	at com.google.gson.Gson.fromJson(Gson.java:1290) ~[gson-2.10.jar%2372!/:?]
	at com.google.gson.internal.bind.TreeTypeAdapter$GsonContextImpl.deserialize(TreeTypeAdapter.java:179) ~[gson-2.10.jar%2372!/:?]
	at net.minecraft.util.GsonHelper.m_13808_(GsonHelper.java:463) ~[server-1.20.1-20230612.114412-srg.jar%23375!/:?]
	at net.minecraft.util.GsonHelper.m_13836_(GsonHelper.java:471) ~[server-1.20.1-20230612.114412-srg.jar%23375!/:?]
	at net.minecraft.world.level.storage.loot.LootPool$Serializer.deserialize(LootPool.java:192) ~[server-1.20.1-20230612.114412-srg.jar%23375!/:?]
	at net.minecraft.world.level.storage.loot.LootPool$Serializer.deserialize(LootPool.java:189) ~[server-1.20.1-20230612.114412-srg.jar%23375!/:?]
	at com.google.gson.internal.bind.TreeTypeAdapter.read(TreeTypeAdapter.java:76) ~[gson-2.10.jar%2372!/:?]
	at com.google.gson.internal.bind.TypeAdapterRuntimeTypeWrapper.read(TypeAdapterRuntimeTypeWrapper.java:40) ~[gson-2.10.jar%2372!/:?]
	at com.google.gson.internal.bind.ArrayTypeAdapter.read(ArrayTypeAdapter.java:72) ~[gson-2.10.jar%2372!/:?]
	at com.google.gson.Gson.fromJson(Gson.java:1214) ~[gson-2.10.jar%2372!/:?]
	at com.google.gson.Gson.fromJson(Gson.java:1319) ~[gson-2.10.jar%2372!/:?]
	at com.google.gson.Gson.fromJson(Gson.java:1290) ~[gson-2.10.jar%2372!/:?]
	at com.google.gson.internal.bind.TreeTypeAdapter$GsonContextImpl.deserialize(TreeTypeAdapter.java:179) ~[gson-2.10.jar%2372!/:?]
	at net.minecraft.util.GsonHelper.m_13808_(GsonHelper.java:463) ~[server-1.20.1-20230612.114412-srg.jar%23375!/:?]
	at net.minecraft.util.GsonHelper.m_13845_(GsonHelper.java:481) ~[server-1.20.1-20230612.114412-srg.jar%23375!/:?]
	at net.minecraft.world.level.storage.loot.LootTable$Serializer.deserialize(LootTable.java:294) ~[server-1.20.1-20230612.114412-srg.jar%23375!/:?]
	at net.minecraft.world.level.storage.loot.LootTable$Serializer.deserialize(LootTable.java:291) ~[server-1.20.1-20230612.114412-srg.jar%23375!/:?]
	at com.google.gson.internal.bind.TreeTypeAdapter.read(TreeTypeAdapter.java:76) ~[gson-2.10.jar%2372!/:?]
	at com.google.gson.Gson.fromJson(Gson.java:1214) ~[gson-2.10.jar%2372!/:?]
	at com.google.gson.Gson.fromJson(Gson.java:1319) ~[gson-2.10.jar%2372!/:?]
	at com.google.gson.Gson.fromJson(Gson.java:1261) ~[gson-2.10.jar%2372!/:?]
	at net.minecraftforge.common.ForgeHooks.loadLootTable(ForgeHooks.java:871) ~[forge-1.20.1-47.4.0-universal.jar%23380!/:?]
	at net.minecraftforge.common.ForgeHooks.lambda$getLootTableDeserializer$3(ForgeHooks.java:848) ~[forge-1.20.1-47.4.0-universal.jar%23380!/:?]
	at net.minecraft.world.level.storage.loot.LootDataType.deserialize(LootDataType.java:45) ~[server-1.20.1-20230612.114412-srg.jar%23375!/:?]
	at net.minecraft.world.level.storage.loot.LootDataManager.lambda$scheduleElementParse$4(LootDataManager.java:56) ~[server-1.20.1-20230612.114412-srg.jar%23375!/:?]
	at java.util.HashMap.forEach(HashMap.java:1429) ~[?:?]
	at net.minecraft.world.level.storage.loot.LootDataManager.m_278660_(LootDataManager.java:55) ~[server-1.20.1-20230612.114412-srg.jar%23375!/:?]
	at java.util.concurrent.CompletableFuture$AsyncRun.run(CompletableFuture.java:1804) ~[?:?]
	at java.util.concurrent.CompletableFuture$AsyncRun.exec(CompletableFuture.java:1796) ~[?:?]
	at java.util.concurrent.ForkJoinTask.doExec(ForkJoinTask.java:507) ~[?:?]
	at java.util.concurrent.ForkJoinPool$WorkQueue.topLevelExec(ForkJoinPool.java:1491) ~[?:?]
	at java.util.concurrent.ForkJoinPool.scan(ForkJoinPool.java:2073) ~[?:?]
	at java.util.concurrent.ForkJoinPool.runWorker(ForkJoinPool.java:2035) ~[?:?]
	at java.util.concurrent.ForkJoinWorkerThread.run(ForkJoinWorkerThread.java:187) ~[?:?]
[24Aug2025 17:19:07.504] [Worker-Main-12/ERROR] [net.minecraftforge.common.ForgeHooks/]: Couldn't parse element loot_tables:dustrial_decor:blocks/large_cursed_lantern
com.google.gson.JsonSyntaxException: Expected name to be an item, was unknown string 'dustrial_decor:large_cursed_lantern'
	at net.minecraft.util.GsonHelper.m_13866_(GsonHelper.java:145) ~[server-1.20.1-20230612.114412-srg.jar%23375!/:?]
	at java.util.Optional.orElseThrow(Optional.java:403) ~[?:?]
	at net.minecraft.util.GsonHelper.m_13874_(GsonHelper.java:145) ~[server-1.20.1-20230612.114412-srg.jar%23375!/:?]
	at net.minecraft.util.GsonHelper.m_13909_(GsonHelper.java:153) ~[server-1.20.1-20230612.114412-srg.jar%23375!/:?]
	at net.minecraft.world.level.storage.loot.entries.LootItem$Serializer.m_7267_(LootItem.java:55) ~[server-1.20.1-20230612.114412-srg.jar%23375!/:?]
	at net.minecraft.world.level.storage.loot.entries.LootItem$Serializer.m_7267_(LootItem.java:40) ~[server-1.20.1-20230612.114412-srg.jar%23375!/:?]
	at net.minecraft.world.level.storage.loot.entries.LootPoolSingletonContainer$Serializer.m_5921_(LootPoolSingletonContainer.java:151) ~[server-1.20.1-20230612.114412-srg.jar%23375!/:?]
	at net.minecraft.world.level.storage.loot.entries.LootPoolSingletonContainer$Serializer.m_5921_(LootPoolSingletonContainer.java:129) ~[server-1.20.1-20230612.114412-srg.jar%23375!/:?]
	at net.minecraft.world.level.storage.loot.entries.LootPoolEntryContainer$Serializer.m_7561_(LootPoolEntryContainer.java:86) ~[server-1.20.1-20230612.114412-srg.jar%23375!/:?]
	at net.minecraft.world.level.storage.loot.entries.LootPoolEntryContainer$Serializer.m_7561_(LootPoolEntryContainer.java:74) ~[server-1.20.1-20230612.114412-srg.jar%23375!/:?]
	at net.minecraft.world.level.storage.loot.GsonAdapterFactory$JsonAdapter.deserialize(GsonAdapterFactory.java:102) ~[server-1.20.1-20230612.114412-srg.jar%23375!/:?]
	at com.google.gson.internal.bind.TreeTypeAdapter.read(TreeTypeAdapter.java:76) ~[gson-2.10.jar%2372!/:?]
	at com.google.gson.internal.bind.TypeAdapterRuntimeTypeWrapper.read(TypeAdapterRuntimeTypeWrapper.java:40) ~[gson-2.10.jar%2372!/:?]
	at com.google.gson.internal.bind.ArrayTypeAdapter.read(ArrayTypeAdapter.java:72) ~[gson-2.10.jar%2372!/:?]
	at com.google.gson.Gson.fromJson(Gson.java:1214) ~[gson-2.10.jar%2372!/:?]
	at com.google.gson.Gson.fromJson(Gson.java:1319) ~[gson-2.10.jar%2372!/:?]
	at com.google.gson.Gson.fromJson(Gson.java:1290) ~[gson-2.10.jar%2372!/:?]
	at com.google.gson.internal.bind.TreeTypeAdapter$GsonContextImpl.deserialize(TreeTypeAdapter.java:179) ~[gson-2.10.jar%2372!/:?]
	at net.minecraft.util.GsonHelper.m_13808_(GsonHelper.java:463) ~[server-1.20.1-20230612.114412-srg.jar%23375!/:?]
	at net.minecraft.util.GsonHelper.m_13836_(GsonHelper.java:471) ~[server-1.20.1-20230612.114412-srg.jar%23375!/:?]
	at net.minecraft.world.level.storage.loot.LootPool$Serializer.deserialize(LootPool.java:192) ~[server-1.20.1-20230612.114412-srg.jar%23375!/:?]
	at net.minecraft.world.level.storage.loot.LootPool$Serializer.deserialize(LootPool.java:189) ~[server-1.20.1-20230612.114412-srg.jar%23375!/:?]
	at com.google.gson.internal.bind.TreeTypeAdapter.read(TreeTypeAdapter.java:76) ~[gson-2.10.jar%2372!/:?]
	at com.google.gson.internal.bind.TypeAdapterRuntimeTypeWrapper.read(TypeAdapterRuntimeTypeWrapper.java:40) ~[gson-2.10.jar%2372!/:?]
	at com.google.gson.internal.bind.ArrayTypeAdapter.read(ArrayTypeAdapter.java:72) ~[gson-2.10.jar%2372!/:?]
	at com.google.gson.Gson.fromJson(Gson.java:1214) ~[gson-2.10.jar%2372!/:?]
	at com.google.gson.Gson.fromJson(Gson.java:1319) ~[gson-2.10.jar%2372!/:?]
	at com.google.gson.Gson.fromJson(Gson.java:1290) ~[gson-2.10.jar%2372!/:?]
	at com.google.gson.internal.bind.TreeTypeAdapter$GsonContextImpl.deserialize(TreeTypeAdapter.java:179) ~[gson-2.10.jar%2372!/:?]
	at net.minecraft.util.GsonHelper.m_13808_(GsonHelper.java:463) ~[server-1.20.1-20230612.114412-srg.jar%23375!/:?]
	at net.minecraft.util.GsonHelper.m_13845_(GsonHelper.java:481) ~[server-1.20.1-20230612.114412-srg.jar%23375!/:?]
	at net.minecraft.world.level.storage.loot.LootTable$Serializer.deserialize(LootTable.java:294) ~[server-1.20.1-20230612.114412-srg.jar%23375!/:?]
	at net.minecraft.world.level.storage.loot.LootTable$Serializer.deserialize(LootTable.java:291) ~[server-1.20.1-20230612.114412-srg.jar%23375!/:?]
	at com.google.gson.internal.bind.TreeTypeAdapter.read(TreeTypeAdapter.java:76) ~[gson-2.10.jar%2372!/:?]
	at com.google.gson.Gson.fromJson(Gson.java:1214) ~[gson-2.10.jar%2372!/:?]
	at com.google.gson.Gson.fromJson(Gson.java:1319) ~[gson-2.10.jar%2372!/:?]
	at com.google.gson.Gson.fromJson(Gson.java:1261) ~[gson-2.10.jar%2372!/:?]
	at net.minecraftforge.common.ForgeHooks.loadLootTable(ForgeHooks.java:871) ~[forge-1.20.1-47.4.0-universal.jar%23380!/:?]
	at net.minecraftforge.common.ForgeHooks.lambda$getLootTableDeserializer$3(ForgeHooks.java:848) ~[forge-1.20.1-47.4.0-universal.jar%23380!/:?]
	at net.minecraft.world.level.storage.loot.LootDataType.deserialize(LootDataType.java:45) ~[server-1.20.1-20230612.114412-srg.jar%23375!/:?]
	at net.minecraft.world.level.storage.loot.LootDataManager.lambda$scheduleElementParse$4(LootDataManager.java:56) ~[server-1.20.1-20230612.114412-srg.jar%23375!/:?]
	at java.util.HashMap.forEach(HashMap.java:1429) ~[?:?]
	at net.minecraft.world.level.storage.loot.LootDataManager.m_278660_(LootDataManager.java:55) ~[server-1.20.1-20230612.114412-srg.jar%23375!/:?]
	at java.util.concurrent.CompletableFuture$AsyncRun.run(CompletableFuture.java:1804) ~[?:?]
	at java.util.concurrent.CompletableFuture$AsyncRun.exec(CompletableFuture.java:1796) ~[?:?]
	at java.util.concurrent.ForkJoinTask.doExec(ForkJoinTask.java:507) ~[?:?]
	at java.util.concurrent.ForkJoinPool$WorkQueue.topLevelExec(ForkJoinPool.java:1491) ~[?:?]
	at java.util.concurrent.ForkJoinPool.scan(ForkJoinPool.java:2073) ~[?:?]
	at java.util.concurrent.ForkJoinPool.runWorker(ForkJoinPool.java:2035) ~[?:?]
	at java.util.concurrent.ForkJoinWorkerThread.run(ForkJoinWorkerThread.java:187) ~[?:?]
[24Aug2025 17:19:07.548] [Worker-Main-12/ERROR] [net.minecraftforge.common.ForgeHooks/]: Couldn't parse element loot_tables:dustrial_decor:blocks/smooth_cardboard_vertical_slab
java.lang.IllegalArgumentException: Can't find block dustrial_decor:smooth_cardboard_vertical_slab
	at net.minecraft.world.level.storage.loot.predicates.LootItemBlockStatePropertyCondition$Serializer.m_81802_(LootItemBlockStatePropertyCondition.java:79) ~[server-1.20.1-20230612.114412-srg.jar%23375!/:?]
	at java.util.Optional.orElseThrow(Optional.java:403) ~[?:?]
	at net.minecraft.world.level.storage.loot.predicates.LootItemBlockStatePropertyCondition$Serializer.m_7561_(LootItemBlockStatePropertyCondition.java:79) ~[server-1.20.1-20230612.114412-srg.jar%23375!/:?]
	at net.minecraft.world.level.storage.loot.predicates.LootItemBlockStatePropertyCondition$Serializer.m_7561_(LootItemBlockStatePropertyCondition.java:68) ~[server-1.20.1-20230612.114412-srg.jar%23375!/:?]
	at net.minecraft.world.level.storage.loot.GsonAdapterFactory$JsonAdapter.deserialize(GsonAdapterFactory.java:102) ~[server-1.20.1-20230612.114412-srg.jar%23375!/:?]
	at com.google.gson.internal.bind.TreeTypeAdapter.read(TreeTypeAdapter.java:76) ~[gson-2.10.jar%2372!/:?]
	at com.google.gson.internal.bind.TypeAdapterRuntimeTypeWrapper.read(TypeAdapterRuntimeTypeWrapper.java:40) ~[gson-2.10.jar%2372!/:?]
	at com.google.gson.internal.bind.ArrayTypeAdapter.read(ArrayTypeAdapter.java:72) ~[gson-2.10.jar%2372!/:?]
	at com.google.gson.Gson.fromJson(Gson.java:1214) ~[gson-2.10.jar%2372!/:?]
	at com.google.gson.Gson.fromJson(Gson.java:1319) ~[gson-2.10.jar%2372!/:?]
	at com.google.gson.Gson.fromJson(Gson.java:1290) ~[gson-2.10.jar%2372!/:?]
	at com.google.gson.internal.bind.TreeTypeAdapter$GsonContextImpl.deserialize(TreeTypeAdapter.java:179) ~[gson-2.10.jar%2372!/:?]
	at net.minecraft.util.GsonHelper.m_13808_(GsonHelper.java:463) ~[server-1.20.1-20230612.114412-srg.jar%23375!/:?]
	at net.minecraft.util.GsonHelper.m_13845_(GsonHelper.java:481) ~[server-1.20.1-20230612.114412-srg.jar%23375!/:?]
	at net.minecraft.world.level.storage.loot.functions.LootItemConditionalFunction$Serializer.m_7561_(LootItemConditionalFunction.java:98) ~[server-1.20.1-20230612.114412-srg.jar%23375!/:?]
	at net.minecraft.world.level.storage.loot.functions.LootItemConditionalFunction$Serializer.m_7561_(LootItemConditionalFunction.java:88) ~[server-1.20.1-20230612.114412-srg.jar%23375!/:?]
	at net.minecraft.world.level.storage.loot.GsonAdapterFactory$JsonAdapter.deserialize(GsonAdapterFactory.java:102) ~[server-1.20.1-20230612.114412-srg.jar%23375!/:?]
	at com.google.gson.internal.bind.TreeTypeAdapter.read(TreeTypeAdapter.java:76) ~[gson-2.10.jar%2372!/:?]
	at com.google.gson.internal.bind.TypeAdapterRuntimeTypeWrapper.read(TypeAdapterRuntimeTypeWrapper.java:40) ~[gson-2.10.jar%2372!/:?]
	at com.google.gson.internal.bind.ArrayTypeAdapter.read(ArrayTypeAdapter.java:72) ~[gson-2.10.jar%2372!/:?]
	at com.google.gson.Gson.fromJson(Gson.java:1214) ~[gson-2.10.jar%2372!/:?]
	at com.google.gson.Gson.fromJson(Gson.java:1319) ~[gson-2.10.jar%2372!/:?]
	at com.google.gson.Gson.fromJson(Gson.java:1290) ~[gson-2.10.jar%2372!/:?]
	at com.google.gson.internal.bind.TreeTypeAdapter$GsonContextImpl.deserialize(TreeTypeAdapter.java:179) ~[gson-2.10.jar%2372!/:?]
	at net.minecraft.util.GsonHelper.m_13808_(GsonHelper.java:463) ~[server-1.20.1-20230612.114412-srg.jar%23375!/:?]
	at net.minecraft.util.GsonHelper.m_13845_(GsonHelper.java:481) ~[server-1.20.1-20230612.114412-srg.jar%23375!/:?]
	at net.minecraft.world.level.storage.loot.entries.LootPoolSingletonContainer$Serializer.m_5921_(LootPoolSingletonContainer.java:149) ~[server-1.20.1-20230612.114412-srg.jar%23375!/:?]
	at net.minecraft.world.level.storage.loot.entries.LootPoolSingletonContainer$Serializer.m_5921_(LootPoolSingletonContainer.java:129) ~[server-1.20.1-20230612.114412-srg.jar%23375!/:?]
	at net.minecraft.world.level.storage.loot.entries.LootPoolEntryContainer$Serializer.m_7561_(LootPoolEntryContainer.java:86) ~[server-1.20.1-20230612.114412-srg.jar%23375!/:?]
	at net.minecraft.world.level.storage.loot.entries.LootPoolEntryContainer$Serializer.m_7561_(LootPoolEntryContainer.java:74) ~[server-1.20.1-20230612.114412-srg.jar%23375!/:?]
	at net.minecraft.world.level.storage.loot.GsonAdapterFactory$JsonAdapter.deserialize(GsonAdapterFactory.java:102) ~[server-1.20.1-20230612.114412-srg.jar%23375!/:?]
	at com.google.gson.internal.bind.TreeTypeAdapter.read(TreeTypeAdapter.java:76) ~[gson-2.10.jar%2372!/:?]
	at com.google.gson.internal.bind.TypeAdapterRuntimeTypeWrapper.read(TypeAdapterRuntimeTypeWrapper.java:40) ~[gson-2.10.jar%2372!/:?]
	at com.google.gson.internal.bind.ArrayTypeAdapter.read(ArrayTypeAdapter.java:72) ~[gson-2.10.jar%2372!/:?]
	at com.google.gson.Gson.fromJson(Gson.java:1214) ~[gson-2.10.jar%2372!/:?]
	at com.google.gson.Gson.fromJson(Gson.java:1319) ~[gson-2.10.jar%2372!/:?]
	at com.google.gson.Gson.fromJson(Gson.java:1290) ~[gson-2.10.jar%2372!/:?]
	at com.google.gson.internal.bind.TreeTypeAdapter$GsonContextImpl.deserialize(TreeTypeAdapter.java:179) ~[gson-2.10.jar%2372!/:?]
	at net.minecraft.util.GsonHelper.m_13808_(GsonHelper.java:463) ~[server-1.20.1-20230612.114412-srg.jar%23375!/:?]
	at net.minecraft.util.GsonHelper.m_13836_(GsonHelper.java:471) ~[server-1.20.1-20230612.114412-srg.jar%23375!/:?]
	at net.minecraft.world.level.storage.loot.LootPool$Serializer.deserialize(LootPool.java:192) ~[server-1.20.1-20230612.114412-srg.jar%23375!/:?]
	at net.minecraft.world.level.storage.loot.LootPool$Serializer.deserialize(LootPool.java:189) ~[server-1.20.1-20230612.114412-srg.jar%23375!/:?]
	at com.google.gson.internal.bind.TreeTypeAdapter.read(TreeTypeAdapter.java:76) ~[gson-2.10.jar%2372!/:?]
	at com.google.gson.internal.bind.TypeAdapterRuntimeTypeWrapper.read(TypeAdapterRuntimeTypeWrapper.java:40) ~[gson-2.10.jar%2372!/:?]
	at com.google.gson.internal.bind.ArrayTypeAdapter.read(ArrayTypeAdapter.java:72) ~[gson-2.10.jar%2372!/:?]
	at com.google.gson.Gson.fromJson(Gson.java:1214) ~[gson-2.10.jar%2372!/:?]
	at com.google.gson.Gson.fromJson(Gson.java:1319) ~[gson-2.10.jar%2372!/:?]
	at com.google.gson.Gson.fromJson(Gson.java:1290) ~[gson-2.10.jar%2372!/:?]
	at com.google.gson.internal.bind.TreeTypeAdapter$GsonContextImpl.deserialize(TreeTypeAdapter.java:179) ~[gson-2.10.jar%2372!/:?]
	at net.minecraft.util.GsonHelper.m_13808_(GsonHelper.java:463) ~[server-1.20.1-20230612.114412-srg.jar%23375!/:?]
	at net.minecraft.util.GsonHelper.m_13845_(GsonHelper.java:481) ~[server-1.20.1-20230612.114412-srg.jar%23375!/:?]
	at net.minecraft.world.level.storage.loot.LootTable$Serializer.deserialize(LootTable.java:294) ~[server-1.20.1-20230612.114412-srg.jar%23375!/:?]
	at net.minecraft.world.level.storage.loot.LootTable$Serializer.deserialize(LootTable.java:291) ~[server-1.20.1-20230612.114412-srg.jar%23375!/:?]
	at com.google.gson.internal.bind.TreeTypeAdapter.read(TreeTypeAdapter.java:76) ~[gson-2.10.jar%2372!/:?]
	at com.google.gson.Gson.fromJson(Gson.java:1214) ~[gson-2.10.jar%2372!/:?]
	at com.google.gson.Gson.fromJson(Gson.java:1319) ~[gson-2.10.jar%2372!/:?]
	at com.google.gson.Gson.fromJson(Gson.java:1261) ~[gson-2.10.jar%2372!/:?]
	at net.minecraftforge.common.ForgeHooks.loadLootTable(ForgeHooks.java:871) ~[forge-1.20.1-47.4.0-universal.jar%23380!/:?]
	at net.minecraftforge.common.ForgeHooks.lambda$getLootTableDeserializer$3(ForgeHooks.java:848) ~[forge-1.20.1-47.4.0-universal.jar%23380!/:?]
	at net.minecraft.world.level.storage.loot.LootDataType.deserialize(LootDataType.java:45) ~[server-1.20.1-20230612.114412-srg.jar%23375!/:?]
	at net.minecraft.world.level.storage.loot.LootDataManager.lambda$scheduleElementParse$4(LootDataManager.java:56) ~[server-1.20.1-20230612.114412-srg.jar%23375!/:?]
	at java.util.HashMap.forEach(HashMap.java:1429) ~[?:?]
	at net.minecraft.world.level.storage.loot.LootDataManager.m_278660_(LootDataManager.java:55) ~[server-1.20.1-20230612.114412-srg.jar%23375!/:?]
	at java.util.concurrent.CompletableFuture$AsyncRun.run(CompletableFuture.java:1804) ~[?:?]
	at java.util.concurrent.CompletableFuture$AsyncRun.exec(CompletableFuture.java:1796) ~[?:?]
	at java.util.concurrent.ForkJoinTask.doExec(ForkJoinTask.java:507) ~[?:?]
	at java.util.concurrent.ForkJoinPool$WorkQueue.topLevelExec(ForkJoinPool.java:1491) ~[?:?]
	at java.util.concurrent.ForkJoinPool.scan(ForkJoinPool.java:2073) ~[?:?]
	at java.util.concurrent.ForkJoinPool.runWorker(ForkJoinPool.java:2035) ~[?:?]
	at java.util.concurrent.ForkJoinWorkerThread.run(ForkJoinWorkerThread.java:187) ~[?:?]
[24Aug2025 17:19:07.569] [Worker-Main-12/ERROR] [net.minecraftforge.common.ForgeHooks/]: Couldn't parse element loot_tables:dustrial_decor:blocks/rusty_sheet_metal_treading_vertical_slab
java.lang.IllegalArgumentException: Can't find block dustrial_decor:rusty_sheet_metal_treading_vertical_slab
	at net.minecraft.world.level.storage.loot.predicates.LootItemBlockStatePropertyCondition$Serializer.m_81802_(LootItemBlockStatePropertyCondition.java:79) ~[server-1.20.1-20230612.114412-srg.jar%23375!/:?]
	at java.util.Optional.orElseThrow(Optional.java:403) ~[?:?]
	at net.minecraft.world.level.storage.loot.predicates.LootItemBlockStatePropertyCondition$Serializer.m_7561_(LootItemBlockStatePropertyCondition.java:79) ~[server-1.20.1-20230612.114412-srg.jar%23375!/:?]
	at net.minecraft.world.level.storage.loot.predicates.LootItemBlockStatePropertyCondition$Serializer.m_7561_(LootItemBlockStatePropertyCondition.java:68) ~[server-1.20.1-20230612.114412-srg.jar%23375!/:?]
	at net.minecraft.world.level.storage.loot.GsonAdapterFactory$JsonAdapter.deserialize(GsonAdapterFactory.java:102) ~[server-1.20.1-20230612.114412-srg.jar%23375!/:?]
	at com.google.gson.internal.bind.TreeTypeAdapter.read(TreeTypeAdapter.java:76) ~[gson-2.10.jar%2372!/:?]
	at com.google.gson.internal.bind.TypeAdapterRuntimeTypeWrapper.read(TypeAdapterRuntimeTypeWrapper.java:40) ~[gson-2.10.jar%2372!/:?]
	at com.google.gson.internal.bind.ArrayTypeAdapter.read(ArrayTypeAdapter.java:72) ~[gson-2.10.jar%2372!/:?]
	at com.google.gson.Gson.fromJson(Gson.java:1214) ~[gson-2.10.jar%2372!/:?]
	at com.google.gson.Gson.fromJson(Gson.java:1319) ~[gson-2.10.jar%2372!/:?]
	at com.google.gson.Gson.fromJson(Gson.java:1290) ~[gson-2.10.jar%2372!/:?]
	at com.google.gson.internal.bind.TreeTypeAdapter$GsonContextImpl.deserialize(TreeTypeAdapter.java:179) ~[gson-2.10.jar%2372!/:?]
	at net.minecraft.util.GsonHelper.m_13808_(GsonHelper.java:463) ~[server-1.20.1-20230612.114412-srg.jar%23375!/:?]
	at net.minecraft.util.GsonHelper.m_13845_(GsonHelper.java:481) ~[server-1.20.1-20230612.114412-srg.jar%23375!/:?]
	at net.minecraft.world.level.storage.loot.functions.LootItemConditionalFunction$Serializer.m_7561_(LootItemConditionalFunction.java:98) ~[server-1.20.1-20230612.114412-srg.jar%23375!/:?]
	at net.minecraft.world.level.storage.loot.functions.LootItemConditionalFunction$Serializer.m_7561_(LootItemConditionalFunction.java:88) ~[server-1.20.1-20230612.114412-srg.jar%23375!/:?]
	at net.minecraft.world.level.storage.loot.GsonAdapterFactory$JsonAdapter.deserialize(GsonAdapterFactory.java:102) ~[server-1.20.1-20230612.114412-srg.jar%23375!/:?]
	at com.google.gson.internal.bind.TreeTypeAdapter.read(TreeTypeAdapter.java:76) ~[gson-2.10.jar%2372!/:?]
	at com.google.gson.internal.bind.TypeAdapterRuntimeTypeWrapper.read(TypeAdapterRuntimeTypeWrapper.java:40) ~[gson-2.10.jar%2372!/:?]
	at com.google.gson.internal.bind.ArrayTypeAdapter.read(ArrayTypeAdapter.java:72) ~[gson-2.10.jar%2372!/:?]
	at com.google.gson.Gson.fromJson(Gson.java:1214) ~[gson-2.10.jar%2372!/:?]
	at com.google.gson.Gson.fromJson(Gson.java:1319) ~[gson-2.10.jar%2372!/:?]
	at com.google.gson.Gson.fromJson(Gson.java:1290) ~[gson-2.10.jar%2372!/:?]
	at com.google.gson.internal.bind.TreeTypeAdapter$GsonContextImpl.deserialize(TreeTypeAdapter.java:179) ~[gson-2.10.jar%2372!/:?]
	at net.minecraft.util.GsonHelper.m_13808_(GsonHelper.java:463) ~[server-1.20.1-20230612.114412-srg.jar%23375!/:?]
	at net.minecraft.util.GsonHelper.m_13845_(GsonHelper.java:481) ~[server-1.20.1-20230612.114412-srg.jar%23375!/:?]
	at net.minecraft.world.level.storage.loot.entries.LootPoolSingletonContainer$Serializer.m_5921_(LootPoolSingletonContainer.java:149) ~[server-1.20.1-20230612.114412-srg.jar%23375!/:?]
	at net.minecraft.world.level.storage.loot.entries.LootPoolSingletonContainer$Serializer.m_5921_(LootPoolSingletonContainer.java:129) ~[server-1.20.1-20230612.114412-srg.jar%23375!/:?]
	at net.minecraft.world.level.storage.loot.entries.LootPoolEntryContainer$Serializer.m_7561_(LootPoolEntryContainer.java:86) ~[server-1.20.1-20230612.114412-srg.jar%23375!/:?]
	at net.minecraft.world.level.storage.loot.entries.LootPoolEntryContainer$Serializer.m_7561_(LootPoolEntryContainer.java:74) ~[server-1.20.1-20230612.114412-srg.jar%23375!/:?]
	at net.minecraft.world.level.storage.loot.GsonAdapterFactory$JsonAdapter.deserialize(GsonAdapterFactory.java:102) ~[server-1.20.1-20230612.114412-srg.jar%23375!/:?]
	at com.google.gson.internal.bind.TreeTypeAdapter.read(TreeTypeAdapter.java:76) ~[gson-2.10.jar%2372!/:?]
	at com.google.gson.internal.bind.TypeAdapterRuntimeTypeWrapper.read(TypeAdapterRuntimeTypeWrapper.java:40) ~[gson-2.10.jar%2372!/:?]
	at com.google.gson.internal.bind.ArrayTypeAdapter.read(ArrayTypeAdapter.java:72) ~[gson-2.10.jar%2372!/:?]
	at com.google.gson.Gson.fromJson(Gson.java:1214) ~[gson-2.10.jar%2372!/:?]
	at com.google.gson.Gson.fromJson(Gson.java:1319) ~[gson-2.10.jar%2372!/:?]
	at com.google.gson.Gson.fromJson(Gson.java:1290) ~[gson-2.10.jar%2372!/:?]
	at com.google.gson.internal.bind.TreeTypeAdapter$GsonContextImpl.deserialize(TreeTypeAdapter.java:179) ~[gson-2.10.jar%2372!/:?]
	at net.minecraft.util.GsonHelper.m_13808_(GsonHelper.java:463) ~[server-1.20.1-20230612.114412-srg.jar%23375!/:?]
	at net.minecraft.util.GsonHelper.m_13836_(GsonHelper.java:471) ~[server-1.20.1-20230612.114412-srg.jar%23375!/:?]
	at net.minecraft.world.level.storage.loot.LootPool$Serializer.deserialize(LootPool.java:192) ~[server-1.20.1-20230612.114412-srg.jar%23375!/:?]
	at net.minecraft.world.level.storage.loot.LootPool$Serializer.deserialize(LootPool.java:189) ~[server-1.20.1-20230612.114412-srg.jar%23375!/:?]
	at com.google.gson.internal.bind.TreeTypeAdapter.read(TreeTypeAdapter.java:76) ~[gson-2.10.jar%2372!/:?]
	at com.google.gson.internal.bind.TypeAdapterRuntimeTypeWrapper.read(TypeAdapterRuntimeTypeWrapper.java:40) ~[gson-2.10.jar%2372!/:?]
	at com.google.gson.internal.bind.ArrayTypeAdapter.read(ArrayTypeAdapter.java:72) ~[gson-2.10.jar%2372!/:?]
	at com.google.gson.Gson.fromJson(Gson.java:1214) ~[gson-2.10.jar%2372!/:?]
	at com.google.gson.Gson.fromJson(Gson.java:1319) ~[gson-2.10.jar%2372!/:?]
	at com.google.gson.Gson.fromJson(Gson.java:1290) ~[gson-2.10.jar%2372!/:?]
	at com.google.gson.internal.bind.TreeTypeAdapter$GsonContextImpl.deserialize(TreeTypeAdapter.java:179) ~[gson-2.10.jar%2372!/:?]
	at net.minecraft.util.GsonHelper.m_13808_(GsonHelper.java:463) ~[server-1.20.1-20230612.114412-srg.jar%23375!/:?]
	at net.minecraft.util.GsonHelper.m_13845_(GsonHelper.java:481) ~[server-1.20.1-20230612.114412-srg.jar%23375!/:?]
	at net.minecraft.world.level.storage.loot.LootTable$Serializer.deserialize(LootTable.java:294) ~[server-1.20.1-20230612.114412-srg.jar%23375!/:?]
	at net.minecraft.world.level.storage.loot.LootTable$Serializer.deserialize(LootTable.java:291) ~[server-1.20.1-20230612.114412-srg.jar%23375!/:?]
	at com.google.gson.internal.bind.TreeTypeAdapter.read(TreeTypeAdapter.java:76) ~[gson-2.10.jar%2372!/:?]
	at com.google.gson.Gson.fromJson(Gson.java:1214) ~[gson-2.10.jar%2372!/:?]
	at com.google.gson.Gson.fromJson(Gson.java:1319) ~[gson-2.10.jar%2372!/:?]
	at com.google.gson.Gson.fromJson(Gson.java:1261) ~[gson-2.10.jar%2372!/:?]
	at net.minecraftforge.common.ForgeHooks.loadLootTable(ForgeHooks.java:871) ~[forge-1.20.1-47.4.0-universal.jar%23380!/:?]
	at net.minecraftforge.common.ForgeHooks.lambda$getLootTableDeserializer$3(ForgeHooks.java:848) ~[forge-1.20.1-47.4.0-universal.jar%23380!/:?]
	at net.minecraft.world.level.storage.loot.LootDataType.deserialize(LootDataType.java:45) ~[server-1.20.1-20230612.114412-srg.jar%23375!/:?]
	at net.minecraft.world.level.storage.loot.LootDataManager.lambda$scheduleElementParse$4(LootDataManager.java:56) ~[server-1.20.1-20230612.114412-srg.jar%23375!/:?]
	at java.util.HashMap.forEach(HashMap.java:1429) ~[?:?]
	at net.minecraft.world.level.storage.loot.LootDataManager.m_278660_(LootDataManager.java:55) ~[server-1.20.1-20230612.114412-srg.jar%23375!/:?]
	at java.util.concurrent.CompletableFuture$AsyncRun.run(CompletableFuture.java:1804) ~[?:?]
	at java.util.concurrent.CompletableFuture$AsyncRun.exec(CompletableFuture.java:1796) ~[?:?]
	at java.util.concurrent.ForkJoinTask.doExec(ForkJoinTask.java:507) ~[?:?]
	at java.util.concurrent.ForkJoinPool$WorkQueue.topLevelExec(ForkJoinPool.java:1491) ~[?:?]
	at java.util.concurrent.ForkJoinPool.scan(ForkJoinPool.java:2073) ~[?:?]
	at java.util.concurrent.ForkJoinPool.runWorker(ForkJoinPool.java:2035) ~[?:?]
	at java.util.concurrent.ForkJoinWorkerThread.run(ForkJoinWorkerThread.java:187) ~[?:?]
[24Aug2025 17:19:07.616] [Worker-Main-12/ERROR] [net.minecraftforge.common.ForgeHooks/]: Couldn't parse element loot_tables:dustrial_decor:blocks/mini_padded_vertical_slab
java.lang.IllegalArgumentException: Can't find block dustrial_decor:mini_padded_vertical_slab
	at net.minecraft.world.level.storage.loot.predicates.LootItemBlockStatePropertyCondition$Serializer.m_81802_(LootItemBlockStatePropertyCondition.java:79) ~[server-1.20.1-20230612.114412-srg.jar%23375!/:?]
	at java.util.Optional.orElseThrow(Optional.java:403) ~[?:?]
	at net.minecraft.world.level.storage.loot.predicates.LootItemBlockStatePropertyCondition$Serializer.m_7561_(LootItemBlockStatePropertyCondition.java:79) ~[server-1.20.1-20230612.114412-srg.jar%23375!/:?]
	at net.minecraft.world.level.storage.loot.predicates.LootItemBlockStatePropertyCondition$Serializer.m_7561_(LootItemBlockStatePropertyCondition.java:68) ~[server-1.20.1-20230612.114412-srg.jar%23375!/:?]
	at net.minecraft.world.level.storage.loot.GsonAdapterFactory$JsonAdapter.deserialize(GsonAdapterFactory.java:102) ~[server-1.20.1-20230612.114412-srg.jar%23375!/:?]
	at com.google.gson.internal.bind.TreeTypeAdapter.read(TreeTypeAdapter.java:76) ~[gson-2.10.jar%2372!/:?]
	at com.google.gson.internal.bind.TypeAdapterRuntimeTypeWrapper.read(TypeAdapterRuntimeTypeWrapper.java:40) ~[gson-2.10.jar%2372!/:?]
	at com.google.gson.internal.bind.ArrayTypeAdapter.read(ArrayTypeAdapter.java:72) ~[gson-2.10.jar%2372!/:?]
	at com.google.gson.Gson.fromJson(Gson.java:1214) ~[gson-2.10.jar%2372!/:?]
	at com.google.gson.Gson.fromJson(Gson.java:1319) ~[gson-2.10.jar%2372!/:?]
	at com.google.gson.Gson.fromJson(Gson.java:1290) ~[gson-2.10.jar%2372!/:?]
	at com.google.gson.internal.bind.TreeTypeAdapter$GsonContextImpl.deserialize(TreeTypeAdapter.java:179) ~[gson-2.10.jar%2372!/:?]
	at net.minecraft.util.GsonHelper.m_13808_(GsonHelper.java:463) ~[server-1.20.1-20230612.114412-srg.jar%23375!/:?]
	at net.minecraft.util.GsonHelper.m_13845_(GsonHelper.java:481) ~[server-1.20.1-20230612.114412-srg.jar%23375!/:?]
	at net.minecraft.world.level.storage.loot.functions.LootItemConditionalFunction$Serializer.m_7561_(LootItemConditionalFunction.java:98) ~[server-1.20.1-20230612.114412-srg.jar%23375!/:?]
	at net.minecraft.world.level.storage.loot.functions.LootItemConditionalFunction$Serializer.m_7561_(LootItemConditionalFunction.java:88) ~[server-1.20.1-20230612.114412-srg.jar%23375!/:?]
	at net.minecraft.world.level.storage.loot.GsonAdapterFactory$JsonAdapter.deserialize(GsonAdapterFactory.java:102) ~[server-1.20.1-20230612.114412-srg.jar%23375!/:?]
	at com.google.gson.internal.bind.TreeTypeAdapter.read(TreeTypeAdapter.java:76) ~[gson-2.10.jar%2372!/:?]
	at com.google.gson.internal.bind.TypeAdapterRuntimeTypeWrapper.read(TypeAdapterRuntimeTypeWrapper.java:40) ~[gson-2.10.jar%2372!/:?]
	at com.google.gson.internal.bind.ArrayTypeAdapter.read(ArrayTypeAdapter.java:72) ~[gson-2.10.jar%2372!/:?]
	at com.google.gson.Gson.fromJson(Gson.java:1214) ~[gson-2.10.jar%2372!/:?]
	at com.google.gson.Gson.fromJson(Gson.java:1319) ~[gson-2.10.jar%2372!/:?]
	at com.google.gson.Gson.fromJson(Gson.java:1290) ~[gson-2.10.jar%2372!/:?]
	at com.google.gson.internal.bind.TreeTypeAdapter$GsonContextImpl.deserialize(TreeTypeAdapter.java:179) ~[gson-2.10.jar%2372!/:?]
	at net.minecraft.util.GsonHelper.m_13808_(GsonHelper.java:463) ~[server-1.20.1-20230612.114412-srg.jar%23375!/:?]
	at net.minecraft.util.GsonHelper.m_13845_(GsonHelper.java:481) ~[server-1.20.1-20230612.114412-srg.jar%23375!/:?]
	at net.minecraft.world.level.storage.loot.entries.LootPoolSingletonContainer$Serializer.m_5921_(LootPoolSingletonContainer.java:149) ~[server-1.20.1-20230612.114412-srg.jar%23375!/:?]
	at net.minecraft.world.level.storage.loot.entries.LootPoolSingletonContainer$Serializer.m_5921_(LootPoolSingletonContainer.java:129) ~[server-1.20.1-20230612.114412-srg.jar%23375!/:?]
	at net.minecraft.world.level.storage.loot.entries.LootPoolEntryContainer$Serializer.m_7561_(LootPoolEntryContainer.java:86) ~[server-1.20.1-20230612.114412-srg.jar%23375!/:?]
	at net.minecraft.world.level.storage.loot.entries.LootPoolEntryContainer$Serializer.m_7561_(LootPoolEntryContainer.java:74) ~[server-1.20.1-20230612.114412-srg.jar%23375!/:?]
	at net.minecraft.world.level.storage.loot.GsonAdapterFactory$JsonAdapter.deserialize(GsonAdapterFactory.java:102) ~[server-1.20.1-20230612.114412-srg.jar%23375!/:?]
	at com.google.gson.internal.bind.TreeTypeAdapter.read(TreeTypeAdapter.java:76) ~[gson-2.10.jar%2372!/:?]
	at com.google.gson.internal.bind.TypeAdapterRuntimeTypeWrapper.read(TypeAdapterRuntimeTypeWrapper.java:40) ~[gson-2.10.jar%2372!/:?]
	at com.google.gson.internal.bind.ArrayTypeAdapter.read(ArrayTypeAdapter.java:72) ~[gson-2.10.jar%2372!/:?]
	at com.google.gson.Gson.fromJson(Gson.java:1214) ~[gson-2.10.jar%2372!/:?]
	at com.google.gson.Gson.fromJson(Gson.java:1319) ~[gson-2.10.jar%2372!/:?]
	at com.google.gson.Gson.fromJson(Gson.java:1290) ~[gson-2.10.jar%2372!/:?]
	at com.google.gson.internal.bind.TreeTypeAdapter$GsonContextImpl.deserialize(TreeTypeAdapter.java:179) ~[gson-2.10.jar%2372!/:?]
	at net.minecraft.util.GsonHelper.m_13808_(GsonHelper.java:463) ~[server-1.20.1-20230612.114412-srg.jar%23375!/:?]
	at net.minecraft.util.GsonHelper.m_13836_(GsonHelper.java:471) ~[server-1.20.1-20230612.114412-srg.jar%23375!/:?]
	at net.minecraft.world.level.storage.loot.LootPool$Serializer.deserialize(LootPool.java:192) ~[server-1.20.1-20230612.114412-srg.jar%23375!/:?]
	at net.minecraft.world.level.storage.loot.LootPool$Serializer.deserialize(LootPool.java:189) ~[server-1.20.1-20230612.114412-srg.jar%23375!/:?]
	at com.google.gson.internal.bind.TreeTypeAdapter.read(TreeTypeAdapter.java:76) ~[gson-2.10.jar%2372!/:?]
	at com.google.gson.internal.bind.TypeAdapterRuntimeTypeWrapper.read(TypeAdapterRuntimeTypeWrapper.java:40) ~[gson-2.10.jar%2372!/:?]
	at com.google.gson.internal.bind.ArrayTypeAdapter.read(ArrayTypeAdapter.java:72) ~[gson-2.10.jar%2372!/:?]
	at com.google.gson.Gson.fromJson(Gson.java:1214) ~[gson-2.10.jar%2372!/:?]
	at com.google.gson.Gson.fromJson(Gson.java:1319) ~[gson-2.10.jar%2372!/:?]
	at com.google.gson.Gson.fromJson(Gson.java:1290) ~[gson-2.10.jar%2372!/:?]
	at com.google.gson.internal.bind.TreeTypeAdapter$GsonContextImpl.deserialize(TreeTypeAdapter.java:179) ~[gson-2.10.jar%2372!/:?]
	at net.minecraft.util.GsonHelper.m_13808_(GsonHelper.java:463) ~[server-1.20.1-20230612.114412-srg.jar%23375!/:?]
	at net.minecraft.util.GsonHelper.m_13845_(GsonHelper.java:481) ~[server-1.20.1-20230612.114412-srg.jar%23375!/:?]
	at net.minecraft.world.level.storage.loot.LootTable$Serializer.deserialize(LootTable.java:294) ~[server-1.20.1-20230612.114412-srg.jar%23375!/:?]
	at net.minecraft.world.level.storage.loot.LootTable$Serializer.deserialize(LootTable.java:291) ~[server-1.20.1-20230612.114412-srg.jar%23375!/:?]
	at com.google.gson.internal.bind.TreeTypeAdapter.read(TreeTypeAdapter.java:76) ~[gson-2.10.jar%2372!/:?]
	at com.google.gson.Gson.fromJson(Gson.java:1214) ~[gson-2.10.jar%2372!/:?]
	at com.google.gson.Gson.fromJson(Gson.java:1319) ~[gson-2.10.jar%2372!/:?]
	at com.google.gson.Gson.fromJson(Gson.java:1261) ~[gson-2.10.jar%2372!/:?]
	at net.minecraftforge.common.ForgeHooks.loadLootTable(ForgeHooks.java:871) ~[forge-1.20.1-47.4.0-universal.jar%23380!/:?]
	at net.minecraftforge.common.ForgeHooks.lambda$getLootTableDeserializer$3(ForgeHooks.java:848) ~[forge-1.20.1-47.4.0-universal.jar%23380!/:?]
	at net.minecraft.world.level.storage.loot.LootDataType.deserialize(LootDataType.java:45) ~[server-1.20.1-20230612.114412-srg.jar%23375!/:?]
	at net.minecraft.world.level.storage.loot.LootDataManager.lambda$scheduleElementParse$4(LootDataManager.java:56) ~[server-1.20.1-20230612.114412-srg.jar%23375!/:?]
	at java.util.HashMap.forEach(HashMap.java:1429) ~[?:?]
	at net.minecraft.world.level.storage.loot.LootDataManager.m_278660_(LootDataManager.java:55) ~[server-1.20.1-20230612.114412-srg.jar%23375!/:?]
	at java.util.concurrent.CompletableFuture$AsyncRun.run(CompletableFuture.java:1804) ~[?:?]
	at java.util.concurrent.CompletableFuture$AsyncRun.exec(CompletableFuture.java:1796) ~[?:?]
	at java.util.concurrent.ForkJoinTask.doExec(ForkJoinTask.java:507) ~[?:?]
	at java.util.concurrent.ForkJoinPool$WorkQueue.topLevelExec(ForkJoinPool.java:1491) ~[?:?]
	at java.util.concurrent.ForkJoinPool.scan(ForkJoinPool.java:2073) ~[?:?]
	at java.util.concurrent.ForkJoinPool.runWorker(ForkJoinPool.java:2035) ~[?:?]
	at java.util.concurrent.ForkJoinWorkerThread.run(ForkJoinWorkerThread.java:187) ~[?:?]
[24Aug2025 17:19:07.624] [Worker-Main-12/ERROR] [net.minecraftforge.common.ForgeHooks/]: Couldn't parse element loot_tables:dustrial_decor:blocks/large_ice_chain
com.google.gson.JsonSyntaxException: Expected name to be an item, was unknown string 'dustrial_decor:large_ice_chain'
	at net.minecraft.util.GsonHelper.m_13866_(GsonHelper.java:145) ~[server-1.20.1-20230612.114412-srg.jar%23375!/:?]
	at java.util.Optional.orElseThrow(Optional.java:403) ~[?:?]
	at net.minecraft.util.GsonHelper.m_13874_(GsonHelper.java:145) ~[server-1.20.1-20230612.114412-srg.jar%23375!/:?]
	at net.minecraft.util.GsonHelper.m_13909_(GsonHelper.java:153) ~[server-1.20.1-20230612.114412-srg.jar%23375!/:?]
	at net.minecraft.world.level.storage.loot.entries.LootItem$Serializer.m_7267_(LootItem.java:55) ~[server-1.20.1-20230612.114412-srg.jar%23375!/:?]
	at net.minecraft.world.level.storage.loot.entries.LootItem$Serializer.m_7267_(LootItem.java:40) ~[server-1.20.1-20230612.114412-srg.jar%23375!/:?]
	at net.minecraft.world.level.storage.loot.entries.LootPoolSingletonContainer$Serializer.m_5921_(LootPoolSingletonContainer.java:151) ~[server-1.20.1-20230612.114412-srg.jar%23375!/:?]
	at net.minecraft.world.level.storage.loot.entries.LootPoolSingletonContainer$Serializer.m_5921_(LootPoolSingletonContainer.java:129) ~[server-1.20.1-20230612.114412-srg.jar%23375!/:?]
	at net.minecraft.world.level.storage.loot.entries.LootPoolEntryContainer$Serializer.m_7561_(LootPoolEntryContainer.java:86) ~[server-1.20.1-20230612.114412-srg.jar%23375!/:?]
	at net.minecraft.world.level.storage.loot.entries.LootPoolEntryContainer$Serializer.m_7561_(LootPoolEntryContainer.java:74) ~[server-1.20.1-20230612.114412-srg.jar%23375!/:?]
	at net.minecraft.world.level.storage.loot.GsonAdapterFactory$JsonAdapter.deserialize(GsonAdapterFactory.java:102) ~[server-1.20.1-20230612.114412-srg.jar%23375!/:?]
	at com.google.gson.internal.bind.TreeTypeAdapter.read(TreeTypeAdapter.java:76) ~[gson-2.10.jar%2372!/:?]
	at com.google.gson.internal.bind.TypeAdapterRuntimeTypeWrapper.read(TypeAdapterRuntimeTypeWrapper.java:40) ~[gson-2.10.jar%2372!/:?]
	at com.google.gson.internal.bind.ArrayTypeAdapter.read(ArrayTypeAdapter.java:72) ~[gson-2.10.jar%2372!/:?]
	at com.google.gson.Gson.fromJson(Gson.java:1214) ~[gson-2.10.jar%2372!/:?]
	at com.google.gson.Gson.fromJson(Gson.java:1319) ~[gson-2.10.jar%2372!/:?]
	at com.google.gson.Gson.fromJson(Gson.java:1290) ~[gson-2.10.jar%2372!/:?]
	at com.google.gson.internal.bind.TreeTypeAdapter$GsonContextImpl.deserialize(TreeTypeAdapter.java:179) ~[gson-2.10.jar%2372!/:?]
	at net.minecraft.util.GsonHelper.m_13808_(GsonHelper.java:463) ~[server-1.20.1-20230612.114412-srg.jar%23375!/:?]
	at net.minecraft.util.GsonHelper.m_13836_(GsonHelper.java:471) ~[server-1.20.1-20230612.114412-srg.jar%23375!/:?]
	at net.minecraft.world.level.storage.loot.LootPool$Serializer.deserialize(LootPool.java:192) ~[server-1.20.1-20230612.114412-srg.jar%23375!/:?]
	at net.minecraft.world.level.storage.loot.LootPool$Serializer.deserialize(LootPool.java:189) ~[server-1.20.1-20230612.114412-srg.jar%23375!/:?]
	at com.google.gson.internal.bind.TreeTypeAdapter.read(TreeTypeAdapter.java:76) ~[gson-2.10.jar%2372!/:?]
	at com.google.gson.internal.bind.TypeAdapterRuntimeTypeWrapper.read(TypeAdapterRuntimeTypeWrapper.java:40) ~[gson-2.10.jar%2372!/:?]
	at com.google.gson.internal.bind.ArrayTypeAdapter.read(ArrayTypeAdapter.java:72) ~[gson-2.10.jar%2372!/:?]
	at com.google.gson.Gson.fromJson(Gson.java:1214) ~[gson-2.10.jar%2372!/:?]
	at com.google.gson.Gson.fromJson(Gson.java:1319) ~[gson-2.10.jar%2372!/:?]
	at com.google.gson.Gson.fromJson(Gson.java:1290) ~[gson-2.10.jar%2372!/:?]
	at com.google.gson.internal.bind.TreeTypeAdapter$GsonContextImpl.deserialize(TreeTypeAdapter.java:179) ~[gson-2.10.jar%2372!/:?]
	at net.minecraft.util.GsonHelper.m_13808_(GsonHelper.java:463) ~[server-1.20.1-20230612.114412-srg.jar%23375!/:?]
	at net.minecraft.util.GsonHelper.m_13845_(GsonHelper.java:481) ~[server-1.20.1-20230612.114412-srg.jar%23375!/:?]
	at net.minecraft.world.level.storage.loot.LootTable$Serializer.deserialize(LootTable.java:294) ~[server-1.20.1-20230612.114412-srg.jar%23375!/:?]
	at net.minecraft.world.level.storage.loot.LootTable$Serializer.deserialize(LootTable.java:291) ~[server-1.20.1-20230612.114412-srg.jar%23375!/:?]
	at com.google.gson.internal.bind.TreeTypeAdapter.read(TreeTypeAdapter.java:76) ~[gson-2.10.jar%2372!/:?]
	at com.google.gson.Gson.fromJson(Gson.java:1214) ~[gson-2.10.jar%2372!/:?]
	at com.google.gson.Gson.fromJson(Gson.java:1319) ~[gson-2.10.jar%2372!/:?]
	at com.google.gson.Gson.fromJson(Gson.java:1261) ~[gson-2.10.jar%2372!/:?]
	at net.minecraftforge.common.ForgeHooks.loadLootTable(ForgeHooks.java:871) ~[forge-1.20.1-47.4.0-universal.jar%23380!/:?]
	at net.minecraftforge.common.ForgeHooks.lambda$getLootTableDeserializer$3(ForgeHooks.java:848) ~[forge-1.20.1-47.4.0-universal.jar%23380!/:?]
	at net.minecraft.world.level.storage.loot.LootDataType.deserialize(LootDataType.java:45) ~[server-1.20.1-20230612.114412-srg.jar%23375!/:?]
	at net.minecraft.world.level.storage.loot.LootDataManager.lambda$scheduleElementParse$4(LootDataManager.java:56) ~[server-1.20.1-20230612.114412-srg.jar%23375!/:?]
	at java.util.HashMap.forEach(HashMap.java:1429) ~[?:?]
	at net.minecraft.world.level.storage.loot.LootDataManager.m_278660_(LootDataManager.java:55) ~[server-1.20.1-20230612.114412-srg.jar%23375!/:?]
	at java.util.concurrent.CompletableFuture$AsyncRun.run(CompletableFuture.java:1804) ~[?:?]
	at java.util.concurrent.CompletableFuture$AsyncRun.exec(CompletableFuture.java:1796) ~[?:?]
	at java.util.concurrent.ForkJoinTask.doExec(ForkJoinTask.java:507) ~[?:?]
	at java.util.concurrent.ForkJoinPool$WorkQueue.topLevelExec(ForkJoinPool.java:1491) ~[?:?]
	at java.util.concurrent.ForkJoinPool.scan(ForkJoinPool.java:2073) ~[?:?]
	at java.util.concurrent.ForkJoinPool.runWorker(ForkJoinPool.java:2035) ~[?:?]
	at java.util.concurrent.ForkJoinWorkerThread.run(ForkJoinWorkerThread.java:187) ~[?:?]
[24Aug2025 17:19:07.631] [Worker-Main-12/ERROR] [net.minecraftforge.common.ForgeHooks/]: Couldn't parse element loot_tables:dustrial_decor:blocks/cast_iron_brick_vertical_slab
java.lang.IllegalArgumentException: Can't find block dustrial_decor:cast_iron_brick_vertical_slab
	at net.minecraft.world.level.storage.loot.predicates.LootItemBlockStatePropertyCondition$Serializer.m_81802_(LootItemBlockStatePropertyCondition.java:79) ~[server-1.20.1-20230612.114412-srg.jar%23375!/:?]
	at java.util.Optional.orElseThrow(Optional.java:403) ~[?:?]
	at net.minecraft.world.level.storage.loot.predicates.LootItemBlockStatePropertyCondition$Serializer.m_7561_(LootItemBlockStatePropertyCondition.java:79) ~[server-1.20.1-20230612.114412-srg.jar%23375!/:?]
	at net.minecraft.world.level.storage.loot.predicates.LootItemBlockStatePropertyCondition$Serializer.m_7561_(LootItemBlockStatePropertyCondition.java:68) ~[server-1.20.1-20230612.114412-srg.jar%23375!/:?]
	at net.minecraft.world.level.storage.loot.GsonAdapterFactory$JsonAdapter.deserialize(GsonAdapterFactory.java:102) ~[server-1.20.1-20230612.114412-srg.jar%23375!/:?]
	at com.google.gson.internal.bind.TreeTypeAdapter.read(TreeTypeAdapter.java:76) ~[gson-2.10.jar%2372!/:?]
	at com.google.gson.internal.bind.TypeAdapterRuntimeTypeWrapper.read(TypeAdapterRuntimeTypeWrapper.java:40) ~[gson-2.10.jar%2372!/:?]
	at com.google.gson.internal.bind.ArrayTypeAdapter.read(ArrayTypeAdapter.java:72) ~[gson-2.10.jar%2372!/:?]
	at com.google.gson.Gson.fromJson(Gson.java:1214) ~[gson-2.10.jar%2372!/:?]
	at com.google.gson.Gson.fromJson(Gson.java:1319) ~[gson-2.10.jar%2372!/:?]
	at com.google.gson.Gson.fromJson(Gson.java:1290) ~[gson-2.10.jar%2372!/:?]
	at com.google.gson.internal.bind.TreeTypeAdapter$GsonContextImpl.deserialize(TreeTypeAdapter.java:179) ~[gson-2.10.jar%2372!/:?]
	at net.minecraft.util.GsonHelper.m_13808_(GsonHelper.java:463) ~[server-1.20.1-20230612.114412-srg.jar%23375!/:?]
	at net.minecraft.util.GsonHelper.m_13845_(GsonHelper.java:481) ~[server-1.20.1-20230612.114412-srg.jar%23375!/:?]
	at net.minecraft.world.level.storage.loot.functions.LootItemConditionalFunction$Serializer.m_7561_(LootItemConditionalFunction.java:98) ~[server-1.20.1-20230612.114412-srg.jar%23375!/:?]
	at net.minecraft.world.level.storage.loot.functions.LootItemConditionalFunction$Serializer.m_7561_(LootItemConditionalFunction.java:88) ~[server-1.20.1-20230612.114412-srg.jar%23375!/:?]
	at net.minecraft.world.level.storage.loot.GsonAdapterFactory$JsonAdapter.deserialize(GsonAdapterFactory.java:102) ~[server-1.20.1-20230612.114412-srg.jar%23375!/:?]
	at com.google.gson.internal.bind.TreeTypeAdapter.read(TreeTypeAdapter.java:76) ~[gson-2.10.jar%2372!/:?]
	at com.google.gson.internal.bind.TypeAdapterRuntimeTypeWrapper.read(TypeAdapterRuntimeTypeWrapper.java:40) ~[gson-2.10.jar%2372!/:?]
	at com.google.gson.internal.bind.ArrayTypeAdapter.read(ArrayTypeAdapter.java:72) ~[gson-2.10.jar%2372!/:?]
	at com.google.gson.Gson.fromJson(Gson.java:1214) ~[gson-2.10.jar%2372!/:?]
	at com.google.gson.Gson.fromJson(Gson.java:1319) ~[gson-2.10.jar%2372!/:?]
	at com.google.gson.Gson.fromJson(Gson.java:1290) ~[gson-2.10.jar%2372!/:?]
	at com.google.gson.internal.bind.TreeTypeAdapter$GsonContextImpl.deserialize(TreeTypeAdapter.java:179) ~[gson-2.10.jar%2372!/:?]
	at net.minecraft.util.GsonHelper.m_13808_(GsonHelper.java:463) ~[server-1.20.1-20230612.114412-srg.jar%23375!/:?]
	at net.minecraft.util.GsonHelper.m_13845_(GsonHelper.java:481) ~[server-1.20.1-20230612.114412-srg.jar%23375!/:?]
	at net.minecraft.world.level.storage.loot.entries.LootPoolSingletonContainer$Serializer.m_5921_(LootPoolSingletonContainer.java:149) ~[server-1.20.1-20230612.114412-srg.jar%23375!/:?]
	at net.minecraft.world.level.storage.loot.entries.LootPoolSingletonContainer$Serializer.m_5921_(LootPoolSingletonContainer.java:129) ~[server-1.20.1-20230612.114412-srg.jar%23375!/:?]
	at net.minecraft.world.level.storage.loot.entries.LootPoolEntryContainer$Serializer.m_7561_(LootPoolEntryContainer.java:86) ~[server-1.20.1-20230612.114412-srg.jar%23375!/:?]
	at net.minecraft.world.level.storage.loot.entries.LootPoolEntryContainer$Serializer.m_7561_(LootPoolEntryContainer.java:74) ~[server-1.20.1-20230612.114412-srg.jar%23375!/:?]
	at net.minecraft.world.level.storage.loot.GsonAdapterFactory$JsonAdapter.deserialize(GsonAdapterFactory.java:102) ~[server-1.20.1-20230612.114412-srg.jar%23375!/:?]
	at com.google.gson.internal.bind.TreeTypeAdapter.read(TreeTypeAdapter.java:76) ~[gson-2.10.jar%2372!/:?]
	at com.google.gson.internal.bind.TypeAdapterRuntimeTypeWrapper.read(TypeAdapterRuntimeTypeWrapper.java:40) ~[gson-2.10.jar%2372!/:?]
	at com.google.gson.internal.bind.ArrayTypeAdapter.read(ArrayTypeAdapter.java:72) ~[gson-2.10.jar%2372!/:?]
	at com.google.gson.Gson.fromJson(Gson.java:1214) ~[gson-2.10.jar%2372!/:?]
	at com.google.gson.Gson.fromJson(Gson.java:1319) ~[gson-2.10.jar%2372!/:?]
	at com.google.gson.Gson.fromJson(Gson.java:1290) ~[gson-2.10.jar%2372!/:?]
	at com.google.gson.internal.bind.TreeTypeAdapter$GsonContextImpl.deserialize(TreeTypeAdapter.java:179) ~[gson-2.10.jar%2372!/:?]
	at net.minecraft.util.GsonHelper.m_13808_(GsonHelper.java:463) ~[server-1.20.1-20230612.114412-srg.jar%23375!/:?]
	at net.minecraft.util.GsonHelper.m_13836_(GsonHelper.java:471) ~[server-1.20.1-20230612.114412-srg.jar%23375!/:?]
	at net.minecraft.world.level.storage.loot.LootPool$Serializer.deserialize(LootPool.java:192) ~[server-1.20.1-20230612.114412-srg.jar%23375!/:?]
	at net.minecraft.world.level.storage.loot.LootPool$Serializer.deserialize(LootPool.java:189) ~[server-1.20.1-20230612.114412-srg.jar%23375!/:?]
	at com.google.gson.internal.bind.TreeTypeAdapter.read(TreeTypeAdapter.java:76) ~[gson-2.10.jar%2372!/:?]
	at com.google.gson.internal.bind.TypeAdapterRuntimeTypeWrapper.read(TypeAdapterRuntimeTypeWrapper.java:40) ~[gson-2.10.jar%2372!/:?]
	at com.google.gson.internal.bind.ArrayTypeAdapter.read(ArrayTypeAdapter.java:72) ~[gson-2.10.jar%2372!/:?]
	at com.google.gson.Gson.fromJson(Gson.java:1214) ~[gson-2.10.jar%2372!/:?]
	at com.google.gson.Gson.fromJson(Gson.java:1319) ~[gson-2.10.jar%2372!/:?]
	at com.google.gson.Gson.fromJson(Gson.java:1290) ~[gson-2.10.jar%2372!/:?]
	at com.google.gson.internal.bind.TreeTypeAdapter$GsonContextImpl.deserialize(TreeTypeAdapter.java:179) ~[gson-2.10.jar%2372!/:?]
	at net.minecraft.util.GsonHelper.m_13808_(GsonHelper.java:463) ~[server-1.20.1-20230612.114412-srg.jar%23375!/:?]
	at net.minecraft.util.GsonHelper.m_13845_(GsonHelper.java:481) ~[server-1.20.1-20230612.114412-srg.jar%23375!/:?]
	at net.minecraft.world.level.storage.loot.LootTable$Serializer.deserialize(LootTable.java:294) ~[server-1.20.1-20230612.114412-srg.jar%23375!/:?]
	at net.minecraft.world.level.storage.loot.LootTable$Serializer.deserialize(LootTable.java:291) ~[server-1.20.1-20230612.114412-srg.jar%23375!/:?]
	at com.google.gson.internal.bind.TreeTypeAdapter.read(TreeTypeAdapter.java:76) ~[gson-2.10.jar%2372!/:?]
	at com.google.gson.Gson.fromJson(Gson.java:1214) ~[gson-2.10.jar%2372!/:?]
	at com.google.gson.Gson.fromJson(Gson.java:1319) ~[gson-2.10.jar%2372!/:?]
	at com.google.gson.Gson.fromJson(Gson.java:1261) ~[gson-2.10.jar%2372!/:?]
	at net.minecraftforge.common.ForgeHooks.loadLootTable(ForgeHooks.java:871) ~[forge-1.20.1-47.4.0-universal.jar%23380!/:?]
	at net.minecraftforge.common.ForgeHooks.lambda$getLootTableDeserializer$3(ForgeHooks.java:848) ~[forge-1.20.1-47.4.0-universal.jar%23380!/:?]
	at net.minecraft.world.level.storage.loot.LootDataType.deserialize(LootDataType.java:45) ~[server-1.20.1-20230612.114412-srg.jar%23375!/:?]
	at net.minecraft.world.level.storage.loot.LootDataManager.lambda$scheduleElementParse$4(LootDataManager.java:56) ~[server-1.20.1-20230612.114412-srg.jar%23375!/:?]
	at java.util.HashMap.forEach(HashMap.java:1429) ~[?:?]
	at net.minecraft.world.level.storage.loot.LootDataManager.m_278660_(LootDataManager.java:55) ~[server-1.20.1-20230612.114412-srg.jar%23375!/:?]
	at java.util.concurrent.CompletableFuture$AsyncRun.run(CompletableFuture.java:1804) ~[?:?]
	at java.util.concurrent.CompletableFuture$AsyncRun.exec(CompletableFuture.java:1796) ~[?:?]
	at java.util.concurrent.ForkJoinTask.doExec(ForkJoinTask.java:507) ~[?:?]
	at java.util.concurrent.ForkJoinPool$WorkQueue.topLevelExec(ForkJoinPool.java:1491) ~[?:?]
	at java.util.concurrent.ForkJoinPool.scan(ForkJoinPool.java:2073) ~[?:?]
	at java.util.concurrent.ForkJoinPool.runWorker(ForkJoinPool.java:2035) ~[?:?]
	at java.util.concurrent.ForkJoinWorkerThread.run(ForkJoinWorkerThread.java:187) ~[?:?]
[24Aug2025 17:19:07.638] [Worker-Main-12/ERROR] [net.minecraftforge.common.ForgeHooks/]: Couldn't parse element loot_tables:dustrial_decor:blocks/rusty_sheet_metal_paneling_vertical_slab
java.lang.IllegalArgumentException: Can't find block dustrial_decor:rusty_sheet_metal_paneling_vertical_slab
	at net.minecraft.world.level.storage.loot.predicates.LootItemBlockStatePropertyCondition$Serializer.m_81802_(LootItemBlockStatePropertyCondition.java:79) ~[server-1.20.1-20230612.114412-srg.jar%23375!/:?]
	at java.util.Optional.orElseThrow(Optional.java:403) ~[?:?]
	at net.minecraft.world.level.storage.loot.predicates.LootItemBlockStatePropertyCondition$Serializer.m_7561_(LootItemBlockStatePropertyCondition.java:79) ~[server-1.20.1-20230612.114412-srg.jar%23375!/:?]
	at net.minecraft.world.level.storage.loot.predicates.LootItemBlockStatePropertyCondition$Serializer.m_7561_(LootItemBlockStatePropertyCondition.java:68) ~[server-1.20.1-20230612.114412-srg.jar%23375!/:?]
	at net.minecraft.world.level.storage.loot.GsonAdapterFactory$JsonAdapter.deserialize(GsonAdapterFactory.java:102) ~[server-1.20.1-20230612.114412-srg.jar%23375!/:?]
	at com.google.gson.internal.bind.TreeTypeAdapter.read(TreeTypeAdapter.java:76) ~[gson-2.10.jar%2372!/:?]
	at com.google.gson.internal.bind.TypeAdapterRuntimeTypeWrapper.read(TypeAdapterRuntimeTypeWrapper.java:40) ~[gson-2.10.jar%2372!/:?]
	at com.google.gson.internal.bind.ArrayTypeAdapter.read(ArrayTypeAdapter.java:72) ~[gson-2.10.jar%2372!/:?]
	at com.google.gson.Gson.fromJson(Gson.java:1214) ~[gson-2.10.jar%2372!/:?]
	at com.google.gson.Gson.fromJson(Gson.java:1319) ~[gson-2.10.jar%2372!/:?]
	at com.google.gson.Gson.fromJson(Gson.java:1290) ~[gson-2.10.jar%2372!/:?]
	at com.google.gson.internal.bind.TreeTypeAdapter$GsonContextImpl.deserialize(TreeTypeAdapter.java:179) ~[gson-2.10.jar%2372!/:?]
	at net.minecraft.util.GsonHelper.m_13808_(GsonHelper.java:463) ~[server-1.20.1-20230612.114412-srg.jar%23375!/:?]
	at net.minecraft.util.GsonHelper.m_13845_(GsonHelper.java:481) ~[server-1.20.1-20230612.114412-srg.jar%23375!/:?]
	at net.minecraft.world.level.storage.loot.functions.LootItemConditionalFunction$Serializer.m_7561_(LootItemConditionalFunction.java:98) ~[server-1.20.1-20230612.114412-srg.jar%23375!/:?]
	at net.minecraft.world.level.storage.loot.functions.LootItemConditionalFunction$Serializer.m_7561_(LootItemConditionalFunction.java:88) ~[server-1.20.1-20230612.114412-srg.jar%23375!/:?]
	at net.minecraft.world.level.storage.loot.GsonAdapterFactory$JsonAdapter.deserialize(GsonAdapterFactory.java:102) ~[server-1.20.1-20230612.114412-srg.jar%23375!/:?]
	at com.google.gson.internal.bind.TreeTypeAdapter.read(TreeTypeAdapter.java:76) ~[gson-2.10.jar%2372!/:?]
	at com.google.gson.internal.bind.TypeAdapterRuntimeTypeWrapper.read(TypeAdapterRuntimeTypeWrapper.java:40) ~[gson-2.10.jar%2372!/:?]
	at com.google.gson.internal.bind.ArrayTypeAdapter.read(ArrayTypeAdapter.java:72) ~[gson-2.10.jar%2372!/:?]
	at com.google.gson.Gson.fromJson(Gson.java:1214) ~[gson-2.10.jar%2372!/:?]
	at com.google.gson.Gson.fromJson(Gson.java:1319) ~[gson-2.10.jar%2372!/:?]
	at com.google.gson.Gson.fromJson(Gson.java:1290) ~[gson-2.10.jar%2372!/:?]
	at com.google.gson.internal.bind.TreeTypeAdapter$GsonContextImpl.deserialize(TreeTypeAdapter.java:179) ~[gson-2.10.jar%2372!/:?]
	at net.minecraft.util.GsonHelper.m_13808_(GsonHelper.java:463) ~[server-1.20.1-20230612.114412-srg.jar%23375!/:?]
	at net.minecraft.util.GsonHelper.m_13845_(GsonHelper.java:481) ~[server-1.20.1-20230612.114412-srg.jar%23375!/:?]
	at net.minecraft.world.level.storage.loot.entries.LootPoolSingletonContainer$Serializer.m_5921_(LootPoolSingletonContainer.java:149) ~[server-1.20.1-20230612.114412-srg.jar%23375!/:?]
	at net.minecraft.world.level.storage.loot.entries.LootPoolSingletonContainer$Serializer.m_5921_(LootPoolSingletonContainer.java:129) ~[server-1.20.1-20230612.114412-srg.jar%23375!/:?]
	at net.minecraft.world.level.storage.loot.entries.LootPoolEntryContainer$Serializer.m_7561_(LootPoolEntryContainer.java:86) ~[server-1.20.1-20230612.114412-srg.jar%23375!/:?]
	at net.minecraft.world.level.storage.loot.entries.LootPoolEntryContainer$Serializer.m_7561_(LootPoolEntryContainer.java:74) ~[server-1.20.1-20230612.114412-srg.jar%23375!/:?]
	at net.minecraft.world.level.storage.loot.GsonAdapterFactory$JsonAdapter.deserialize(GsonAdapterFactory.java:102) ~[server-1.20.1-20230612.114412-srg.jar%23375!/:?]
	at com.google.gson.internal.bind.TreeTypeAdapter.read(TreeTypeAdapter.java:76) ~[gson-2.10.jar%2372!/:?]
	at com.google.gson.internal.bind.TypeAdapterRuntimeTypeWrapper.read(TypeAdapterRuntimeTypeWrapper.java:40) ~[gson-2.10.jar%2372!/:?]
	at com.google.gson.internal.bind.ArrayTypeAdapter.read(ArrayTypeAdapter.java:72) ~[gson-2.10.jar%2372!/:?]
	at com.google.gson.Gson.fromJson(Gson.java:1214) ~[gson-2.10.jar%2372!/:?]
	at com.google.gson.Gson.fromJson(Gson.java:1319) ~[gson-2.10.jar%2372!/:?]
	at com.google.gson.Gson.fromJson(Gson.java:1290) ~[gson-2.10.jar%2372!/:?]
	at com.google.gson.internal.bind.TreeTypeAdapter$GsonContextImpl.deserialize(TreeTypeAdapter.java:179) ~[gson-2.10.jar%2372!/:?]
	at net.minecraft.util.GsonHelper.m_13808_(GsonHelper.java:463) ~[server-1.20.1-20230612.114412-srg.jar%23375!/:?]
	at net.minecraft.util.GsonHelper.m_13836_(GsonHelper.java:471) ~[server-1.20.1-20230612.114412-srg.jar%23375!/:?]
	at net.minecraft.world.level.storage.loot.LootPool$Serializer.deserialize(LootPool.java:192) ~[server-1.20.1-20230612.114412-srg.jar%23375!/:?]
	at net.minecraft.world.level.storage.loot.LootPool$Serializer.deserialize(LootPool.java:189) ~[server-1.20.1-20230612.114412-srg.jar%23375!/:?]
	at com.google.gson.internal.bind.TreeTypeAdapter.read(TreeTypeAdapter.java:76) ~[gson-2.10.jar%2372!/:?]
	at com.google.gson.internal.bind.TypeAdapterRuntimeTypeWrapper.read(TypeAdapterRuntimeTypeWrapper.java:40) ~[gson-2.10.jar%2372!/:?]
	at com.google.gson.internal.bind.ArrayTypeAdapter.read(ArrayTypeAdapter.java:72) ~[gson-2.10.jar%2372!/:?]
	at com.google.gson.Gson.fromJson(Gson.java:1214) ~[gson-2.10.jar%2372!/:?]
	at com.google.gson.Gson.fromJson(Gson.java:1319) ~[gson-2.10.jar%2372!/:?]
	at com.google.gson.Gson.fromJson(Gson.java:1290) ~[gson-2.10.jar%2372!/:?]
	at com.google.gson.internal.bind.TreeTypeAdapter$GsonContextImpl.deserialize(TreeTypeAdapter.java:179) ~[gson-2.10.jar%2372!/:?]
	at net.minecraft.util.GsonHelper.m_13808_(GsonHelper.java:463) ~[server-1.20.1-20230612.114412-srg.jar%23375!/:?]
	at net.minecraft.util.GsonHelper.m_13845_(GsonHelper.java:481) ~[server-1.20.1-20230612.114412-srg.jar%23375!/:?]
	at net.minecraft.world.level.storage.loot.LootTable$Serializer.deserialize(LootTable.java:294) ~[server-1.20.1-20230612.114412-srg.jar%23375!/:?]
	at net.minecraft.world.level.storage.loot.LootTable$Serializer.deserialize(LootTable.java:291) ~[server-1.20.1-20230612.114412-srg.jar%23375!/:?]
	at com.google.gson.internal.bind.TreeTypeAdapter.read(TreeTypeAdapter.java:76) ~[gson-2.10.jar%2372!/:?]
	at com.google.gson.Gson.fromJson(Gson.java:1214) ~[gson-2.10.jar%2372!/:?]
	at com.google.gson.Gson.fromJson(Gson.java:1319) ~[gson-2.10.jar%2372!/:?]
	at com.google.gson.Gson.fromJson(Gson.java:1261) ~[gson-2.10.jar%2372!/:?]
	at net.minecraftforge.common.ForgeHooks.loadLootTable(ForgeHooks.java:871) ~[forge-1.20.1-47.4.0-universal.jar%23380!/:?]
	at net.minecraftforge.common.ForgeHooks.lambda$getLootTableDeserializer$3(ForgeHooks.java:848) ~[forge-1.20.1-47.4.0-universal.jar%23380!/:?]
	at net.minecraft.world.level.storage.loot.LootDataType.deserialize(LootDataType.java:45) ~[server-1.20.1-20230612.114412-srg.jar%23375!/:?]
	at net.minecraft.world.level.storage.loot.LootDataManager.lambda$scheduleElementParse$4(LootDataManager.java:56) ~[server-1.20.1-20230612.114412-srg.jar%23375!/:?]
	at java.util.HashMap.forEach(HashMap.java:1429) ~[?:?]
	at net.minecraft.world.level.storage.loot.LootDataManager.m_278660_(LootDataManager.java:55) ~[server-1.20.1-20230612.114412-srg.jar%23375!/:?]
	at java.util.concurrent.CompletableFuture$AsyncRun.run(CompletableFuture.java:1804) ~[?:?]
	at java.util.concurrent.CompletableFuture$AsyncRun.exec(CompletableFuture.java:1796) ~[?:?]
	at java.util.concurrent.ForkJoinTask.doExec(ForkJoinTask.java:507) ~[?:?]
	at java.util.concurrent.ForkJoinPool$WorkQueue.topLevelExec(ForkJoinPool.java:1491) ~[?:?]
	at java.util.concurrent.ForkJoinPool.scan(ForkJoinPool.java:2073) ~[?:?]
	at java.util.concurrent.ForkJoinPool.runWorker(ForkJoinPool.java:2035) ~[?:?]
	at java.util.concurrent.ForkJoinWorkerThread.run(ForkJoinWorkerThread.java:187) ~[?:?]
[24Aug2025 17:19:07.667] [Worker-Main-12/ERROR] [net.minecraftforge.common.ForgeHooks/]: Couldn't parse element loot_tables:dustrial_decor:blocks/sheet_metal_treading_vertical_slab
java.lang.IllegalArgumentException: Can't find block dustrial_decor:sheet_metal_treading_vertical_slab
	at net.minecraft.world.level.storage.loot.predicates.LootItemBlockStatePropertyCondition$Serializer.m_81802_(LootItemBlockStatePropertyCondition.java:79) ~[server-1.20.1-20230612.114412-srg.jar%23375!/:?]
	at java.util.Optional.orElseThrow(Optional.java:403) ~[?:?]
	at net.minecraft.world.level.storage.loot.predicates.LootItemBlockStatePropertyCondition$Serializer.m_7561_(LootItemBlockStatePropertyCondition.java:79) ~[server-1.20.1-20230612.114412-srg.jar%23375!/:?]
	at net.minecraft.world.level.storage.loot.predicates.LootItemBlockStatePropertyCondition$Serializer.m_7561_(LootItemBlockStatePropertyCondition.java:68) ~[server-1.20.1-20230612.114412-srg.jar%23375!/:?]
	at net.minecraft.world.level.storage.loot.GsonAdapterFactory$JsonAdapter.deserialize(GsonAdapterFactory.java:102) ~[server-1.20.1-20230612.114412-srg.jar%23375!/:?]
	at com.google.gson.internal.bind.TreeTypeAdapter.read(TreeTypeAdapter.java:76) ~[gson-2.10.jar%2372!/:?]
	at com.google.gson.internal.bind.TypeAdapterRuntimeTypeWrapper.read(TypeAdapterRuntimeTypeWrapper.java:40) ~[gson-2.10.jar%2372!/:?]
	at com.google.gson.internal.bind.ArrayTypeAdapter.read(ArrayTypeAdapter.java:72) ~[gson-2.10.jar%2372!/:?]
	at com.google.gson.Gson.fromJson(Gson.java:1214) ~[gson-2.10.jar%2372!/:?]
	at com.google.gson.Gson.fromJson(Gson.java:1319) ~[gson-2.10.jar%2372!/:?]
	at com.google.gson.Gson.fromJson(Gson.java:1290) ~[gson-2.10.jar%2372!/:?]
	at com.google.gson.internal.bind.TreeTypeAdapter$GsonContextImpl.deserialize(TreeTypeAdapter.java:179) ~[gson-2.10.jar%2372!/:?]
	at net.minecraft.util.GsonHelper.m_13808_(GsonHelper.java:463) ~[server-1.20.1-20230612.114412-srg.jar%23375!/:?]
	at net.minecraft.util.GsonHelper.m_13845_(GsonHelper.java:481) ~[server-1.20.1-20230612.114412-srg.jar%23375!/:?]
	at net.minecraft.world.level.storage.loot.functions.LootItemConditionalFunction$Serializer.m_7561_(LootItemConditionalFunction.java:98) ~[server-1.20.1-20230612.114412-srg.jar%23375!/:?]
	at net.minecraft.world.level.storage.loot.functions.LootItemConditionalFunction$Serializer.m_7561_(LootItemConditionalFunction.java:88) ~[server-1.20.1-20230612.114412-srg.jar%23375!/:?]
	at net.minecraft.world.level.storage.loot.GsonAdapterFactory$JsonAdapter.deserialize(GsonAdapterFactory.java:102) ~[server-1.20.1-20230612.114412-srg.jar%23375!/:?]
	at com.google.gson.internal.bind.TreeTypeAdapter.read(TreeTypeAdapter.java:76) ~[gson-2.10.jar%2372!/:?]
	at com.google.gson.internal.bind.TypeAdapterRuntimeTypeWrapper.read(TypeAdapterRuntimeTypeWrapper.java:40) ~[gson-2.10.jar%2372!/:?]
	at com.google.gson.internal.bind.ArrayTypeAdapter.read(ArrayTypeAdapter.java:72) ~[gson-2.10.jar%2372!/:?]
	at com.google.gson.Gson.fromJson(Gson.java:1214) ~[gson-2.10.jar%2372!/:?]
	at com.google.gson.Gson.fromJson(Gson.java:1319) ~[gson-2.10.jar%2372!/:?]
	at com.google.gson.Gson.fromJson(Gson.java:1290) ~[gson-2.10.jar%2372!/:?]
	at com.google.gson.internal.bind.TreeTypeAdapter$GsonContextImpl.deserialize(TreeTypeAdapter.java:179) ~[gson-2.10.jar%2372!/:?]
	at net.minecraft.util.GsonHelper.m_13808_(GsonHelper.java:463) ~[server-1.20.1-20230612.114412-srg.jar%23375!/:?]
	at net.minecraft.util.GsonHelper.m_13845_(GsonHelper.java:481) ~[server-1.20.1-20230612.114412-srg.jar%23375!/:?]
	at net.minecraft.world.level.storage.loot.entries.LootPoolSingletonContainer$Serializer.m_5921_(LootPoolSingletonContainer.java:149) ~[server-1.20.1-20230612.114412-srg.jar%23375!/:?]
	at net.minecraft.world.level.storage.loot.entries.LootPoolSingletonContainer$Serializer.m_5921_(LootPoolSingletonContainer.java:129) ~[server-1.20.1-20230612.114412-srg.jar%23375!/:?]
	at net.minecraft.world.level.storage.loot.entries.LootPoolEntryContainer$Serializer.m_7561_(LootPoolEntryContainer.java:86) ~[server-1.20.1-20230612.114412-srg.jar%23375!/:?]
	at net.minecraft.world.level.storage.loot.entries.LootPoolEntryContainer$Serializer.m_7561_(LootPoolEntryContainer.java:74) ~[server-1.20.1-20230612.114412-srg.jar%23375!/:?]
	at net.minecraft.world.level.storage.loot.GsonAdapterFactory$JsonAdapter.deserialize(GsonAdapterFactory.java:102) ~[server-1.20.1-20230612.114412-srg.jar%23375!/:?]
	at com.google.gson.internal.bind.TreeTypeAdapter.read(TreeTypeAdapter.java:76) ~[gson-2.10.jar%2372!/:?]
	at com.google.gson.internal.bind.TypeAdapterRuntimeTypeWrapper.read(TypeAdapterRuntimeTypeWrapper.java:40) ~[gson-2.10.jar%2372!/:?]
	at com.google.gson.internal.bind.ArrayTypeAdapter.read(ArrayTypeAdapter.java:72) ~[gson-2.10.jar%2372!/:?]
	at com.google.gson.Gson.fromJson(Gson.java:1214) ~[gson-2.10.jar%2372!/:?]
	at com.google.gson.Gson.fromJson(Gson.java:1319) ~[gson-2.10.jar%2372!/:?]
	at com.google.gson.Gson.fromJson(Gson.java:1290) ~[gson-2.10.jar%2372!/:?]
	at com.google.gson.internal.bind.TreeTypeAdapter$GsonContextImpl.deserialize(TreeTypeAdapter.java:179) ~[gson-2.10.jar%2372!/:?]
	at net.minecraft.util.GsonHelper.m_13808_(GsonHelper.java:463) ~[server-1.20.1-20230612.114412-srg.jar%23375!/:?]
	at net.minecraft.util.GsonHelper.m_13836_(GsonHelper.java:471) ~[server-1.20.1-20230612.114412-srg.jar%23375!/:?]
	at net.minecraft.world.level.storage.loot.LootPool$Serializer.deserialize(LootPool.java:192) ~[server-1.20.1-20230612.114412-srg.jar%23375!/:?]
	at net.minecraft.world.level.storage.loot.LootPool$Serializer.deserialize(LootPool.java:189) ~[server-1.20.1-20230612.114412-srg.jar%23375!/:?]
	at com.google.gson.internal.bind.TreeTypeAdapter.read(TreeTypeAdapter.java:76) ~[gson-2.10.jar%2372!/:?]
	at com.google.gson.internal.bind.TypeAdapterRuntimeTypeWrapper.read(TypeAdapterRuntimeTypeWrapper.java:40) ~[gson-2.10.jar%2372!/:?]
	at com.google.gson.internal.bind.ArrayTypeAdapter.read(ArrayTypeAdapter.java:72) ~[gson-2.10.jar%2372!/:?]
	at com.google.gson.Gson.fromJson(Gson.java:1214) ~[gson-2.10.jar%2372!/:?]
	at com.google.gson.Gson.fromJson(Gson.java:1319) ~[gson-2.10.jar%2372!/:?]
	at com.google.gson.Gson.fromJson(Gson.java:1290) ~[gson-2.10.jar%2372!/:?]
	at com.google.gson.internal.bind.TreeTypeAdapter$GsonContextImpl.deserialize(TreeTypeAdapter.java:179) ~[gson-2.10.jar%2372!/:?]
	at net.minecraft.util.GsonHelper.m_13808_(GsonHelper.java:463) ~[server-1.20.1-20230612.114412-srg.jar%23375!/:?]
	at net.minecraft.util.GsonHelper.m_13845_(GsonHelper.java:481) ~[server-1.20.1-20230612.114412-srg.jar%23375!/:?]
	at net.minecraft.world.level.storage.loot.LootTable$Serializer.deserialize(LootTable.java:294) ~[server-1.20.1-20230612.114412-srg.jar%23375!/:?]
	at net.minecraft.world.level.storage.loot.LootTable$Serializer.deserialize(LootTable.java:291) ~[server-1.20.1-20230612.114412-srg.jar%23375!/:?]
	at com.google.gson.internal.bind.TreeTypeAdapter.read(TreeTypeAdapter.java:76) ~[gson-2.10.jar%2372!/:?]
	at com.google.gson.Gson.fromJson(Gson.java:1214) ~[gson-2.10.jar%2372!/:?]
	at com.google.gson.Gson.fromJson(Gson.java:1319) ~[gson-2.10.jar%2372!/:?]
	at com.google.gson.Gson.fromJson(Gson.java:1261) ~[gson-2.10.jar%2372!/:?]
	at net.minecraftforge.common.ForgeHooks.loadLootTable(ForgeHooks.java:871) ~[forge-1.20.1-47.4.0-universal.jar%23380!/:?]
	at net.minecraftforge.common.ForgeHooks.lambda$getLootTableDeserializer$3(ForgeHooks.java:848) ~[forge-1.20.1-47.4.0-universal.jar%23380!/:?]
	at net.minecraft.world.level.storage.loot.LootDataType.deserialize(LootDataType.java:45) ~[server-1.20.1-20230612.114412-srg.jar%23375!/:?]
	at net.minecraft.world.level.storage.loot.LootDataManager.lambda$scheduleElementParse$4(LootDataManager.java:56) ~[server-1.20.1-20230612.114412-srg.jar%23375!/:?]
	at java.util.HashMap.forEach(HashMap.java:1429) ~[?:?]
	at net.minecraft.world.level.storage.loot.LootDataManager.m_278660_(LootDataManager.java:55) ~[server-1.20.1-20230612.114412-srg.jar%23375!/:?]
	at java.util.concurrent.CompletableFuture$AsyncRun.run(CompletableFuture.java:1804) ~[?:?]
	at java.util.concurrent.CompletableFuture$AsyncRun.exec(CompletableFuture.java:1796) ~[?:?]
	at java.util.concurrent.ForkJoinTask.doExec(ForkJoinTask.java:507) ~[?:?]
	at java.util.concurrent.ForkJoinPool$WorkQueue.topLevelExec(ForkJoinPool.java:1491) ~[?:?]
	at java.util.concurrent.ForkJoinPool.scan(ForkJoinPool.java:2073) ~[?:?]
	at java.util.concurrent.ForkJoinPool.runWorker(ForkJoinPool.java:2035) ~[?:?]
	at java.util.concurrent.ForkJoinWorkerThread.run(ForkJoinWorkerThread.java:187) ~[?:?]
[24Aug2025 17:19:07.761] [Worker-Main-12/ERROR] [net.minecraftforge.common.ForgeHooks/]: Couldn't parse element loot_tables:dustrial_decor:blocks/sheet_metal_paneling_vertical_slab
java.lang.IllegalArgumentException: Can't find block dustrial_decor:sheet_metal_paneling_vertical_slab
	at net.minecraft.world.level.storage.loot.predicates.LootItemBlockStatePropertyCondition$Serializer.m_81802_(LootItemBlockStatePropertyCondition.java:79) ~[server-1.20.1-20230612.114412-srg.jar%23375!/:?]
	at java.util.Optional.orElseThrow(Optional.java:403) ~[?:?]
	at net.minecraft.world.level.storage.loot.predicates.LootItemBlockStatePropertyCondition$Serializer.m_7561_(LootItemBlockStatePropertyCondition.java:79) ~[server-1.20.1-20230612.114412-srg.jar%23375!/:?]
	at net.minecraft.world.level.storage.loot.predicates.LootItemBlockStatePropertyCondition$Serializer.m_7561_(LootItemBlockStatePropertyCondition.java:68) ~[server-1.20.1-20230612.114412-srg.jar%23375!/:?]
	at net.minecraft.world.level.storage.loot.GsonAdapterFactory$JsonAdapter.deserialize(GsonAdapterFactory.java:102) ~[server-1.20.1-20230612.114412-srg.jar%23375!/:?]
	at com.google.gson.internal.bind.TreeTypeAdapter.read(TreeTypeAdapter.java:76) ~[gson-2.10.jar%2372!/:?]
	at com.google.gson.internal.bind.TypeAdapterRuntimeTypeWrapper.read(TypeAdapterRuntimeTypeWrapper.java:40) ~[gson-2.10.jar%2372!/:?]
	at com.google.gson.internal.bind.ArrayTypeAdapter.read(ArrayTypeAdapter.java:72) ~[gson-2.10.jar%2372!/:?]
	at com.google.gson.Gson.fromJson(Gson.java:1214) ~[gson-2.10.jar%2372!/:?]
	at com.google.gson.Gson.fromJson(Gson.java:1319) ~[gson-2.10.jar%2372!/:?]
	at com.google.gson.Gson.fromJson(Gson.java:1290) ~[gson-2.10.jar%2372!/:?]
	at com.google.gson.internal.bind.TreeTypeAdapter$GsonContextImpl.deserialize(TreeTypeAdapter.java:179) ~[gson-2.10.jar%2372!/:?]
	at net.minecraft.util.GsonHelper.m_13808_(GsonHelper.java:463) ~[server-1.20.1-20230612.114412-srg.jar%23375!/:?]
	at net.minecraft.util.GsonHelper.m_13845_(GsonHelper.java:481) ~[server-1.20.1-20230612.114412-srg.jar%23375!/:?]
	at net.minecraft.world.level.storage.loot.functions.LootItemConditionalFunction$Serializer.m_7561_(LootItemConditionalFunction.java:98) ~[server-1.20.1-20230612.114412-srg.jar%23375!/:?]
	at net.minecraft.world.level.storage.loot.functions.LootItemConditionalFunction$Serializer.m_7561_(LootItemConditionalFunction.java:88) ~[server-1.20.1-20230612.114412-srg.jar%23375!/:?]
	at net.minecraft.world.level.storage.loot.GsonAdapterFactory$JsonAdapter.deserialize(GsonAdapterFactory.java:102) ~[server-1.20.1-20230612.114412-srg.jar%23375!/:?]
	at com.google.gson.internal.bind.TreeTypeAdapter.read(TreeTypeAdapter.java:76) ~[gson-2.10.jar%2372!/:?]
	at com.google.gson.internal.bind.TypeAdapterRuntimeTypeWrapper.read(TypeAdapterRuntimeTypeWrapper.java:40) ~[gson-2.10.jar%2372!/:?]
	at com.google.gson.internal.bind.ArrayTypeAdapter.read(ArrayTypeAdapter.java:72) ~[gson-2.10.jar%2372!/:?]
	at com.google.gson.Gson.fromJson(Gson.java:1214) ~[gson-2.10.jar%2372!/:?]
	at com.google.gson.Gson.fromJson(Gson.java:1319) ~[gson-2.10.jar%2372!/:?]
	at com.google.gson.Gson.fromJson(Gson.java:1290) ~[gson-2.10.jar%2372!/:?]
	at com.google.gson.internal.bind.TreeTypeAdapter$GsonContextImpl.deserialize(TreeTypeAdapter.java:179) ~[gson-2.10.jar%2372!/:?]
	at net.minecraft.util.GsonHelper.m_13808_(GsonHelper.java:463) ~[server-1.20.1-20230612.114412-srg.jar%23375!/:?]
	at net.minecraft.util.GsonHelper.m_13845_(GsonHelper.java:481) ~[server-1.20.1-20230612.114412-srg.jar%23375!/:?]
	at net.minecraft.world.level.storage.loot.entries.LootPoolSingletonContainer$Serializer.m_5921_(LootPoolSingletonContainer.java:149) ~[server-1.20.1-20230612.114412-srg.jar%23375!/:?]
	at net.minecraft.world.level.storage.loot.entries.LootPoolSingletonContainer$Serializer.m_5921_(LootPoolSingletonContainer.java:129) ~[server-1.20.1-20230612.114412-srg.jar%23375!/:?]
	at net.minecraft.world.level.storage.loot.entries.LootPoolEntryContainer$Serializer.m_7561_(LootPoolEntryContainer.java:86) ~[server-1.20.1-20230612.114412-srg.jar%23375!/:?]
	at net.minecraft.world.level.storage.loot.entries.LootPoolEntryContainer$Serializer.m_7561_(LootPoolEntryContainer.java:74) ~[server-1.20.1-20230612.114412-srg.jar%23375!/:?]
	at net.minecraft.world.level.storage.loot.GsonAdapterFactory$JsonAdapter.deserialize(GsonAdapterFactory.java:102) ~[server-1.20.1-20230612.114412-srg.jar%23375!/:?]
	at com.google.gson.internal.bind.TreeTypeAdapter.read(TreeTypeAdapter.java:76) ~[gson-2.10.jar%2372!/:?]
	at com.google.gson.internal.bind.TypeAdapterRuntimeTypeWrapper.read(TypeAdapterRuntimeTypeWrapper.java:40) ~[gson-2.10.jar%2372!/:?]
	at com.google.gson.internal.bind.ArrayTypeAdapter.read(ArrayTypeAdapter.java:72) ~[gson-2.10.jar%2372!/:?]
	at com.google.gson.Gson.fromJson(Gson.java:1214) ~[gson-2.10.jar%2372!/:?]
	at com.google.gson.Gson.fromJson(Gson.java:1319) ~[gson-2.10.jar%2372!/:?]
	at com.google.gson.Gson.fromJson(Gson.java:1290) ~[gson-2.10.jar%2372!/:?]
	at com.google.gson.internal.bind.TreeTypeAdapter$GsonContextImpl.deserialize(TreeTypeAdapter.java:179) ~[gson-2.10.jar%2372!/:?]
	at net.minecraft.util.GsonHelper.m_13808_(GsonHelper.java:463) ~[server-1.20.1-20230612.114412-srg.jar%23375!/:?]
	at net.minecraft.util.GsonHelper.m_13836_(GsonHelper.java:471) ~[server-1.20.1-20230612.114412-srg.jar%23375!/:?]
	at net.minecraft.world.level.storage.loot.LootPool$Serializer.deserialize(LootPool.java:192) ~[server-1.20.1-20230612.114412-srg.jar%23375!/:?]
	at net.minecraft.world.level.storage.loot.LootPool$Serializer.deserialize(LootPool.java:189) ~[server-1.20.1-20230612.114412-srg.jar%23375!/:?]
	at com.google.gson.internal.bind.TreeTypeAdapter.read(TreeTypeAdapter.java:76) ~[gson-2.10.jar%2372!/:?]
	at com.google.gson.internal.bind.TypeAdapterRuntimeTypeWrapper.read(TypeAdapterRuntimeTypeWrapper.java:40) ~[gson-2.10.jar%2372!/:?]
	at com.google.gson.internal.bind.ArrayTypeAdapter.read(ArrayTypeAdapter.java:72) ~[gson-2.10.jar%2372!/:?]
	at com.google.gson.Gson.fromJson(Gson.java:1214) ~[gson-2.10.jar%2372!/:?]
	at com.google.gson.Gson.fromJson(Gson.java:1319) ~[gson-2.10.jar%2372!/:?]
	at com.google.gson.Gson.fromJson(Gson.java:1290) ~[gson-2.10.jar%2372!/:?]
	at com.google.gson.internal.bind.TreeTypeAdapter$GsonContextImpl.deserialize(TreeTypeAdapter.java:179) ~[gson-2.10.jar%2372!/:?]
	at net.minecraft.util.GsonHelper.m_13808_(GsonHelper.java:463) ~[server-1.20.1-20230612.114412-srg.jar%23375!/:?]
	at net.minecraft.util.GsonHelper.m_13845_(GsonHelper.java:481) ~[server-1.20.1-20230612.114412-srg.jar%23375!/:?]
	at net.minecraft.world.level.storage.loot.LootTable$Serializer.deserialize(LootTable.java:294) ~[server-1.20.1-20230612.114412-srg.jar%23375!/:?]
	at net.minecraft.world.level.storage.loot.LootTable$Serializer.deserialize(LootTable.java:291) ~[server-1.20.1-20230612.114412-srg.jar%23375!/:?]
	at com.google.gson.internal.bind.TreeTypeAdapter.read(TreeTypeAdapter.java:76) ~[gson-2.10.jar%2372!/:?]
	at com.google.gson.Gson.fromJson(Gson.java:1214) ~[gson-2.10.jar%2372!/:?]
	at com.google.gson.Gson.fromJson(Gson.java:1319) ~[gson-2.10.jar%2372!/:?]
	at com.google.gson.Gson.fromJson(Gson.java:1261) ~[gson-2.10.jar%2372!/:?]
	at net.minecraftforge.common.ForgeHooks.loadLootTable(ForgeHooks.java:871) ~[forge-1.20.1-47.4.0-universal.jar%23380!/:?]
	at net.minecraftforge.common.ForgeHooks.lambda$getLootTableDeserializer$3(ForgeHooks.java:848) ~[forge-1.20.1-47.4.0-universal.jar%23380!/:?]
	at net.minecraft.world.level.storage.loot.LootDataType.deserialize(LootDataType.java:45) ~[server-1.20.1-20230612.114412-srg.jar%23375!/:?]
	at net.minecraft.world.level.storage.loot.LootDataManager.lambda$scheduleElementParse$4(LootDataManager.java:56) ~[server-1.20.1-20230612.114412-srg.jar%23375!/:?]
	at java.util.HashMap.forEach(HashMap.java:1429) ~[?:?]
	at net.minecraft.world.level.storage.loot.LootDataManager.m_278660_(LootDataManager.java:55) ~[server-1.20.1-20230612.114412-srg.jar%23375!/:?]
	at java.util.concurrent.CompletableFuture$AsyncRun.run(CompletableFuture.java:1804) ~[?:?]
	at java.util.concurrent.CompletableFuture$AsyncRun.exec(CompletableFuture.java:1796) ~[?:?]
	at java.util.concurrent.ForkJoinTask.doExec(ForkJoinTask.java:507) ~[?:?]
	at java.util.concurrent.ForkJoinPool$WorkQueue.topLevelExec(ForkJoinPool.java:1491) ~[?:?]
	at java.util.concurrent.ForkJoinPool.scan(ForkJoinPool.java:2073) ~[?:?]
	at java.util.concurrent.ForkJoinPool.runWorker(ForkJoinPool.java:2035) ~[?:?]
	at java.util.concurrent.ForkJoinWorkerThread.run(ForkJoinWorkerThread.java:187) ~[?:?]
[24Aug2025 17:19:07.827] [Worker-Main-12/ERROR] [net.minecraftforge.common.ForgeHooks/]: Couldn't parse element loot_tables:dustrial_decor:blocks/large_glow_lantern
com.google.gson.JsonSyntaxException: Expected name to be an item, was unknown string 'dustrial_decor:large_glow_lantern'
	at net.minecraft.util.GsonHelper.m_13866_(GsonHelper.java:145) ~[server-1.20.1-20230612.114412-srg.jar%23375!/:?]
	at java.util.Optional.orElseThrow(Optional.java:403) ~[?:?]
	at net.minecraft.util.GsonHelper.m_13874_(GsonHelper.java:145) ~[server-1.20.1-20230612.114412-srg.jar%23375!/:?]
	at net.minecraft.util.GsonHelper.m_13909_(GsonHelper.java:153) ~[server-1.20.1-20230612.114412-srg.jar%23375!/:?]
	at net.minecraft.world.level.storage.loot.entries.LootItem$Serializer.m_7267_(LootItem.java:55) ~[server-1.20.1-20230612.114412-srg.jar%23375!/:?]
	at net.minecraft.world.level.storage.loot.entries.LootItem$Serializer.m_7267_(LootItem.java:40) ~[server-1.20.1-20230612.114412-srg.jar%23375!/:?]
	at net.minecraft.world.level.storage.loot.entries.LootPoolSingletonContainer$Serializer.m_5921_(LootPoolSingletonContainer.java:151) ~[server-1.20.1-20230612.114412-srg.jar%23375!/:?]
	at net.minecraft.world.level.storage.loot.entries.LootPoolSingletonContainer$Serializer.m_5921_(LootPoolSingletonContainer.java:129) ~[server-1.20.1-20230612.114412-srg.jar%23375!/:?]
	at net.minecraft.world.level.storage.loot.entries.LootPoolEntryContainer$Serializer.m_7561_(LootPoolEntryContainer.java:86) ~[server-1.20.1-20230612.114412-srg.jar%23375!/:?]
	at net.minecraft.world.level.storage.loot.entries.LootPoolEntryContainer$Serializer.m_7561_(LootPoolEntryContainer.java:74) ~[server-1.20.1-20230612.114412-srg.jar%23375!/:?]
	at net.minecraft.world.level.storage.loot.GsonAdapterFactory$JsonAdapter.deserialize(GsonAdapterFactory.java:102) ~[server-1.20.1-20230612.114412-srg.jar%23375!/:?]
	at com.google.gson.internal.bind.TreeTypeAdapter.read(TreeTypeAdapter.java:76) ~[gson-2.10.jar%2372!/:?]
	at com.google.gson.internal.bind.TypeAdapterRuntimeTypeWrapper.read(TypeAdapterRuntimeTypeWrapper.java:40) ~[gson-2.10.jar%2372!/:?]
	at com.google.gson.internal.bind.ArrayTypeAdapter.read(ArrayTypeAdapter.java:72) ~[gson-2.10.jar%2372!/:?]
	at com.google.gson.Gson.fromJson(Gson.java:1214) ~[gson-2.10.jar%2372!/:?]
	at com.google.gson.Gson.fromJson(Gson.java:1319) ~[gson-2.10.jar%2372!/:?]
	at com.google.gson.Gson.fromJson(Gson.java:1290) ~[gson-2.10.jar%2372!/:?]
	at com.google.gson.internal.bind.TreeTypeAdapter$GsonContextImpl.deserialize(TreeTypeAdapter.java:179) ~[gson-2.10.jar%2372!/:?]
	at net.minecraft.util.GsonHelper.m_13808_(GsonHelper.java:463) ~[server-1.20.1-20230612.114412-srg.jar%23375!/:?]
	at net.minecraft.util.GsonHelper.m_13836_(GsonHelper.java:471) ~[server-1.20.1-20230612.114412-srg.jar%23375!/:?]
	at net.minecraft.world.level.storage.loot.LootPool$Serializer.deserialize(LootPool.java:192) ~[server-1.20.1-20230612.114412-srg.jar%23375!/:?]
	at net.minecraft.world.level.storage.loot.LootPool$Serializer.deserialize(LootPool.java:189) ~[server-1.20.1-20230612.114412-srg.jar%23375!/:?]
	at com.google.gson.internal.bind.TreeTypeAdapter.read(TreeTypeAdapter.java:76) ~[gson-2.10.jar%2372!/:?]
	at com.google.gson.internal.bind.TypeAdapterRuntimeTypeWrapper.read(TypeAdapterRuntimeTypeWrapper.java:40) ~[gson-2.10.jar%2372!/:?]
	at com.google.gson.internal.bind.ArrayTypeAdapter.read(ArrayTypeAdapter.java:72) ~[gson-2.10.jar%2372!/:?]
	at com.google.gson.Gson.fromJson(Gson.java:1214) ~[gson-2.10.jar%2372!/:?]
	at com.google.gson.Gson.fromJson(Gson.java:1319) ~[gson-2.10.jar%2372!/:?]
	at com.google.gson.Gson.fromJson(Gson.java:1290) ~[gson-2.10.jar%2372!/:?]
	at com.google.gson.internal.bind.TreeTypeAdapter$GsonContextImpl.deserialize(TreeTypeAdapter.java:179) ~[gson-2.10.jar%2372!/:?]
	at net.minecraft.util.GsonHelper.m_13808_(GsonHelper.java:463) ~[server-1.20.1-20230612.114412-srg.jar%23375!/:?]
	at net.minecraft.util.GsonHelper.m_13845_(GsonHelper.java:481) ~[server-1.20.1-20230612.114412-srg.jar%23375!/:?]
	at net.minecraft.world.level.storage.loot.LootTable$Serializer.deserialize(LootTable.java:294) ~[server-1.20.1-20230612.114412-srg.jar%23375!/:?]
	at net.minecraft.world.level.storage.loot.LootTable$Serializer.deserialize(LootTable.java:291) ~[server-1.20.1-20230612.114412-srg.jar%23375!/:?]
	at com.google.gson.internal.bind.TreeTypeAdapter.read(TreeTypeAdapter.java:76) ~[gson-2.10.jar%2372!/:?]
	at com.google.gson.Gson.fromJson(Gson.java:1214) ~[gson-2.10.jar%2372!/:?]
	at com.google.gson.Gson.fromJson(Gson.java:1319) ~[gson-2.10.jar%2372!/:?]
	at com.google.gson.Gson.fromJson(Gson.java:1261) ~[gson-2.10.jar%2372!/:?]
	at net.minecraftforge.common.ForgeHooks.loadLootTable(ForgeHooks.java:871) ~[forge-1.20.1-47.4.0-universal.jar%23380!/:?]
	at net.minecraftforge.common.ForgeHooks.lambda$getLootTableDeserializer$3(ForgeHooks.java:848) ~[forge-1.20.1-47.4.0-universal.jar%23380!/:?]
	at net.minecraft.world.level.storage.loot.LootDataType.deserialize(LootDataType.java:45) ~[server-1.20.1-20230612.114412-srg.jar%23375!/:?]
	at net.minecraft.world.level.storage.loot.LootDataManager.lambda$scheduleElementParse$4(LootDataManager.java:56) ~[server-1.20.1-20230612.114412-srg.jar%23375!/:?]
	at java.util.HashMap.forEach(HashMap.java:1429) ~[?:?]
	at net.minecraft.world.level.storage.loot.LootDataManager.m_278660_(LootDataManager.java:55) ~[server-1.20.1-20230612.114412-srg.jar%23375!/:?]
	at java.util.concurrent.CompletableFuture$AsyncRun.run(CompletableFuture.java:1804) ~[?:?]
	at java.util.concurrent.CompletableFuture$AsyncRun.exec(CompletableFuture.java:1796) ~[?:?]
	at java.util.concurrent.ForkJoinTask.doExec(ForkJoinTask.java:507) ~[?:?]
	at java.util.concurrent.ForkJoinPool$WorkQueue.topLevelExec(ForkJoinPool.java:1491) ~[?:?]
	at java.util.concurrent.ForkJoinPool.scan(ForkJoinPool.java:2073) ~[?:?]
	at java.util.concurrent.ForkJoinPool.runWorker(ForkJoinPool.java:2035) ~[?:?]
	at java.util.concurrent.ForkJoinWorkerThread.run(ForkJoinWorkerThread.java:187) ~[?:?]
[24Aug2025 17:19:07.861] [main/INFO] [com.teamabnormals.blueprint.core.Blueprint/]: Loot Modification Manager has loaded 9 modifier groups
[24Aug2025 17:19:07.912] [main/WARN] [net.minecraft.world.level.storage.loot.LootDataManager/]: Found loot table element validation problem in {loot_tables:dustrial_decor:entities/zombie}.pools[1].entries[0]->{botania:elementium_axe_beheading}.pools[1].condition[0]: Parameters [<parameter minecraft:last_damage_player>] are not provided in this context
[24Aug2025 17:19:07.912] [main/WARN] [net.minecraft.world.level.storage.loot.LootDataManager/]: Found loot table element validation problem in {loot_tables:dustrial_decor:entities/zombie}.pools[1].entries[0]->{botania:elementium_axe_beheading}.pools[2].condition[0]: Parameters [<parameter minecraft:last_damage_player>] are not provided in this context
[24Aug2025 17:19:07.912] [main/WARN] [net.minecraft.world.level.storage.loot.LootDataManager/]: Found loot table element validation problem in {loot_tables:dustrial_decor:entities/zombie}.pools[1].entries[0]->{botania:elementium_axe_beheading}.pools[0].condition[0]: Parameters [<parameter minecraft:last_damage_player>] are not provided in this context
[24Aug2025 17:19:07.914] [main/WARN] [net.minecraft.world.level.storage.loot.LootDataManager/]: Found loot table element validation problem in {loot_tables:dustrial_decor:entities/zombie}.pools[1].entries[0]->{botania:elementium_axe_beheading}.pools[4].condition[0]: Parameters [<parameter minecraft:last_damage_player>] are not provided in this context
[24Aug2025 17:19:07.914] [main/WARN] [net.minecraft.world.level.storage.loot.LootDataManager/]: Found loot table element validation problem in {loot_tables:dustrial_decor:entities/zombie}.pools[1].entries[0]->{botania:elementium_axe_beheading}.pools[3].condition[0]: Parameters [<parameter minecraft:last_damage_player>] are not provided in this context
[24Aug2025 17:19:07.914] [main/WARN] [net.minecraft.world.level.storage.loot.LootDataManager/]: Found loot table element validation problem in {loot_tables:dustrial_decor:entities/zombie}.pools[1].entries[0]->{botania:elementium_axe_beheading}.pools[6].condition[0]: Parameters [<parameter minecraft:last_damage_player>] are not provided in this context
[24Aug2025 17:19:07.914] [main/WARN] [net.minecraft.world.level.storage.loot.LootDataManager/]: Found loot table element validation problem in {loot_tables:dustrial_decor:entities/zombie}.pools[1].entries[0]->{botania:elementium_axe_beheading}.pools[5].condition[0]: Parameters [<parameter minecraft:last_damage_player>] are not provided in this context
[24Aug2025 17:19:07.964] [main/WARN] [AlmostUnified/]: Recipe count: 19175
[24Aug2025 17:19:08.460] [main/WARN] [AlmostUnified/]: Recipe count afterwards: 18899 (done in 496.7 ms)
[24Aug2025 17:19:08.463] [main/INFO] [KubeJS Server/]: Processing recipes...
[24Aug2025 17:19:08.514] [main/WARN] [KubeJS Server/]: Failed to parse recipe 'thermal:devices/tree_extractor/tree_extractor_cherry[thermal:tree_extractor]'! Falling back to vanilla: Non [a-z0-9_.-] character in namespace of location: {\"Name\":\"minecraft:cherry_log\"}
[24Aug2025 17:19:08.531] [main/WARN] [KubeJS Server/]: Failed to parse recipe 'thermal:devices/tree_extractor/tree_extractor_jungle[thermal:tree_extractor]'! Falling back to vanilla: Non [a-z0-9_.-] character in namespace of location: {\"Name\":\"minecraft:jungle_log\",\"Properties\":{\"axis\":\"y\"}}
[24Aug2025 17:19:08.532] [main/WARN] [KubeJS Server/]: Failed to parse recipe 'mekanism:rotary/hydrofluoric_acid[mekanism:rotary]'! Falling back to vanilla: Cannot invoke "com.google.gson.JsonElement.getAsString()" because the return value of "com.google.gson.JsonObject.get(String)" is null
[24Aug2025 17:19:08.544] [main/WARN] [KubeJS Server/]: Failed to parse recipe 'mekanism:rotary/sulfuric_acid[mekanism:rotary]'! Falling back to vanilla: Cannot invoke "com.google.gson.JsonElement.getAsString()" because the return value of "com.google.gson.JsonObject.get(String)" is null
[24Aug2025 17:19:08.553] [main/WARN] [KubeJS Server/]: Failed to parse recipe 'botania:brew/fire_resistance[botania:brew]'! Falling back to vanilla: Cannot invoke "net.minecraft.core.Registry.m_7745_(net.minecraft.resources.ResourceLocation)" because "com.prunoideae.custom.brew.BotaniaRegistryObjectBuilderTypes.BREW_REGISTRY" is null
[24Aug2025 17:19:08.561] [main/WARN] [KubeJS Server/]: Failed to parse recipe 'mekanism:rotary/hydrogen_chloride[mekanism:rotary]'! Falling back to vanilla: Cannot invoke "com.google.gson.JsonElement.getAsString()" because the return value of "com.google.gson.JsonObject.get(String)" is null
[24Aug2025 17:19:08.592] [main/WARN] [KubeJS Server/]: Failed to parse recipe 'mekanism:rotary/superheated_sodium[mekanism:rotary]'! Falling back to vanilla: Cannot invoke "com.google.gson.JsonElement.getAsString()" because the return value of "com.google.gson.JsonObject.get(String)" is null
[24Aug2025 17:19:08.594] [main/WARN] [KubeJS Server/]: Failed to parse recipe 'mekanism:processing/copper/slurry/clean[mekanism:washing]'! Falling back to vanilla: Cannot invoke "com.google.gson.JsonElement.getAsString()" because the return value of "com.google.gson.JsonObject.get(String)" is null
[24Aug2025 17:19:08.600] [main/WARN] [KubeJS Server/]: Failed to parse recipe 'mekanism:processing/gold/slurry/clean[mekanism:washing]'! Falling back to vanilla: Cannot invoke "com.google.gson.JsonElement.getAsString()" because the return value of "com.google.gson.JsonObject.get(String)" is null
[24Aug2025 17:19:08.607] [main/WARN] [KubeJS Server/]: Failed to parse recipe 'botania:brew/invisibility[botania:brew]'! Falling back to vanilla: Cannot invoke "net.minecraft.core.Registry.m_7745_(net.minecraft.resources.ResourceLocation)" because "com.prunoideae.custom.brew.BotaniaRegistryObjectBuilderTypes.BREW_REGISTRY" is null
[24Aug2025 17:19:08.620] [main/WARN] [KubeJS Server/]: Failed to parse recipe 'botania:brew/clear[botania:brew]'! Falling back to vanilla: Cannot invoke "net.minecraft.core.Registry.m_7745_(net.minecraft.resources.ResourceLocation)" because "com.prunoideae.custom.brew.BotaniaRegistryObjectBuilderTypes.BREW_REGISTRY" is null
[24Aug2025 17:19:08.632] [main/WARN] [KubeJS Server/]: Failed to parse recipe 'mekanism:rotary/sulfur_trioxide[mekanism:rotary]'! Falling back to vanilla: Cannot invoke "com.google.gson.JsonElement.getAsString()" because the return value of "com.google.gson.JsonObject.get(String)" is null
[24Aug2025 17:19:08.636] [main/WARN] [KubeJS Server/]: Failed to parse recipe 'mekanism:processing/lategame/polonium_pellet/from_reaction[mekanism:reaction]'! Falling back to vanilla: Cannot invoke "com.google.gson.JsonElement.getAsString()" because the return value of "com.google.gson.JsonObject.get(String)" is null
[24Aug2025 17:19:08.638] [main/WARN] [KubeJS Server/]: Failed to parse recipe 'mekanism:processing/lategame/plutonium_pellet/from_reaction[mekanism:reaction]'! Falling back to vanilla: Cannot invoke "com.google.gson.JsonElement.getAsString()" because the return value of "com.google.gson.JsonObject.get(String)" is null
[24Aug2025 17:19:08.641] [main/WARN] [KubeJS Server/]: Failed to parse recipe 'mekanism:reaction/wood_gasification/wooden_slabs[mekanism:reaction]'! Falling back to vanilla: Cannot invoke "com.google.gson.JsonElement.getAsString()" because the return value of "com.google.gson.JsonObject.get(String)" is null
[24Aug2025 17:19:08.650] [main/WARN] [KubeJS Server/]: Failed to parse recipe 'thermal:devices/tree_extractor/tree_extractor_birch[thermal:tree_extractor]'! Falling back to vanilla: Non [a-z0-9_.-] character in namespace of location: {\"Name\":\"minecraft:birch_log\",\"Properties\":{\"axis\":\"y\"}}
[24Aug2025 17:19:08.677] [main/WARN] [KubeJS Server/]: Failed to parse recipe 'botania:brew/feather_feet[botania:brew]'! Falling back to vanilla: Cannot invoke "net.minecraft.core.Registry.m_7745_(net.minecraft.resources.ResourceLocation)" because "com.prunoideae.custom.brew.BotaniaRegistryObjectBuilderTypes.BREW_REGISTRY" is null
[24Aug2025 17:19:08.696] [main/WARN] [KubeJS Server/]: Failed to parse recipe 'botania:brew/bloodthirst[botania:brew]'! Falling back to vanilla: Cannot invoke "net.minecraft.core.Registry.m_7745_(net.minecraft.resources.ResourceLocation)" because "com.prunoideae.custom.brew.BotaniaRegistryObjectBuilderTypes.BREW_REGISTRY" is null
[24Aug2025 17:19:08.701] [main/WARN] [KubeJS Server/]: Failed to parse recipe 'mekanism:reaction/coal_gasification/blocks_coals[mekanism:reaction]'! Falling back to vanilla: Cannot invoke "com.google.gson.JsonElement.getAsString()" because the return value of "com.google.gson.JsonObject.get(String)" is null
[24Aug2025 17:19:08.725] [main/WARN] [KubeJS Server/]: Failed to parse recipe 'botania:brew/emptiness[botania:brew]'! Falling back to vanilla: Cannot invoke "net.minecraft.core.Registry.m_7745_(net.minecraft.resources.ResourceLocation)" because "com.prunoideae.custom.brew.BotaniaRegistryObjectBuilderTypes.BREW_REGISTRY" is null
[24Aug2025 17:19:08.729] [main/WARN] [KubeJS Server/]: Failed to parse recipe 'mekanism:rotary/chlorine[mekanism:rotary]'! Falling back to vanilla: Cannot invoke "com.google.gson.JsonElement.getAsString()" because the return value of "com.google.gson.JsonObject.get(String)" is null
[24Aug2025 17:19:08.739] [main/WARN] [KubeJS Server/]: Failed to parse recipe 'mekanism:reaction/coal_gasification/dusts_coals[mekanism:reaction]'! Falling back to vanilla: Cannot invoke "com.google.gson.JsonElement.getAsString()" because the return value of "com.google.gson.JsonObject.get(String)" is null
[24Aug2025 17:19:08.740] [main/WARN] [KubeJS Server/]: Failed to parse recipe 'mekanism:processing/osmium/slurry/clean[mekanism:washing]'! Falling back to vanilla: Cannot invoke "com.google.gson.JsonElement.getAsString()" because the return value of "com.google.gson.JsonObject.get(String)" is null
[24Aug2025 17:19:08.745] [main/WARN] [KubeJS Server/]: Failed to parse recipe 'botania:brew/absorption[botania:brew]'! Falling back to vanilla: Cannot invoke "net.minecraft.core.Registry.m_7745_(net.minecraft.resources.ResourceLocation)" because "com.prunoideae.custom.brew.BotaniaRegistryObjectBuilderTypes.BREW_REGISTRY" is null
[24Aug2025 17:19:08.747] [main/WARN] [KubeJS Server/]: Failed to parse recipe 'botania:brew/jump_boost[botania:brew]'! Falling back to vanilla: Cannot invoke "net.minecraft.core.Registry.m_7745_(net.minecraft.resources.ResourceLocation)" because "com.prunoideae.custom.brew.BotaniaRegistryObjectBuilderTypes.BREW_REGISTRY" is null
[24Aug2025 17:19:08.748] [main/WARN] [KubeJS Server/]: Failed to parse recipe 'botania:brew/weak_regeneration[botania:brew]'! Falling back to vanilla: Cannot invoke "net.minecraft.core.Registry.m_7745_(net.minecraft.resources.ResourceLocation)" because "com.prunoideae.custom.brew.BotaniaRegistryObjectBuilderTypes.BREW_REGISTRY" is null
[24Aug2025 17:19:08.753] [main/WARN] [KubeJS Server/]: Failed to parse recipe 'botania:brew/regeneration[botania:brew]'! Falling back to vanilla: Cannot invoke "net.minecraft.core.Registry.m_7745_(net.minecraft.resources.ResourceLocation)" because "com.prunoideae.custom.brew.BotaniaRegistryObjectBuilderTypes.BREW_REGISTRY" is null
[24Aug2025 17:19:08.760] [main/WARN] [KubeJS Server/]: Failed to parse recipe 'botania:brew/speed[botania:brew]'! Falling back to vanilla: Cannot invoke "net.minecraft.core.Registry.m_7745_(net.minecraft.resources.ResourceLocation)" because "com.prunoideae.custom.brew.BotaniaRegistryObjectBuilderTypes.BREW_REGISTRY" is null
[24Aug2025 17:19:08.762] [main/WARN] [KubeJS Server/]: Failed to parse recipe 'mekanism:rotary/steam[mekanism:rotary]'! Falling back to vanilla: Cannot invoke "com.google.gson.JsonElement.getAsString()" because the return value of "com.google.gson.JsonObject.get(String)" is null
[24Aug2025 17:19:08.774] [main/WARN] [KubeJS Server/]: Failed to parse recipe 'botania:brew/night_vision[botania:brew]'! Falling back to vanilla: Cannot invoke "net.minecraft.core.Registry.m_7745_(net.minecraft.resources.ResourceLocation)" because "com.prunoideae.custom.brew.BotaniaRegistryObjectBuilderTypes.BREW_REGISTRY" is null
[24Aug2025 17:19:08.775] [main/WARN] [KubeJS Server/]: Failed to parse recipe 'thermal:devices/tree_extractor/tree_extractor_oak[thermal:tree_extractor]'! Falling back to vanilla: Non [a-z0-9_.-] character in namespace of location: {\"Name\":\"minecraft:oak_log\"}
[24Aug2025 17:19:08.777] [main/WARN] [KubeJS Server/]: Failed to parse recipe 'mekanism:reaction/coal_gasification/coals[mekanism:reaction]'! Falling back to vanilla: Cannot invoke "com.google.gson.JsonElement.getAsString()" because the return value of "com.google.gson.JsonObject.get(String)" is null
[24Aug2025 17:19:08.780] [main/WARN] [KubeJS Server/]: Failed to parse recipe 'mekanism:rotary/hydrogen[mekanism:rotary]'! Falling back to vanilla: Cannot invoke "com.google.gson.JsonElement.getAsString()" because the return value of "com.google.gson.JsonObject.get(String)" is null
[24Aug2025 17:19:08.792] [main/WARN] [KubeJS Server/]: Failed to parse recipe 'mekanism:rotary/water_vapor[mekanism:rotary]'! Falling back to vanilla: Cannot invoke "com.google.gson.JsonElement.getAsString()" because the return value of "com.google.gson.JsonObject.get(String)" is null
[24Aug2025 17:19:08.800] [main/WARN] [KubeJS Server/]: Failed to parse recipe 'mekanism:rotary/uranium_oxide[mekanism:rotary]'! Falling back to vanilla: Cannot invoke "com.google.gson.JsonElement.getAsString()" because the return value of "com.google.gson.JsonObject.get(String)" is null
[24Aug2025 17:19:08.802] [main/WARN] [KubeJS Server/]: Failed to parse recipe 'mekanism:processing/lead/slurry/clean[mekanism:washing]'! Falling back to vanilla: Cannot invoke "com.google.gson.JsonElement.getAsString()" because the return value of "com.google.gson.JsonObject.get(String)" is null
[24Aug2025 17:19:08.806] [main/WARN] [KubeJS Server/]: Failed to parse recipe 'mekanism:reaction/substrate/ethene_oxygen[mekanism:reaction]'! Falling back to vanilla: Cannot invoke "com.google.gson.JsonElement.getAsString()" because the return value of "com.google.gson.JsonObject.get(String)" is null
[24Aug2025 17:19:08.807] [main/WARN] [KubeJS Server/]: Failed to parse recipe 'botania:brew/overload[botania:brew]'! Falling back to vanilla: Cannot invoke "net.minecraft.core.Registry.m_7745_(net.minecraft.resources.ResourceLocation)" because "com.prunoideae.custom.brew.BotaniaRegistryObjectBuilderTypes.BREW_REGISTRY" is null
[24Aug2025 17:19:08.812] [main/WARN] [KubeJS Server/]: Failed to parse recipe 'botania:brew/allure[botania:brew]'! Falling back to vanilla: Cannot invoke "net.minecraft.core.Registry.m_7745_(net.minecraft.resources.ResourceLocation)" because "com.prunoideae.custom.brew.BotaniaRegistryObjectBuilderTypes.BREW_REGISTRY" is null
[24Aug2025 17:19:08.826] [main/WARN] [KubeJS Server/]: Failed to parse recipe 'mekanism:rotary/ethene[mekanism:rotary]'! Falling back to vanilla: Cannot invoke "com.google.gson.JsonElement.getAsString()" because the return value of "com.google.gson.JsonObject.get(String)" is null
[24Aug2025 17:19:08.836] [main/WARN] [KubeJS Server/]: Failed to parse recipe 'botania:brew/healing[botania:brew]'! Falling back to vanilla: Cannot invoke "net.minecraft.core.Registry.m_7745_(net.minecraft.resources.ResourceLocation)" because "com.prunoideae.custom.brew.BotaniaRegistryObjectBuilderTypes.BREW_REGISTRY" is null
[24Aug2025 17:19:08.841] [main/WARN] [KubeJS Server/]: Failed to parse recipe 'mekanism:rotary/sulfur_dioxide[mekanism:rotary]'! Falling back to vanilla: Cannot invoke "com.google.gson.JsonElement.getAsString()" because the return value of "com.google.gson.JsonObject.get(String)" is null
[24Aug2025 17:19:08.844] [main/WARN] [KubeJS Server/]: Failed to parse recipe 'mekanism:rotary/oxygen[mekanism:rotary]'! Falling back to vanilla: Cannot invoke "com.google.gson.JsonElement.getAsString()" because the return value of "com.google.gson.JsonObject.get(String)" is null
[24Aug2025 17:19:08.858] [main/WARN] [KubeJS Server/]: Failed to parse recipe 'mekanism:separator/water[mekanism:separating]'! Falling back to vanilla: Cannot invoke "com.google.gson.JsonElement.getAsString()" because the return value of "com.google.gson.JsonObject.get(String)" is null
[24Aug2025 17:19:08.873] [main/WARN] [KubeJS Server/]: Failed to parse recipe 'mekanism:reaction/substrate/water_hydrogen[mekanism:reaction]'! Falling back to vanilla: Cannot invoke "com.google.gson.JsonElement.getAsString()" because the return value of "com.google.gson.JsonObject.get(String)" is null
[24Aug2025 17:19:08.877] [main/WARN] [KubeJS Server/]: Failed to parse recipe 'mekanism:evaporating/lithium[mekanism:evaporating]'! Falling back to vanilla: Cannot invoke "com.google.gson.JsonElement.getAsString()" because the return value of "com.google.gson.JsonObject.get(String)" is null
[24Aug2025 17:19:08.881] [main/WARN] [KubeJS Server/]: Failed to parse recipe 'botania:brew/strength[botania:brew]'! Falling back to vanilla: Cannot invoke "net.minecraft.core.Registry.m_7745_(net.minecraft.resources.ResourceLocation)" because "com.prunoideae.custom.brew.BotaniaRegistryObjectBuilderTypes.BREW_REGISTRY" is null
[24Aug2025 17:19:08.886] [main/WARN] [KubeJS Server/]: Failed to parse recipe 'mekanism:reaction/wood_gasification/wooden_stairs[mekanism:reaction]'! Falling back to vanilla: Cannot invoke "com.google.gson.JsonElement.getAsString()" because the return value of "com.google.gson.JsonObject.get(String)" is null
[24Aug2025 17:19:08.887] [main/WARN] [KubeJS Server/]: Failed to parse recipe 'botania:brew/haste[botania:brew]'! Falling back to vanilla: Cannot invoke "net.minecraft.core.Registry.m_7745_(net.minecraft.resources.ResourceLocation)" because "com.prunoideae.custom.brew.BotaniaRegistryObjectBuilderTypes.BREW_REGISTRY" is null
[24Aug2025 17:19:08.888] [main/WARN] [KubeJS Server/]: Failed to parse recipe 'botania:brew/soul_cross[botania:brew]'! Falling back to vanilla: Cannot invoke "net.minecraft.core.Registry.m_7745_(net.minecraft.resources.ResourceLocation)" because "com.prunoideae.custom.brew.BotaniaRegistryObjectBuilderTypes.BREW_REGISTRY" is null
[24Aug2025 17:19:08.892] [main/WARN] [KubeJS Server/]: Failed to parse recipe 'mekanism:rotary/brine[mekanism:rotary]'! Falling back to vanilla: Cannot invoke "com.google.gson.JsonElement.getAsString()" because the return value of "com.google.gson.JsonObject.get(String)" is null
[24Aug2025 17:19:08.892] [main/WARN] [KubeJS Server/]: Failed to parse recipe 'mekanism:rotary/lithium[mekanism:rotary]'! Falling back to vanilla: Cannot invoke "com.google.gson.JsonElement.getAsString()" because the return value of "com.google.gson.JsonObject.get(String)" is null
[24Aug2025 17:19:08.898] [main/WARN] [KubeJS Server/]: Failed to parse recipe 'thermal:devices/tree_extractor/tree_extractor_dark_oak[thermal:tree_extractor]'! Falling back to vanilla: Non [a-z0-9_.-] character in namespace of location: {\"Name\":\"minecraft:dark_oak_log\",\"Properties\":{\"axis\":\"y\"}}
[24Aug2025 17:19:08.905] [main/WARN] [KubeJS Server/]: Failed to parse recipe 'thermal:devices/tree_extractor/tree_extractor_spruce[thermal:tree_extractor]'! Falling back to vanilla: Non [a-z0-9_.-] character in namespace of location: {\"Name\":\"minecraft:spruce_log\",\"Properties\":{\"axis\":\"y\"}}
[24Aug2025 17:19:08.908] [main/WARN] [KubeJS Server/]: Failed to parse recipe 'mekanism:reaction/wood_gasification/planks[mekanism:reaction]'! Falling back to vanilla: Cannot invoke "com.google.gson.JsonElement.getAsString()" because the return value of "com.google.gson.JsonObject.get(String)" is null
[24Aug2025 17:19:08.913] [main/WARN] [KubeJS Server/]: Failed to parse recipe 'mekanism:reaction/wood_gasification/rods_wooden[mekanism:reaction]'! Falling back to vanilla: Cannot invoke "com.google.gson.JsonElement.getAsString()" because the return value of "com.google.gson.JsonObject.get(String)" is null
[24Aug2025 17:19:08.920] [main/WARN] [KubeJS Server/]: Failed to parse recipe 'mekanism:processing/uranium/slurry/clean[mekanism:washing]'! Falling back to vanilla: Cannot invoke "com.google.gson.JsonElement.getAsString()" because the return value of "com.google.gson.JsonObject.get(String)" is null
[24Aug2025 17:19:08.924] [main/WARN] [KubeJS Server/]: Failed to parse recipe 'mekanism:reaction/wood_gasification/dusts_wood[mekanism:reaction]'! Falling back to vanilla: Cannot invoke "com.google.gson.JsonElement.getAsString()" because the return value of "com.google.gson.JsonObject.get(String)" is null
[24Aug2025 17:19:08.925] [main/WARN] [KubeJS Server/]: Failed to parse recipe 'mekanism:rotary/uranium_hexafluoride[mekanism:rotary]'! Falling back to vanilla: Cannot invoke "com.google.gson.JsonElement.getAsString()" because the return value of "com.google.gson.JsonObject.get(String)" is null
[24Aug2025 17:19:08.925] [main/WARN] [KubeJS Server/]: Failed to parse recipe 'thermal:devices/tree_extractor/tree_extractor_rubberwood[thermal:tree_extractor]'! Falling back to vanilla: Non [a-z0-9_.-] character in namespace of location: {\"Name\":\"thermal:rubberwood_log\",\"Properties\":{\"axis\":\"y\"}}
[24Aug2025 17:19:08.928] [main/WARN] [KubeJS Server/]: Failed to parse recipe 'mekanism:separator/brine[mekanism:separating]'! Falling back to vanilla: Cannot invoke "com.google.gson.JsonElement.getAsString()" because the return value of "com.google.gson.JsonObject.get(String)" is null
[24Aug2025 17:19:08.932] [main/WARN] [KubeJS Server/]: Failed to parse recipe 'mekanism:processing/iron/slurry/clean[mekanism:washing]'! Falling back to vanilla: Cannot invoke "com.google.gson.JsonElement.getAsString()" because the return value of "com.google.gson.JsonObject.get(String)" is null
[24Aug2025 17:19:08.934] [main/WARN] [KubeJS Server/]: Failed to parse recipe 'mekanism:evaporating/brine[mekanism:evaporating]'! Falling back to vanilla: Cannot invoke "com.google.gson.JsonElement.getAsString()" because the return value of "com.google.gson.JsonObject.get(String)" is null
[24Aug2025 17:19:08.941] [main/WARN] [KubeJS Server/]: Failed to parse recipe 'mekanism:reaction/substrate/water_ethene[mekanism:reaction]'! Falling back to vanilla: Cannot invoke "com.google.gson.JsonElement.getAsString()" because the return value of "com.google.gson.JsonObject.get(String)" is null
[24Aug2025 17:19:08.943] [main/WARN] [KubeJS Server/]: Failed to parse recipe 'mekanism:rotary/sodium[mekanism:rotary]'! Falling back to vanilla: Cannot invoke "com.google.gson.JsonElement.getAsString()" because the return value of "com.google.gson.JsonObject.get(String)" is null
[24Aug2025 17:19:08.945] [main/WARN] [KubeJS Server/]: Failed to parse recipe 'mekanism:reaction/wood_gasification/logs[mekanism:reaction]'! Falling back to vanilla: Cannot invoke "com.google.gson.JsonElement.getAsString()" because the return value of "com.google.gson.JsonObject.get(String)" is null
[24Aug2025 17:19:08.946] [main/WARN] [KubeJS Server/]: Failed to parse recipe 'thermal:devices/tree_extractor/tree_extractor_acacia[thermal:tree_extractor]'! Falling back to vanilla: Non [a-z0-9_.-] character in namespace of location: {\"Name\":\"minecraft:acacia_log\",\"Properties\":{\"axis\":\"y\"}}
[24Aug2025 17:19:08.957] [main/WARN] [KubeJS Server/]: Failed to parse recipe 'botania:brew/water_breathing[botania:brew]'! Falling back to vanilla: Cannot invoke "net.minecraft.core.Registry.m_7745_(net.minecraft.resources.ResourceLocation)" because "com.prunoideae.custom.brew.BotaniaRegistryObjectBuilderTypes.BREW_REGISTRY" is null
[24Aug2025 17:19:08.961] [main/WARN] [KubeJS Server/]: Failed to parse recipe 'botania:brew/resistance[botania:brew]'! Falling back to vanilla: Cannot invoke "net.minecraft.core.Registry.m_7745_(net.minecraft.resources.ResourceLocation)" because "com.prunoideae.custom.brew.BotaniaRegistryObjectBuilderTypes.BREW_REGISTRY" is null
[24Aug2025 17:19:08.973] [main/WARN] [KubeJS Server/]: Failed to parse recipe 'mekanism:processing/tin/slurry/clean[mekanism:washing]'! Falling back to vanilla: Cannot invoke "com.google.gson.JsonElement.getAsString()" because the return value of "com.google.gson.JsonObject.get(String)" is null
[24Aug2025 17:19:08.985] [main/INFO] [KubeJS Server/]: Found 15210 recipes in 521.1 ms
[24Aug2025 17:19:09.012] [KubeJS Recipe Event Worker 0/WARN] [com.simibubi.create.Create/]: Your custom createaddition:rolling/iron_plate recipe (createaddition:rolling/iron_plate) specified a duration. Durations have no impact on this type of recipe.
[24Aug2025 17:19:09.023] [KubeJS Recipe Event Worker 0/WARN] [com.simibubi.create.Create/]: Your custom createaddition:rolling/electrum_plate recipe (createaddition:rolling/electrum_plate) specified a duration. Durations have no impact on this type of recipe.
[24Aug2025 17:19:09.026] [KubeJS Recipe Event Worker 0/WARN] [com.simibubi.create.Create/]: Your custom createaddition:rolling/lead_plate recipe (createaddition:rolling/lead_plate) specified a duration. Durations have no impact on this type of recipe.
[24Aug2025 17:19:09.032] [KubeJS Recipe Event Worker 0/WARN] [com.simibubi.create.Create/]: Your custom createaddition:rolling/steel_ingot recipe (createaddition:rolling/steel_ingot) specified a duration. Durations have no impact on this type of recipe.
[24Aug2025 17:19:09.041] [KubeJS Recipe Event Worker 0/WARN] [com.simibubi.create.Create/]: Your custom createaddition:rolling/gold_plate recipe (createaddition:rolling/gold_plate) specified a duration. Durations have no impact on this type of recipe.
[24Aug2025 17:19:09.043] [KubeJS Recipe Event Worker 0/WARN] [com.simibubi.create.Create/]: Your custom createaddition:rolling/aluminum_ingot recipe (createaddition:rolling/aluminum_ingot) specified a duration. Durations have no impact on this type of recipe.
[24Aug2025 17:19:09.045] [KubeJS Recipe Event Worker 0/WARN] [com.simibubi.create.Create/]: Your custom createaddition:rolling/copper_ingot recipe (createaddition:rolling/copper_ingot) specified a duration. Durations have no impact on this type of recipe.
[24Aug2025 17:19:09.070] [KubeJS Recipe Event Worker 0/WARN] [com.simibubi.create.Create/]: Your custom createaddition:rolling/straw recipe (createaddition:rolling/straw) specified a duration. Durations have no impact on this type of recipe.
[24Aug2025 17:19:09.074] [KubeJS Recipe Event Worker 0/WARN] [com.simibubi.create.Create/]: Your custom createaddition:rolling/gold_ingot recipe (createaddition:rolling/gold_ingot) specified a duration. Durations have no impact on this type of recipe.
[24Aug2025 17:19:09.077] [KubeJS Recipe Event Worker 0/WARN] [com.simibubi.create.Create/]: Your custom createaddition:rolling/brass_ingot recipe (createaddition:rolling/brass_ingot) specified a duration. Durations have no impact on this type of recipe.
[24Aug2025 17:19:09.079] [KubeJS Recipe Event Worker 0/WARN] [com.simibubi.create.Create/]: Your custom createaddition:rolling/aluminum_plate recipe (createaddition:rolling/aluminum_plate) specified a duration. Durations have no impact on this type of recipe.
[24Aug2025 17:19:09.083] [KubeJS Recipe Event Worker 0/WARN] [com.simibubi.create.Create/]: Your custom createaddition:rolling/steel_plate recipe (createaddition:rolling/steel_plate) specified a duration. Durations have no impact on this type of recipe.
[24Aug2025 17:19:09.083] [KubeJS Recipe Event Worker 0/WARN] [com.simibubi.create.Create/]: Your custom createaddition:rolling/copper_plate recipe (createaddition:rolling/copper_plate) specified a duration. Durations have no impact on this type of recipe.
[24Aug2025 17:19:09.086] [KubeJS Recipe Event Worker 0/WARN] [com.simibubi.create.Create/]: Your custom createaddition:rolling/iron_ingot recipe (createaddition:rolling/iron_ingot) specified a duration. Durations have no impact on this type of recipe.
[24Aug2025 17:19:09.092] [KubeJS Recipe Event Worker 0/WARN] [com.simibubi.create.Create/]: Your custom createaddition:rolling/electrum_ingot recipe (createaddition:rolling/electrum_ingot) specified a duration. Durations have no impact on this type of recipe.
[24Aug2025 17:19:10.607] [main/INFO] [KubeJS Server/]: Posted recipe events in 1.621 s
[24Aug2025 17:19:10.659] [KubeJS Recipe Event Worker 0/WARN] [com.simibubi.create.Create/]: Your custom create:mixing recipe (createaddition:compat/tconstruct/pig_iron_2) has more item inputs (13) than supported (9).
[24Aug2025 17:19:10.731] [KubeJS Recipe Event Worker 0/WARN] [KubeJS Server/]: Error parsing recipe immersiveengineering:kjs/b3ynkwn91x2gwnu37estxlr5g[immersiveengineering:squeezer]: {"type":"immersiveengineering:squeezer","energy":19200,"input":{"basePredicate":{"tag":"forge:dusts/coal_coke"},"count":8},"result":{"tag":"forge:dusts/hop_graphite"}}: An ingredient entry needs either a tag or an item
[24Aug2025 17:19:10.773] [main/INFO] [KubeJS Server/]: Added 447 recipes, removed 1624 recipes, modified 228 recipes, with 1 failed recipes in 162.5 ms
[24Aug2025 17:19:10.780] [main/INFO] [com.teamabnormals.blueprint.core.Blueprint/]: Advancement Modification Manager has loaded 11 modifier groups
[24Aug2025 17:19:10.850] [main/ERROR] [net.minecraft.server.ServerAdvancementManager/]: Parsing error loading custom advancement actuallyadditions:recipes/coffee_ingredient/milk_tagged: Missing advancement, expected to find a JsonObject
[24Aug2025 17:19:10.999] [main/INFO] [net.minecraft.advancements.AdvancementList/]: Loaded 7565 advancements
[24Aug2025 17:19:11.012] [main/INFO] [placebo/]: Registered 0 additional recipes.
[24Aug2025 17:19:11.027] [main/INFO] [ewewukek.musketmod.MusketMod/]: Configuration has been loaded
[24Aug2025 17:19:11.050] [main/INFO] [top.theillusivec4.curios.Curios/]: Loaded 10 curio slots
[24Aug2025 17:19:11.071] [main/INFO] [top.theillusivec4.curios.Curios/]: Loaded 1 curio entities
[24Aug2025 17:19:11.166] [main/INFO] [io.github.mortuusars.exposure.Exposure/]: Loading exposure lenses:
[24Aug2025 17:19:11.168] [main/INFO] [io.github.mortuusars.exposure.Exposure/]: Lens [exposure:spyglass, FocalRange[min=55, max=200]] added.
[24Aug2025 17:19:11.185] [main/WARN] [net.minecraftforge.common.loot.LootModifierManager/]: Unable to decode loot conditions
com.google.gson.JsonSyntaxException: Unknown type 'alternative'
	at net.minecraft.world.level.storage.loot.GsonAdapterFactory$JsonAdapter.deserialize(GsonAdapterFactory.java:99) ~[server-1.20.1-20230612.114412-srg.jar%23375!/:?]
	at com.google.gson.internal.bind.TreeTypeAdapter.read(TreeTypeAdapter.java:76) ~[gson-2.10.jar%2372!/:?]
	at com.google.gson.internal.bind.TypeAdapterRuntimeTypeWrapper.read(TypeAdapterRuntimeTypeWrapper.java:40) ~[gson-2.10.jar%2372!/:?]
	at com.google.gson.internal.bind.ArrayTypeAdapter.read(ArrayTypeAdapter.java:72) ~[gson-2.10.jar%2372!/:?]
	at com.google.gson.Gson.fromJson(Gson.java:1214) ~[gson-2.10.jar%2372!/:?]
	at com.google.gson.Gson.fromJson(Gson.java:1319) ~[gson-2.10.jar%2372!/:?]
	at com.google.gson.Gson.fromJson(Gson.java:1261) ~[gson-2.10.jar%2372!/:?]
	at net.minecraftforge.common.loot.IGlobalLootModifier.lambda$static$1(IGlobalLootModifier.java:39) ~[forge-1.20.1-47.4.0-universal.jar%23380!/:?]
	at com.mojang.serialization.Decoder$1.lambda$decode$1(Decoder.java:49) ~[datafixerupper-6.0.8.jar%2377!/:?]
	at com.mojang.serialization.DataResult.lambda$flatMap$11(DataResult.java:139) ~[datafixerupper-6.0.8.jar%2377!/:?]
	at com.mojang.datafixers.util.Either$Left.map(Either.java:38) ~[datafixerupper-6.0.8.jar%2377!/:?]
	at com.mojang.serialization.DataResult.flatMap(DataResult.java:137) ~[datafixerupper-6.0.8.jar%2377!/:?]
	at com.mojang.serialization.Decoder$1.decode(Decoder.java:49) ~[datafixerupper-6.0.8.jar%2377!/:?]
	at com.mojang.serialization.Codec$2.decode(Codec.java:71) ~[datafixerupper-6.0.8.jar%2377!/:?]
	at com.mojang.serialization.Decoder.parse(Decoder.java:18) ~[datafixerupper-6.0.8.jar%2377!/:?]
	at com.mojang.serialization.codecs.FieldDecoder.decode(FieldDecoder.java:29) ~[datafixerupper-6.0.8.jar%2377!/:?]
	at com.mojang.serialization.MapCodec$1.decode(MapCodec.java:34) ~[datafixerupper-6.0.8.jar%2377!/:?]
	at com.mojang.serialization.codecs.RecordCodecBuilder$Instance$7.decode(RecordCodecBuilder.java:406) ~[datafixerupper-6.0.8.jar%2377!/:?]
	at com.mojang.serialization.codecs.RecordCodecBuilder$2.decode(RecordCodecBuilder.java:107) ~[datafixerupper-6.0.8.jar%2377!/:?]
	at com.mojang.serialization.codecs.KeyDispatchCodec.lambda$decode$3(KeyDispatchCodec.java:67) ~[datafixerupper-6.0.8.jar%2377!/:?]
	at com.mojang.serialization.DataResult.lambda$flatMap$11(DataResult.java:139) ~[datafixerupper-6.0.8.jar%2377!/:?]
	at com.mojang.datafixers.util.Either$Left.map(Either.java:38) ~[datafixerupper-6.0.8.jar%2377!/:?]
	at com.mojang.serialization.DataResult.flatMap(DataResult.java:137) ~[datafixerupper-6.0.8.jar%2377!/:?]
	at com.mojang.serialization.codecs.KeyDispatchCodec.lambda$decode$4(KeyDispatchCodec.java:58) ~[datafixerupper-6.0.8.jar%2377!/:?]
	at com.mojang.serialization.DataResult.lambda$flatMap$11(DataResult.java:139) ~[datafixerupper-6.0.8.jar%2377!/:?]
	at com.mojang.datafixers.util.Either$Left.map(Either.java:38) ~[datafixerupper-6.0.8.jar%2377!/:?]
	at com.mojang.serialization.DataResult.flatMap(DataResult.java:137) ~[datafixerupper-6.0.8.jar%2377!/:?]
	at com.mojang.serialization.codecs.KeyDispatchCodec.decode(KeyDispatchCodec.java:56) ~[datafixerupper-6.0.8.jar%2377!/:?]
	at com.mojang.serialization.MapDecoder.lambda$compressedDecode$1(MapDecoder.java:52) ~[datafixerupper-6.0.8.jar%2377!/:?]
	at com.mojang.serialization.DataResult.lambda$flatMap$11(DataResult.java:139) ~[datafixerupper-6.0.8.jar%2377!/:?]
	at com.mojang.datafixers.util.Either$Left.map(Either.java:38) ~[datafixerupper-6.0.8.jar%2377!/:?]
	at com.mojang.serialization.DataResult.flatMap(DataResult.java:137) ~[datafixerupper-6.0.8.jar%2377!/:?]
	at com.mojang.serialization.MapDecoder.compressedDecode(MapDecoder.java:52) ~[datafixerupper-6.0.8.jar%2377!/:?]
	at com.mojang.serialization.MapCodec$MapCodecCodec.decode(MapCodec.java:91) ~[datafixerupper-6.0.8.jar%2377!/:?]
	at com.mojang.serialization.Decoder.parse(Decoder.java:18) ~[datafixerupper-6.0.8.jar%2377!/:?]
	at net.minecraftforge.common.loot.LootModifierManager.apply(LootModifierManager.java:79) ~[forge-1.20.1-47.4.0-universal.jar%23380!/:?]
	at net.minecraftforge.common.loot.LootModifierManager.m_5787_(LootModifierManager.java:38) ~[forge-1.20.1-47.4.0-universal.jar%23380!/:?]
	at net.minecraft.server.packs.resources.SimplePreparableReloadListener.m_10789_(SimplePreparableReloadListener.java:13) ~[server-1.20.1-20230612.114412-srg.jar%23375!/:?]
	at java.util.concurrent.CompletableFuture$UniAccept.tryFire(CompletableFuture.java:718) ~[?:?]
	at java.util.concurrent.CompletableFuture$Completion.run(CompletableFuture.java:482) ~[?:?]
	at net.minecraft.server.packs.resources.SimpleReloadInstance.m_143940_(SimpleReloadInstance.java:69) ~[server-1.20.1-20230612.114412-srg.jar%23375!/:?]
	at net.minecraft.Util.m_214652_(Util.java:783) ~[server-1.20.1-20230612.114412-srg.jar%23375!/:?]
	at net.minecraft.Util.m_214679_(Util.java:772) ~[server-1.20.1-20230612.114412-srg.jar%23375!/:?]
	at net.minecraft.server.Main.main(Main.java:166) ~[server-1.20.1-20230612.114412-srg.jar%23375!/:?]
	at jdk.internal.reflect.DirectMethodHandleAccessor.invoke(DirectMethodHandleAccessor.java:103) ~[?:?]
	at java.lang.reflect.Method.invoke(Method.java:580) ~[?:?]
	at net.minecraftforge.fml.loading.targets.CommonLaunchHandler.runTarget(CommonLaunchHandler.java:111) ~[fmlloader-1.20.1-47.4.0.jar%2369!/:?]
	at net.minecraftforge.fml.loading.targets.CommonLaunchHandler.serverService(CommonLaunchHandler.java:103) ~[fmlloader-1.20.1-47.4.0.jar%2369!/:?]
	at net.minecraftforge.fml.loading.targets.CommonServerLaunchHandler.lambda$makeService$0(CommonServerLaunchHandler.java:27) ~[fmlloader-1.20.1-47.4.0.jar%2369!/:?]
	at cpw.mods.modlauncher.LaunchServiceHandlerDecorator.launch(LaunchServiceHandlerDecorator.java:30) ~[modlauncher-10.0.9.jar%2355!/:?]
	at cpw.mods.modlauncher.LaunchServiceHandler.launch(LaunchServiceHandler.java:53) ~[modlauncher-10.0.9.jar%2355!/:?]
	at cpw.mods.modlauncher.LaunchServiceHandler.launch(LaunchServiceHandler.java:71) ~[modlauncher-10.0.9.jar%2355!/:?]
	at cpw.mods.modlauncher.Launcher.run(Launcher.java:108) ~[modlauncher-10.0.9.jar%2355!/:?]
	at cpw.mods.modlauncher.Launcher.main(Launcher.java:78) ~[modlauncher-10.0.9.jar%2355!/:?]
	at cpw.mods.modlauncher.BootstrapLaunchConsumer.accept(BootstrapLaunchConsumer.java:26) ~[modlauncher-10.0.9.jar%2355!/:?]
	at cpw.mods.modlauncher.BootstrapLaunchConsumer.accept(BootstrapLaunchConsumer.java:23) ~[modlauncher-10.0.9.jar%2355!/:?]
	at cpw.mods.bootstraplauncher.BootstrapLauncher.main(BootstrapLauncher.java:141) ~[bootstraplauncher-1.1.2.jar:?]
[24Aug2025 17:19:11.188] [main/WARN] [net.minecraftforge.common.loot.LootModifierManager/]: Could not decode GlobalLootModifier with json id miners_delight:scavenging_tentacles - error: Unknown type 'alternative'
[24Aug2025 17:19:11.188] [main/WARN] [net.minecraftforge.common.loot.LootModifierManager/]: Unable to decode loot conditions
com.google.gson.JsonSyntaxException: Unknown type 'alternative'
	at net.minecraft.world.level.storage.loot.GsonAdapterFactory$JsonAdapter.deserialize(GsonAdapterFactory.java:99) ~[server-1.20.1-20230612.114412-srg.jar%23375!/:?]
	at com.google.gson.internal.bind.TreeTypeAdapter.read(TreeTypeAdapter.java:76) ~[gson-2.10.jar%2372!/:?]
	at com.google.gson.internal.bind.TypeAdapterRuntimeTypeWrapper.read(TypeAdapterRuntimeTypeWrapper.java:40) ~[gson-2.10.jar%2372!/:?]
	at com.google.gson.internal.bind.ArrayTypeAdapter.read(ArrayTypeAdapter.java:72) ~[gson-2.10.jar%2372!/:?]
	at com.google.gson.Gson.fromJson(Gson.java:1214) ~[gson-2.10.jar%2372!/:?]
	at com.google.gson.Gson.fromJson(Gson.java:1319) ~[gson-2.10.jar%2372!/:?]
	at com.google.gson.Gson.fromJson(Gson.java:1261) ~[gson-2.10.jar%2372!/:?]
	at net.minecraftforge.common.loot.IGlobalLootModifier.lambda$static$1(IGlobalLootModifier.java:39) ~[forge-1.20.1-47.4.0-universal.jar%23380!/:?]
	at com.mojang.serialization.Decoder$1.lambda$decode$1(Decoder.java:49) ~[datafixerupper-6.0.8.jar%2377!/:?]
	at com.mojang.serialization.DataResult.lambda$flatMap$11(DataResult.java:139) ~[datafixerupper-6.0.8.jar%2377!/:?]
	at com.mojang.datafixers.util.Either$Left.map(Either.java:38) ~[datafixerupper-6.0.8.jar%2377!/:?]
	at com.mojang.serialization.DataResult.flatMap(DataResult.java:137) ~[datafixerupper-6.0.8.jar%2377!/:?]
	at com.mojang.serialization.Decoder$1.decode(Decoder.java:49) ~[datafixerupper-6.0.8.jar%2377!/:?]
	at com.mojang.serialization.Codec$2.decode(Codec.java:71) ~[datafixerupper-6.0.8.jar%2377!/:?]
	at com.mojang.serialization.Decoder.parse(Decoder.java:18) ~[datafixerupper-6.0.8.jar%2377!/:?]
	at com.mojang.serialization.codecs.FieldDecoder.decode(FieldDecoder.java:29) ~[datafixerupper-6.0.8.jar%2377!/:?]
	at com.mojang.serialization.MapCodec$1.decode(MapCodec.java:34) ~[datafixerupper-6.0.8.jar%2377!/:?]
	at com.mojang.serialization.codecs.RecordCodecBuilder$Instance$5.decode(RecordCodecBuilder.java:323) ~[datafixerupper-6.0.8.jar%2377!/:?]
	at com.mojang.serialization.codecs.RecordCodecBuilder$2.decode(RecordCodecBuilder.java:107) ~[datafixerupper-6.0.8.jar%2377!/:?]
	at com.mojang.serialization.codecs.KeyDispatchCodec.lambda$decode$3(KeyDispatchCodec.java:67) ~[datafixerupper-6.0.8.jar%2377!/:?]
	at com.mojang.serialization.DataResult.lambda$flatMap$11(DataResult.java:139) ~[datafixerupper-6.0.8.jar%2377!/:?]
	at com.mojang.datafixers.util.Either$Left.map(Either.java:38) ~[datafixerupper-6.0.8.jar%2377!/:?]
	at com.mojang.serialization.DataResult.flatMap(DataResult.java:137) ~[datafixerupper-6.0.8.jar%2377!/:?]
	at com.mojang.serialization.codecs.KeyDispatchCodec.lambda$decode$4(KeyDispatchCodec.java:58) ~[datafixerupper-6.0.8.jar%2377!/:?]
	at com.mojang.serialization.DataResult.lambda$flatMap$11(DataResult.java:139) ~[datafixerupper-6.0.8.jar%2377!/:?]
	at com.mojang.datafixers.util.Either$Left.map(Either.java:38) ~[datafixerupper-6.0.8.jar%2377!/:?]
	at com.mojang.serialization.DataResult.flatMap(DataResult.java:137) ~[datafixerupper-6.0.8.jar%2377!/:?]
	at com.mojang.serialization.codecs.KeyDispatchCodec.decode(KeyDispatchCodec.java:56) ~[datafixerupper-6.0.8.jar%2377!/:?]
	at com.mojang.serialization.MapDecoder.lambda$compressedDecode$1(MapDecoder.java:52) ~[datafixerupper-6.0.8.jar%2377!/:?]
	at com.mojang.serialization.DataResult.lambda$flatMap$11(DataResult.java:139) ~[datafixerupper-6.0.8.jar%2377!/:?]
	at com.mojang.datafixers.util.Either$Left.map(Either.java:38) ~[datafixerupper-6.0.8.jar%2377!/:?]
	at com.mojang.serialization.DataResult.flatMap(DataResult.java:137) ~[datafixerupper-6.0.8.jar%2377!/:?]
	at com.mojang.serialization.MapDecoder.compressedDecode(MapDecoder.java:52) ~[datafixerupper-6.0.8.jar%2377!/:?]
	at com.mojang.serialization.MapCodec$MapCodecCodec.decode(MapCodec.java:91) ~[datafixerupper-6.0.8.jar%2377!/:?]
	at com.mojang.serialization.Decoder.parse(Decoder.java:18) ~[datafixerupper-6.0.8.jar%2377!/:?]
	at net.minecraftforge.common.loot.LootModifierManager.apply(LootModifierManager.java:79) ~[forge-1.20.1-47.4.0-universal.jar%23380!/:?]
	at net.minecraftforge.common.loot.LootModifierManager.m_5787_(LootModifierManager.java:38) ~[forge-1.20.1-47.4.0-universal.jar%23380!/:?]
	at net.minecraft.server.packs.resources.SimplePreparableReloadListener.m_10789_(SimplePreparableReloadListener.java:13) ~[server-1.20.1-20230612.114412-srg.jar%23375!/:?]
	at java.util.concurrent.CompletableFuture$UniAccept.tryFire(CompletableFuture.java:718) ~[?:?]
	at java.util.concurrent.CompletableFuture$Completion.run(CompletableFuture.java:482) ~[?:?]
	at net.minecraft.server.packs.resources.SimpleReloadInstance.m_143940_(SimpleReloadInstance.java:69) ~[server-1.20.1-20230612.114412-srg.jar%23375!/:?]
	at net.minecraft.Util.m_214652_(Util.java:783) ~[server-1.20.1-20230612.114412-srg.jar%23375!/:?]
	at net.minecraft.Util.m_214679_(Util.java:772) ~[server-1.20.1-20230612.114412-srg.jar%23375!/:?]
	at net.minecraft.server.Main.main(Main.java:166) ~[server-1.20.1-20230612.114412-srg.jar%23375!/:?]
	at jdk.internal.reflect.DirectMethodHandleAccessor.invoke(DirectMethodHandleAccessor.java:103) ~[?:?]
	at java.lang.reflect.Method.invoke(Method.java:580) ~[?:?]
	at net.minecraftforge.fml.loading.targets.CommonLaunchHandler.runTarget(CommonLaunchHandler.java:111) ~[fmlloader-1.20.1-47.4.0.jar%2369!/:?]
	at net.minecraftforge.fml.loading.targets.CommonLaunchHandler.serverService(CommonLaunchHandler.java:103) ~[fmlloader-1.20.1-47.4.0.jar%2369!/:?]
	at net.minecraftforge.fml.loading.targets.CommonServerLaunchHandler.lambda$makeService$0(CommonServerLaunchHandler.java:27) ~[fmlloader-1.20.1-47.4.0.jar%2369!/:?]
	at cpw.mods.modlauncher.LaunchServiceHandlerDecorator.launch(LaunchServiceHandlerDecorator.java:30) ~[modlauncher-10.0.9.jar%2355!/:?]
	at cpw.mods.modlauncher.LaunchServiceHandler.launch(LaunchServiceHandler.java:53) ~[modlauncher-10.0.9.jar%2355!/:?]
	at cpw.mods.modlauncher.LaunchServiceHandler.launch(LaunchServiceHandler.java:71) ~[modlauncher-10.0.9.jar%2355!/:?]
	at cpw.mods.modlauncher.Launcher.run(Launcher.java:108) ~[modlauncher-10.0.9.jar%2355!/:?]
	at cpw.mods.modlauncher.Launcher.main(Launcher.java:78) ~[modlauncher-10.0.9.jar%2355!/:?]
	at cpw.mods.modlauncher.BootstrapLaunchConsumer.accept(BootstrapLaunchConsumer.java:26) ~[modlauncher-10.0.9.jar%2355!/:?]
	at cpw.mods.modlauncher.BootstrapLaunchConsumer.accept(BootstrapLaunchConsumer.java:23) ~[modlauncher-10.0.9.jar%2355!/:?]
	at cpw.mods.bootstraplauncher.BootstrapLauncher.main(BootstrapLauncher.java:141) ~[bootstraplauncher-1.1.2.jar:?]
[24Aug2025 17:19:11.190] [main/WARN] [net.minecraftforge.common.loot.LootModifierManager/]: Could not decode GlobalLootModifier with json id miners_delight:scavenging_silverfish - error: Unknown type 'alternative'
[24Aug2025 17:19:11.214] [main/INFO] [com.teamabnormals.blueprint.core.Blueprint/]: Chunk Generator Modification Manager has loaded 0 modifier groups
[24Aug2025 17:19:11.224] [main/INFO] [slimeknights.mantle.fluid.transfer.FluidContainerTransferManager/]: Loaded 25 dynamic modifiers in 1.2945 ms
[24Aug2025 17:19:11.226] [main/INFO] [enderio/]: Data loader for eio_soul/spawner loaded 73 jsons
[24Aug2025 17:19:11.226] [main/INFO] [enderio/]: Data loader for eio_soul/engine loaded 5 jsons
[24Aug2025 17:19:11.297] [main/INFO] [slimeknights.tconstruct.library.modifiers.ModifierManager/]: Loaded 147 dynamic modifiers and 4 modifier redirects in 71.3222 ms
[24Aug2025 17:19:11.305] [main/INFO] [slimeknights.tconstruct.library.modifiers.ModifierManager/]: Loaded 42 modifier tags for 140 modifiers in 7.6605 ms
[24Aug2025 17:19:11.306] [main/INFO] [slimeknights.tconstruct.library.modifiers.ModifierManager/]: Loaded 50 enchantment to modifier mappings in 0.6768 ms
[24Aug2025 17:19:11.310] [main/INFO] [tconstruct/]: Loaded 74 spilling fluids in 4.5478 ms
[24Aug2025 17:19:11.314] [main/INFO] [Supplementaries/]: Loaded 27 flute songs
[24Aug2025 17:19:11.329] [main/INFO] [placebo/]: Registered 0 gear_sets.
[24Aug2025 17:19:11.337] [main/INFO] [slimeknights.tconstruct.library.materials.definition.MaterialManager/]: Loaded 61 materials in 6.1913 ms
[24Aug2025 17:19:11.340] [main/INFO] [slimeknights.tconstruct.library.materials.definition.MaterialManager/]: Loaded 3 material tags for 25 materials in 2.1151 ms
[24Aug2025 17:19:11.348] [main/INFO] [slimeknights.tconstruct.library.materials.stats.MaterialStatsManager/]: 372 stats loaded for 63 materials in 7.8469 ms
[24Aug2025 17:19:11.360] [main/INFO] [slimeknights.tconstruct.library.materials.traits.MaterialTraitsManager/]: 188 traits loaded for 63 materials in 11.8052 ms
[24Aug2025 17:19:11.374] [main/INFO] [slimeknights.tconstruct.library.tools.definition.ToolDefinitionLoader/]: Loaded 38 tool definitions in 13.6974 ms
[24Aug2025 17:19:11.378] [main/INFO] [slimeknights.tconstruct.library.tools.layout.StationSlotLayoutLoader/]: Loaded 19 station slot layouts in 4.6117 ms
[24Aug2025 17:19:11.380] [main/INFO] [botania/]: Loaded 30 Loonium configurations
[24Aug2025 17:19:13.982] [main/INFO] [Moonlight/]: Applied 7 data villager trades
[24Aug2025 17:19:14.263] [main/INFO] [Supplementaries/]: Finished additional setup in 0 ms
[24Aug2025 17:19:14.820] [Server thread/INFO] [net.minecraft.server.dedicated.DedicatedServer/]: Starting minecraft server version 1.20.1
[24Aug2025 17:19:14.820] [Server thread/INFO] [net.minecraft.server.dedicated.DedicatedServer/]: Loading properties
[24Aug2025 17:19:14.822] [Server thread/INFO] [net.minecraft.server.dedicated.DedicatedServer/]: Default game type: SURVIVAL
[24Aug2025 17:19:14.822] [Server thread/INFO] [net.minecraft.server.MinecraftServer/]: Generating keypair
[24Aug2025 17:19:14.866] [Server thread/INFO] [net.minecraft.server.dedicated.DedicatedServer/]: Starting Minecraft server on *:25565
[24Aug2025 17:19:14.882] [Server thread/INFO] [net.minecraft.server.network.ServerConnectionListener/]: Using default channel type
[24Aug2025 17:19:15.028] [Server thread/INFO] [net.minecraftforge.fml.config.ConfigFileTypeHandler/CONFIG]: Loading default config file from path C:\Alex's stuff\MinecraftServer\defaultconfigs\woodenhopper-server.toml
[24Aug2025 17:19:15.033] [Server thread/WARN] [net.minecraftforge.common.ForgeConfigSpec/CORE]: Configuration file .\world\serverconfig\corpse-server.toml is not correct. Correcting
[24Aug2025 17:19:15.034] [Server thread/WARN] [net.minecraftforge.common.ForgeConfigSpec/CORE]: Incorrect key corpse was corrected from null to its default, SimpleCommentedConfig:{}. 
[24Aug2025 17:19:15.035] [Server thread/WARN] [net.minecraftforge.common.ForgeConfigSpec/CORE]: Incorrect key corpse.access was corrected from null to its default, SimpleCommentedConfig:{}. 
[24Aug2025 17:19:15.035] [Server thread/WARN] [net.minecraftforge.common.ForgeConfigSpec/CORE]: Incorrect key corpse.access.only_owner was corrected from null to its default, false. 
[24Aug2025 17:19:15.035] [Server thread/WARN] [net.minecraftforge.common.ForgeConfigSpec/CORE]: Incorrect key corpse.access.skeleton was corrected from null to its default, false. 
[24Aug2025 17:19:15.035] [Server thread/WARN] [net.minecraftforge.common.ForgeConfigSpec/CORE]: Incorrect key corpse.despawn was corrected from null to its default, SimpleCommentedConfig:{}. 
[24Aug2025 17:19:15.035] [Server thread/WARN] [net.minecraftforge.common.ForgeConfigSpec/CORE]: Incorrect key corpse.despawn.time was corrected from null to its default, 600. 
[24Aug2025 17:19:15.035] [Server thread/WARN] [net.minecraftforge.common.ForgeConfigSpec/CORE]: Incorrect key corpse.despawn.force_time was corrected from null to its default, -1. 
[24Aug2025 17:19:15.035] [Server thread/WARN] [net.minecraftforge.common.ForgeConfigSpec/CORE]: Incorrect key corpse.skeleton_time was corrected from null to its default, 72000. 
[24Aug2025 17:19:15.035] [Server thread/WARN] [net.minecraftforge.common.ForgeConfigSpec/CORE]: Incorrect key corpse.lie_on_face was corrected from null to its default, false. 
[24Aug2025 17:19:15.035] [Server thread/WARN] [net.minecraftforge.common.ForgeConfigSpec/CORE]: Incorrect key corpse.show_equipment was corrected from null to its default, true. 
[24Aug2025 17:19:15.036] [Server thread/WARN] [net.minecraftforge.common.ForgeConfigSpec/CORE]: Incorrect key corpse.fall_into_void was corrected from null to its default, false. 
[24Aug2025 17:19:15.036] [Server thread/WARN] [net.minecraftforge.common.ForgeConfigSpec/CORE]: Incorrect key corpse.lava_damage was corrected from null to its default, false. 
[24Aug2025 17:19:15.036] [Server thread/WARN] [net.minecraftforge.common.ForgeConfigSpec/CORE]: Incorrect key death_storage_duration was corrected from null to its default, -1. 
[24Aug2025 17:19:15.040] [Server thread/WARN] [net.minecraftforge.common.ForgeConfigSpec/CORE]: Configuration file .\world\serverconfig\tiab-server.toml is not correct. Correcting
[24Aug2025 17:19:15.040] [Server thread/WARN] [net.minecraftforge.common.ForgeConfigSpec/CORE]: Incorrect key Time In A Bottle was corrected from null to its default, SimpleCommentedConfig:{}. 
[24Aug2025 17:19:15.040] [Server thread/WARN] [net.minecraftforge.common.ForgeConfigSpec/CORE]: Incorrect key Time In A Bottle.Max Time Rate Power was corrected from null to its default, 8. 
[24Aug2025 17:19:15.040] [Server thread/WARN] [net.minecraftforge.common.ForgeConfigSpec/CORE]: Incorrect key Time In A Bottle.Each Use Duration was corrected from null to its default, 30. 
[24Aug2025 17:19:15.040] [Server thread/WARN] [net.minecraftforge.common.ForgeConfigSpec/CORE]: Incorrect key Time In A Bottle.Average Update Random Tick was corrected from null to its default, 1365. 
[24Aug2025 17:19:15.040] [Server thread/WARN] [net.minecraftforge.common.ForgeConfigSpec/CORE]: Incorrect key Time In A Bottle.Max Stored Time was corrected from null to its default, 622080000. 
[24Aug2025 17:19:15.041] [Server thread/WARN] [net.minecraftforge.common.ForgeConfigSpec/CORE]: Incorrect key Time In A Bottle.API Access was corrected from null to its default, []. 
[24Aug2025 17:19:15.042] [Server thread/WARN] [net.minecraftforge.common.ForgeConfigSpec/CORE]: Configuration file .\world\serverconfig\curios-server.toml is not correct. Correcting
[24Aug2025 17:19:15.043] [Server thread/WARN] [net.minecraftforge.common.ForgeConfigSpec/CORE]: Incorrect key keepCurios was corrected from null to its default, DEFAULT. 
[24Aug2025 17:19:15.044] [Server thread/WARN] [net.minecraftforge.common.ForgeConfigSpec/CORE]: Incorrect key menu was corrected from null to its default, SimpleCommentedConfig:{}. 
[24Aug2025 17:19:15.044] [Server thread/WARN] [net.minecraftforge.common.ForgeConfigSpec/CORE]: Incorrect key menu.enableLegacyMenu was corrected from null to its default, false. 
[24Aug2025 17:19:15.044] [Server thread/WARN] [net.minecraftforge.common.ForgeConfigSpec/CORE]: Incorrect key menu.experimental was corrected from null to its default, SimpleCommentedConfig:{}. 
[24Aug2025 17:19:15.044] [Server thread/WARN] [net.minecraftforge.common.ForgeConfigSpec/CORE]: Incorrect key menu.experimental.minimumColumns was corrected from null to its default, 1. 
[24Aug2025 17:19:15.044] [Server thread/WARN] [net.minecraftforge.common.ForgeConfigSpec/CORE]: Incorrect key menu.experimental.maxSlotsPerPage was corrected from null to its default, 48. 
[24Aug2025 17:19:15.046] [Server thread/WARN] [net.minecraftforge.common.ForgeConfigSpec/CORE]: Configuration file .\world\serverconfig\constructionwand-server.toml is not correct. Correcting
[24Aug2025 17:19:15.047] [Server thread/WARN] [net.minecraftforge.common.ForgeConfigSpec/CORE]: Incorrect key stone_wand was corrected from null to its default, SimpleCommentedConfig:{}. 
[24Aug2025 17:19:15.047] [Server thread/WARN] [net.minecraftforge.common.ForgeConfigSpec/CORE]: Incorrect key stone_wand.durability was corrected from null to its default, 131. 
[24Aug2025 17:19:15.047] [Server thread/WARN] [net.minecraftforge.common.ForgeConfigSpec/CORE]: Incorrect key stone_wand.limit was corrected from null to its default, 9. 
[24Aug2025 17:19:15.047] [Server thread/WARN] [net.minecraftforge.common.ForgeConfigSpec/CORE]: Incorrect key stone_wand.angel was corrected from null to its default, 0. 
[24Aug2025 17:19:15.047] [Server thread/WARN] [net.minecraftforge.common.ForgeConfigSpec/CORE]: Incorrect key stone_wand.destruction was corrected from null to its default, 0. 
[24Aug2025 17:19:15.047] [Server thread/WARN] [net.minecraftforge.common.ForgeConfigSpec/CORE]: Incorrect key stone_wand.upgradeable was corrected from null to its default, false. 
[24Aug2025 17:19:15.048] [Server thread/WARN] [net.minecraftforge.common.ForgeConfigSpec/CORE]: Incorrect key iron_wand was corrected from null to its default, SimpleCommentedConfig:{}. 
[24Aug2025 17:19:15.048] [Server thread/WARN] [net.minecraftforge.common.ForgeConfigSpec/CORE]: Incorrect key iron_wand.durability was corrected from null to its default, 250. 
[24Aug2025 17:19:15.048] [Server thread/WARN] [net.minecraftforge.common.ForgeConfigSpec/CORE]: Incorrect key iron_wand.limit was corrected from null to its default, 27. 
[24Aug2025 17:19:15.048] [Server thread/WARN] [net.minecraftforge.common.ForgeConfigSpec/CORE]: Incorrect key iron_wand.angel was corrected from null to its default, 2. 
[24Aug2025 17:19:15.048] [Server thread/WARN] [net.minecraftforge.common.ForgeConfigSpec/CORE]: Incorrect key iron_wand.destruction was corrected from null to its default, 9. 
[24Aug2025 17:19:15.048] [Server thread/WARN] [net.minecraftforge.common.ForgeConfigSpec/CORE]: Incorrect key iron_wand.upgradeable was corrected from null to its default, true. 
[24Aug2025 17:19:15.049] [Server thread/WARN] [net.minecraftforge.common.ForgeConfigSpec/CORE]: Incorrect key diamond_wand was corrected from null to its default, SimpleCommentedConfig:{}. 
[24Aug2025 17:19:15.049] [Server thread/WARN] [net.minecraftforge.common.ForgeConfigSpec/CORE]: Incorrect key diamond_wand.durability was corrected from null to its default, 1561. 
[24Aug2025 17:19:15.049] [Server thread/WARN] [net.minecraftforge.common.ForgeConfigSpec/CORE]: Incorrect key diamond_wand.limit was corrected from null to its default, 128. 
[24Aug2025 17:19:15.049] [Server thread/WARN] [net.minecraftforge.common.ForgeConfigSpec/CORE]: Incorrect key diamond_wand.angel was corrected from null to its default, 8. 
[24Aug2025 17:19:15.049] [Server thread/WARN] [net.minecraftforge.common.ForgeConfigSpec/CORE]: Incorrect key diamond_wand.destruction was corrected from null to its default, 25. 
[24Aug2025 17:19:15.049] [Server thread/WARN] [net.minecraftforge.common.ForgeConfigSpec/CORE]: Incorrect key diamond_wand.upgradeable was corrected from null to its default, true. 
[24Aug2025 17:19:15.050] [Server thread/WARN] [net.minecraftforge.common.ForgeConfigSpec/CORE]: Incorrect key infinity_wand was corrected from null to its default, SimpleCommentedConfig:{}. 
[24Aug2025 17:19:15.050] [Server thread/WARN] [net.minecraftforge.common.ForgeConfigSpec/CORE]: Incorrect key infinity_wand.limit was corrected from null to its default, 1024. 
[24Aug2025 17:19:15.050] [Server thread/WARN] [net.minecraftforge.common.ForgeConfigSpec/CORE]: Incorrect key infinity_wand.angel was corrected from null to its default, 16. 
[24Aug2025 17:19:15.050] [Server thread/WARN] [net.minecraftforge.common.ForgeConfigSpec/CORE]: Incorrect key infinity_wand.destruction was corrected from null to its default, 81. 
[24Aug2025 17:19:15.050] [Server thread/WARN] [net.minecraftforge.common.ForgeConfigSpec/CORE]: Incorrect key infinity_wand.upgradeable was corrected from null to its default, true. 
[24Aug2025 17:19:15.051] [Server thread/WARN] [net.minecraftforge.common.ForgeConfigSpec/CORE]: Incorrect key misc was corrected from null to its default, SimpleCommentedConfig:{}. 
[24Aug2025 17:19:15.051] [Server thread/WARN] [net.minecraftforge.common.ForgeConfigSpec/CORE]: Incorrect key misc.InfinityWandCreative was corrected from null to its default, 2048. 
[24Aug2025 17:19:15.051] [Server thread/WARN] [net.minecraftforge.common.ForgeConfigSpec/CORE]: Incorrect key misc.MaxRange was corrected from null to its default, 100. 
[24Aug2025 17:19:15.051] [Server thread/WARN] [net.minecraftforge.common.ForgeConfigSpec/CORE]: Incorrect key misc.UndoHistory was corrected from null to its default, 3. 
[24Aug2025 17:19:15.051] [Server thread/WARN] [net.minecraftforge.common.ForgeConfigSpec/CORE]: Incorrect key misc.AngelFalling was corrected from null to its default, false. 
[24Aug2025 17:19:15.051] [Server thread/WARN] [net.minecraftforge.common.ForgeConfigSpec/CORE]: Incorrect key misc.SimilarBlocks was corrected from null to its default, [minecraft:dirt;minecraft:grass_block;minecraft:coarse_dirt;minecraft:podzol;minecraft:mycelium;minecraft:farmland;minecraft:dirt_path;minecraft:rooted_dirt]. 
[24Aug2025 17:19:15.052] [Server thread/WARN] [net.minecraftforge.common.ForgeConfigSpec/CORE]: Incorrect key tileentity was corrected from null to its default, SimpleCommentedConfig:{}. 
[24Aug2025 17:19:15.052] [Server thread/WARN] [net.minecraftforge.common.ForgeConfigSpec/CORE]: Incorrect key tileentity.TEList was corrected from null to its default, [chiselsandbits]. 
[24Aug2025 17:19:15.052] [Server thread/WARN] [net.minecraftforge.common.ForgeConfigSpec/CORE]: Incorrect key tileentity.TEWhitelist was corrected from null to its default, false. 
[24Aug2025 17:19:15.055] [Server thread/WARN] [net.minecraftforge.common.ForgeConfigSpec/CORE]: Configuration file .\world\serverconfig\camera-server.toml is not correct. Correcting
[24Aug2025 17:19:15.056] [Server thread/WARN] [net.minecraftforge.common.ForgeConfigSpec/CORE]: Incorrect key camera was corrected from null to its default, SimpleCommentedConfig:{}. 
[24Aug2025 17:19:15.056] [Server thread/WARN] [net.minecraftforge.common.ForgeConfigSpec/CORE]: Incorrect key camera.cooldown was corrected from null to its default, 5000. 
[24Aug2025 17:19:15.056] [Server thread/WARN] [net.minecraftforge.common.ForgeConfigSpec/CORE]: Incorrect key camera.consumed_item was corrected from null to its default, SimpleCommentedConfig:{}. 
[24Aug2025 17:19:15.056] [Server thread/WARN] [net.minecraftforge.common.ForgeConfigSpec/CORE]: Incorrect key camera.consumed_item.amount was corrected from null to its default, 1. 
[24Aug2025 17:19:15.056] [Server thread/WARN] [net.minecraftforge.common.ForgeConfigSpec/CORE]: Incorrect key image was corrected from null to its default, SimpleCommentedConfig:{}. 
[24Aug2025 17:19:15.056] [Server thread/WARN] [net.minecraftforge.common.ForgeConfigSpec/CORE]: Incorrect key image.max_size was corrected from null to its default, 200000. 
[24Aug2025 17:19:15.056] [Server thread/WARN] [net.minecraftforge.common.ForgeConfigSpec/CORE]: Incorrect key image.compression was corrected from null to its default, 0.5. 
[24Aug2025 17:19:15.057] [Server thread/WARN] [net.minecraftforge.common.ForgeConfigSpec/CORE]: Incorrect key image.allow_upload was corrected from null to its default, true. 
[24Aug2025 17:19:15.057] [Server thread/WARN] [net.minecraftforge.common.ForgeConfigSpec/CORE]: Incorrect key image_frame was corrected from null to its default, SimpleCommentedConfig:{}. 
[24Aug2025 17:19:15.057] [Server thread/WARN] [net.minecraftforge.common.ForgeConfigSpec/CORE]: Incorrect key image_frame.only_owner_modify was corrected from null to its default, false. 
[24Aug2025 17:19:15.058] [Server thread/WARN] [net.minecraftforge.common.ForgeConfigSpec/CORE]: Incorrect key advanced_data was corrected from null to its default, SimpleCommentedConfig:{}. 
[24Aug2025 17:19:15.058] [Server thread/WARN] [net.minecraftforge.common.ForgeConfigSpec/CORE]: Incorrect key advanced_data.enable was corrected from null to its default, false. 
[24Aug2025 17:19:15.058] [Server thread/WARN] [net.minecraftforge.common.ForgeConfigSpec/CORE]: Incorrect key advanced_data.max_entities was corrected from null to its default, 16. 
[24Aug2025 17:19:15.060] [Server thread/WARN] [net.minecraftforge.common.ForgeConfigSpec/CORE]: Configuration file .\world\serverconfig\fastleafdecay-server.toml is not correct. Correcting
[24Aug2025 17:19:15.060] [Server thread/WARN] [net.minecraftforge.common.ForgeConfigSpec/CORE]: Incorrect key MinimumDecayTime was corrected from null to its default, 4. 
[24Aug2025 17:19:15.061] [Server thread/WARN] [net.minecraftforge.common.ForgeConfigSpec/CORE]: Incorrect key MaximumDecayTime was corrected from null to its default, 11. 
[24Aug2025 17:19:15.062] [Server thread/WARN] [net.minecraftforge.common.ForgeConfigSpec/CORE]: Configuration file .\world\serverconfig\inventorysorter-server.toml is not correct. Correcting
[24Aug2025 17:19:15.063] [Server thread/WARN] [net.minecraftforge.common.ForgeConfigSpec/CORE]: Incorrect key blacklists was corrected from null to its default, SimpleCommentedConfig:{}. 
[24Aug2025 17:19:15.063] [Server thread/WARN] [net.minecraftforge.common.ForgeConfigSpec/CORE]: Incorrect key blacklists.containerBlacklist was corrected from null to its default, []. 
[24Aug2025 17:19:15.063] [Server thread/WARN] [net.minecraftforge.common.ForgeConfigSpec/CORE]: Incorrect key blacklists.slotBlacklist was corrected from null to its default, []. 
[24Aug2025 17:19:15.067] [Server thread/WARN] [net.minecraftforge.common.ForgeConfigSpec/CORE]: Configuration file .\world\serverconfig\sophisticatedbackpacks-server.toml is not correct. Correcting
[24Aug2025 17:19:15.067] [Server thread/WARN] [net.minecraftforge.common.ForgeConfigSpec/CORE]: Incorrect key server was corrected from null to its default, SimpleCommentedConfig:{}. 
[24Aug2025 17:19:15.067] [Server thread/WARN] [net.minecraftforge.common.ForgeConfigSpec/CORE]: Incorrect key server.disallowedItems was corrected from null to its default, []. 
[24Aug2025 17:19:15.067] [Server thread/WARN] [net.minecraftforge.common.ForgeConfigSpec/CORE]: Incorrect key server.containerItemsDisallowed was corrected from null to its default, false. 
[24Aug2025 17:19:15.068] [Server thread/WARN] [net.minecraftforge.common.ForgeConfigSpec/CORE]: Incorrect key server.noInteractionBlocks was corrected from null to its default, []. 
[24Aug2025 17:19:15.068] [Server thread/WARN] [net.minecraftforge.common.ForgeConfigSpec/CORE]: Incorrect key server.noConnectionBlocks was corrected from null to its default, []. 
[24Aug2025 17:19:15.068] [Server thread/WARN] [net.minecraftforge.common.ForgeConfigSpec/CORE]: Incorrect key server.leatherBackpack was corrected from null to its default, SimpleCommentedConfig:{}. 
[24Aug2025 17:19:15.068] [Server thread/WARN] [net.minecraftforge.common.ForgeConfigSpec/CORE]: Incorrect key server.leatherBackpack.inventorySlotCount was corrected from null to its default, 27. 
[24Aug2025 17:19:15.068] [Server thread/WARN] [net.minecraftforge.common.ForgeConfigSpec/CORE]: Incorrect key server.leatherBackpack.upgradeSlotCount was corrected from null to its default, 1. 
[24Aug2025 17:19:15.068] [Server thread/WARN] [net.minecraftforge.common.ForgeConfigSpec/CORE]: Incorrect key server.copperBackpack was corrected from null to its default, SimpleCommentedConfig:{}. 
[24Aug2025 17:19:15.068] [Server thread/WARN] [net.minecraftforge.common.ForgeConfigSpec/CORE]: Incorrect key server.copperBackpack.inventorySlotCount was corrected from null to its default, 45. 
[24Aug2025 17:19:15.068] [Server thread/WARN] [net.minecraftforge.common.ForgeConfigSpec/CORE]: Incorrect key server.copperBackpack.upgradeSlotCount was corrected from null to its default, 1. 
[24Aug2025 17:19:15.068] [Server thread/WARN] [net.minecraftforge.common.ForgeConfigSpec/CORE]: Incorrect key server.ironBackpack was corrected from null to its default, SimpleCommentedConfig:{}. 
[24Aug2025 17:19:15.068] [Server thread/WARN] [net.minecraftforge.common.ForgeConfigSpec/CORE]: Incorrect key server.ironBackpack.inventorySlotCount was corrected from null to its default, 54. 
[24Aug2025 17:19:15.068] [Server thread/WARN] [net.minecraftforge.common.ForgeConfigSpec/CORE]: Incorrect key server.ironBackpack.upgradeSlotCount was corrected from null to its default, 2. 
[24Aug2025 17:19:15.068] [Server thread/WARN] [net.minecraftforge.common.ForgeConfigSpec/CORE]: Incorrect key server.goldBackpack was corrected from null to its default, SimpleCommentedConfig:{}. 
[24Aug2025 17:19:15.068] [Server thread/WARN] [net.minecraftforge.common.ForgeConfigSpec/CORE]: Incorrect key server.goldBackpack.inventorySlotCount was corrected from null to its default, 81. 
[24Aug2025 17:19:15.070] [Server thread/WARN] [net.minecraftforge.common.ForgeConfigSpec/CORE]: Incorrect key server.goldBackpack.upgradeSlotCount was corrected from null to its default, 3. 
[24Aug2025 17:19:15.070] [Server thread/WARN] [net.minecraftforge.common.ForgeConfigSpec/CORE]: Incorrect key server.diamondBackpack was corrected from null to its default, SimpleCommentedConfig:{}. 
[24Aug2025 17:19:15.070] [Server thread/WARN] [net.minecraftforge.common.ForgeConfigSpec/CORE]: Incorrect key server.diamondBackpack.inventorySlotCount was corrected from null to its default, 108. 
[24Aug2025 17:19:15.070] [Server thread/WARN] [net.minecraftforge.common.ForgeConfigSpec/CORE]: Incorrect key server.diamondBackpack.upgradeSlotCount was corrected from null to its default, 5. 
[24Aug2025 17:19:15.070] [Server thread/WARN] [net.minecraftforge.common.ForgeConfigSpec/CORE]: Incorrect key server.netheriteBackpack was corrected from null to its default, SimpleCommentedConfig:{}. 
[24Aug2025 17:19:15.070] [Server thread/WARN] [net.minecraftforge.common.ForgeConfigSpec/CORE]: Incorrect key server.netheriteBackpack.inventorySlotCount was corrected from null to its default, 120. 
[24Aug2025 17:19:15.070] [Server thread/WARN] [net.minecraftforge.common.ForgeConfigSpec/CORE]: Incorrect key server.netheriteBackpack.upgradeSlotCount was corrected from null to its default, 7. 
[24Aug2025 17:19:15.070] [Server thread/WARN] [net.minecraftforge.common.ForgeConfigSpec/CORE]: Incorrect key server.compactingUpgrade was corrected from null to its default, SimpleCommentedConfig:{}. 
[24Aug2025 17:19:15.070] [Server thread/WARN] [net.minecraftforge.common.ForgeConfigSpec/CORE]: Incorrect key server.compactingUpgrade.filterSlots was corrected from null to its default, 9. 
[24Aug2025 17:19:15.070] [Server thread/WARN] [net.minecraftforge.common.ForgeConfigSpec/CORE]: Incorrect key server.compactingUpgrade.slotsInRow was corrected from null to its default, 3. 
[24Aug2025 17:19:15.070] [Server thread/WARN] [net.minecraftforge.common.ForgeConfigSpec/CORE]: Incorrect key server.advancedCompactingUpgrade was corrected from null to its default, SimpleCommentedConfig:{}. 
[24Aug2025 17:19:15.070] [Server thread/WARN] [net.minecraftforge.common.ForgeConfigSpec/CORE]: Incorrect key server.advancedCompactingUpgrade.filterSlots was corrected from null to its default, 16. 
[24Aug2025 17:19:15.070] [Server thread/WARN] [net.minecraftforge.common.ForgeConfigSpec/CORE]: Incorrect key server.advancedCompactingUpgrade.slotsInRow was corrected from null to its default, 4. 
[24Aug2025 17:19:15.071] [Server thread/WARN] [net.minecraftforge.common.ForgeConfigSpec/CORE]: Incorrect key server.depositUpgrade was corrected from null to its default, SimpleCommentedConfig:{}. 
[24Aug2025 17:19:15.071] [Server thread/WARN] [net.minecraftforge.common.ForgeConfigSpec/CORE]: Incorrect key server.depositUpgrade.filterSlots was corrected from null to its default, 9. 
[24Aug2025 17:19:15.071] [Server thread/WARN] [net.minecraftforge.common.ForgeConfigSpec/CORE]: Incorrect key server.depositUpgrade.slotsInRow was corrected from null to its default, 3. 
[24Aug2025 17:19:15.071] [Server thread/WARN] [net.minecraftforge.common.ForgeConfigSpec/CORE]: Incorrect key server.advancedDepositUpgrade was corrected from null to its default, SimpleCommentedConfig:{}. 
[24Aug2025 17:19:15.071] [Server thread/WARN] [net.minecraftforge.common.ForgeConfigSpec/CORE]: Incorrect key server.advancedDepositUpgrade.filterSlots was corrected from null to its default, 16. 
[24Aug2025 17:19:15.071] [Server thread/WARN] [net.minecraftforge.common.ForgeConfigSpec/CORE]: Incorrect key server.advancedDepositUpgrade.slotsInRow was corrected from null to its default, 4. 
[24Aug2025 17:19:15.071] [Server thread/WARN] [net.minecraftforge.common.ForgeConfigSpec/CORE]: Incorrect key server.feedingUpgrade was corrected from null to its default, SimpleCommentedConfig:{}. 
[24Aug2025 17:19:15.071] [Server thread/WARN] [net.minecraftforge.common.ForgeConfigSpec/CORE]: Incorrect key server.feedingUpgrade.filterSlots was corrected from null to its default, 9. 
[24Aug2025 17:19:15.071] [Server thread/WARN] [net.minecraftforge.common.ForgeConfigSpec/CORE]: Incorrect key server.feedingUpgrade.slotsInRow was corrected from null to its default, 3. 
[24Aug2025 17:19:15.071] [Server thread/WARN] [net.minecraftforge.common.ForgeConfigSpec/CORE]: Incorrect key server.advancedFeedingUpgrade was corrected from null to its default, SimpleCommentedConfig:{}. 
[24Aug2025 17:19:15.072] [Server thread/WARN] [net.minecraftforge.common.ForgeConfigSpec/CORE]: Incorrect key server.advancedFeedingUpgrade.filterSlots was corrected from null to its default, 16. 
[24Aug2025 17:19:15.072] [Server thread/WARN] [net.minecraftforge.common.ForgeConfigSpec/CORE]: Incorrect key server.advancedFeedingUpgrade.slotsInRow was corrected from null to its default, 4. 
[24Aug2025 17:19:15.072] [Server thread/WARN] [net.minecraftforge.common.ForgeConfigSpec/CORE]: Incorrect key server.filterUpgrade was corrected from null to its default, SimpleCommentedConfig:{}. 
[24Aug2025 17:19:15.072] [Server thread/WARN] [net.minecraftforge.common.ForgeConfigSpec/CORE]: Incorrect key server.filterUpgrade.filterSlots was corrected from null to its default, 9. 
[24Aug2025 17:19:15.072] [Server thread/WARN] [net.minecraftforge.common.ForgeConfigSpec/CORE]: Incorrect key server.filterUpgrade.slotsInRow was corrected from null to its default, 3. 
[24Aug2025 17:19:15.072] [Server thread/WARN] [net.minecraftforge.common.ForgeConfigSpec/CORE]: Incorrect key server.advancedFilterUpgrade was corrected from null to its default, SimpleCommentedConfig:{}. 
[24Aug2025 17:19:15.072] [Server thread/WARN] [net.minecraftforge.common.ForgeConfigSpec/CORE]: Incorrect key server.advancedFilterUpgrade.filterSlots was corrected from null to its default, 16. 
[24Aug2025 17:19:15.072] [Server thread/WARN] [net.minecraftforge.common.ForgeConfigSpec/CORE]: Incorrect key server.advancedFilterUpgrade.slotsInRow was corrected from null to its default, 4. 
[24Aug2025 17:19:15.072] [Server thread/WARN] [net.minecraftforge.common.ForgeConfigSpec/CORE]: Incorrect key server.magnetUpgrade was corrected from null to its default, SimpleCommentedConfig:{}. 
[24Aug2025 17:19:15.072] [Server thread/WARN] [net.minecraftforge.common.ForgeConfigSpec/CORE]: Incorrect key server.magnetUpgrade.filterSlots was corrected from null to its default, 9. 
[24Aug2025 17:19:15.072] [Server thread/WARN] [net.minecraftforge.common.ForgeConfigSpec/CORE]: Incorrect key server.magnetUpgrade.slotsInRow was corrected from null to its default, 3. 
[24Aug2025 17:19:15.072] [Server thread/WARN] [net.minecraftforge.common.ForgeConfigSpec/CORE]: Incorrect key server.magnetUpgrade.magnetRange was corrected from null to its default, 3. 
[24Aug2025 17:19:15.072] [Server thread/WARN] [net.minecraftforge.common.ForgeConfigSpec/CORE]: Incorrect key server.advancedMagnetUpgrade was corrected from null to its default, SimpleCommentedConfig:{}. 
[24Aug2025 17:19:15.072] [Server thread/WARN] [net.minecraftforge.common.ForgeConfigSpec/CORE]: Incorrect key server.advancedMagnetUpgrade.filterSlots was corrected from null to its default, 16. 
[24Aug2025 17:19:15.074] [Server thread/WARN] [net.minecraftforge.common.ForgeConfigSpec/CORE]: Incorrect key server.advancedMagnetUpgrade.slotsInRow was corrected from null to its default, 4. 
[24Aug2025 17:19:15.074] [Server thread/WARN] [net.minecraftforge.common.ForgeConfigSpec/CORE]: Incorrect key server.advancedMagnetUpgrade.magnetRange was corrected from null to its default, 5. 
[24Aug2025 17:19:15.074] [Server thread/WARN] [net.minecraftforge.common.ForgeConfigSpec/CORE]: Incorrect key server.pickupUpgrade was corrected from null to its default, SimpleCommentedConfig:{}. 
[24Aug2025 17:19:15.074] [Server thread/WARN] [net.minecraftforge.common.ForgeConfigSpec/CORE]: Incorrect key server.pickupUpgrade.filterSlots was corrected from null to its default, 9. 
[24Aug2025 17:19:15.074] [Server thread/WARN] [net.minecraftforge.common.ForgeConfigSpec/CORE]: Incorrect key server.pickupUpgrade.slotsInRow was corrected from null to its default, 3. 
[24Aug2025 17:19:15.074] [Server thread/WARN] [net.minecraftforge.common.ForgeConfigSpec/CORE]: Incorrect key server.advancedPickupUpgrade was corrected from null to its default, SimpleCommentedConfig:{}. 
[24Aug2025 17:19:15.074] [Server thread/WARN] [net.minecraftforge.common.ForgeConfigSpec/CORE]: Incorrect key server.advancedPickupUpgrade.filterSlots was corrected from null to its default, 16. 
[24Aug2025 17:19:15.074] [Server thread/WARN] [net.minecraftforge.common.ForgeConfigSpec/CORE]: Incorrect key server.advancedPickupUpgrade.slotsInRow was corrected from null to its default, 4. 
[24Aug2025 17:19:15.074] [Server thread/WARN] [net.minecraftforge.common.ForgeConfigSpec/CORE]: Incorrect key server.refillUpgrade was corrected from null to its default, SimpleCommentedConfig:{}. 
[24Aug2025 17:19:15.074] [Server thread/WARN] [net.minecraftforge.common.ForgeConfigSpec/CORE]: Incorrect key server.refillUpgrade.filterSlots was corrected from null to its default, 6. 
[24Aug2025 17:19:15.074] [Server thread/WARN] [net.minecraftforge.common.ForgeConfigSpec/CORE]: Incorrect key server.refillUpgrade.slotsInRow was corrected from null to its default, 3. 
[24Aug2025 17:19:15.074] [Server thread/WARN] [net.minecraftforge.common.ForgeConfigSpec/CORE]: Incorrect key server.advancedRefillUpgrade was corrected from null to its default, SimpleCommentedConfig:{}. 
[24Aug2025 17:19:15.074] [Server thread/WARN] [net.minecraftforge.common.ForgeConfigSpec/CORE]: Incorrect key server.advancedRefillUpgrade.filterSlots was corrected from null to its default, 12. 
[24Aug2025 17:19:15.075] [Server thread/WARN] [net.minecraftforge.common.ForgeConfigSpec/CORE]: Incorrect key server.advancedRefillUpgrade.slotsInRow was corrected from null to its default, 4. 
[24Aug2025 17:19:15.075] [Server thread/WARN] [net.minecraftforge.common.ForgeConfigSpec/CORE]: Incorrect key server.restockUpgrade was corrected from null to its default, SimpleCommentedConfig:{}. 
[24Aug2025 17:19:15.075] [Server thread/WARN] [net.minecraftforge.common.ForgeConfigSpec/CORE]: Incorrect key server.restockUpgrade.filterSlots was corrected from null to its default, 9. 
[24Aug2025 17:19:15.075] [Server thread/WARN] [net.minecraftforge.common.ForgeConfigSpec/CORE]: Incorrect key server.restockUpgrade.slotsInRow was corrected from null to its default, 3. 
[24Aug2025 17:19:15.075] [Server thread/WARN] [net.minecraftforge.common.ForgeConfigSpec/CORE]: Incorrect key server.advancedRestockUpgrade was corrected from null to its default, SimpleCommentedConfig:{}. 
[24Aug2025 17:19:15.075] [Server thread/WARN] [net.minecraftforge.common.ForgeConfigSpec/CORE]: Incorrect key server.advancedRestockUpgrade.filterSlots was corrected from null to its default, 16. 
[24Aug2025 17:19:15.075] [Server thread/WARN] [net.minecraftforge.common.ForgeConfigSpec/CORE]: Incorrect key server.advancedRestockUpgrade.slotsInRow was corrected from null to its default, 4. 
[24Aug2025 17:19:15.075] [Server thread/WARN] [net.minecraftforge.common.ForgeConfigSpec/CORE]: Incorrect key server.voidUpgrade was corrected from null to its default, SimpleCommentedConfig:{}. 
[24Aug2025 17:19:15.076] [Server thread/WARN] [net.minecraftforge.common.ForgeConfigSpec/CORE]: Incorrect key server.voidUpgrade.filterSlots was corrected from null to its default, 9. 
[24Aug2025 17:19:15.076] [Server thread/WARN] [net.minecraftforge.common.ForgeConfigSpec/CORE]: Incorrect key server.voidUpgrade.slotsInRow was corrected from null to its default, 3. 
[24Aug2025 17:19:15.076] [Server thread/WARN] [net.minecraftforge.common.ForgeConfigSpec/CORE]: Incorrect key server.voidUpgrade.voidAnythingEnabled was corrected from null to its default, true. 
[24Aug2025 17:19:15.076] [Server thread/WARN] [net.minecraftforge.common.ForgeConfigSpec/CORE]: Incorrect key server.advancedVoidUpgrade was corrected from null to its default, SimpleCommentedConfig:{}. 
[24Aug2025 17:19:15.076] [Server thread/WARN] [net.minecraftforge.common.ForgeConfigSpec/CORE]: Incorrect key server.advancedVoidUpgrade.filterSlots was corrected from null to its default, 16. 
[24Aug2025 17:19:15.076] [Server thread/WARN] [net.minecraftforge.common.ForgeConfigSpec/CORE]: Incorrect key server.advancedVoidUpgrade.slotsInRow was corrected from null to its default, 4. 
[24Aug2025 17:19:15.076] [Server thread/WARN] [net.minecraftforge.common.ForgeConfigSpec/CORE]: Incorrect key server.advancedVoidUpgrade.voidAnythingEnabled was corrected from null to its default, true. 
[24Aug2025 17:19:15.076] [Server thread/WARN] [net.minecraftforge.common.ForgeConfigSpec/CORE]: Incorrect key server.stackUpgrade was corrected from null to its default, SimpleCommentedConfig:{}. 
[24Aug2025 17:19:15.076] [Server thread/WARN] [net.minecraftforge.common.ForgeConfigSpec/CORE]: Incorrect key server.stackUpgrade.nonStackableItems was corrected from null to its default, [minecraft:bundle, minecraft:shulker_box, minecraft:white_shulker_box, minecraft:orange_shulker_box, minecraft:magenta_shulker_box, minecraft:light_blue_shulker_box, minecraft:yellow_shulker_box, minecraft:lime_shulker_box, minecraft:pink_shulker_box, minecraft:gray_shulker_box, minecraft:light_gray_shulker_box, minecraft:cyan_shulker_box, minecraft:purple_shulker_box, minecraft:blue_shulker_box, minecraft:brown_shulker_box, minecraft:green_shulker_box, minecraft:red_shulker_box, minecraft:black_shulker_box]. 
[24Aug2025 17:19:15.076] [Server thread/WARN] [net.minecraftforge.common.ForgeConfigSpec/CORE]: Incorrect key server.smeltingUpgrade was corrected from null to its default, SimpleCommentedConfig:{}. 
[24Aug2025 17:19:15.076] [Server thread/WARN] [net.minecraftforge.common.ForgeConfigSpec/CORE]: Incorrect key server.smeltingUpgrade.smeltingSpeedMultiplier was corrected from null to its default, 1.0. 
[24Aug2025 17:19:15.076] [Server thread/WARN] [net.minecraftforge.common.ForgeConfigSpec/CORE]: Incorrect key server.smeltingUpgrade.fuelEfficiencyMultiplier was corrected from null to its default, 1.0. 
[24Aug2025 17:19:15.077] [Server thread/WARN] [net.minecraftforge.common.ForgeConfigSpec/CORE]: Incorrect key server.smokingUpgrade was corrected from null to its default, SimpleCommentedConfig:{}. 
[24Aug2025 17:19:15.077] [Server thread/WARN] [net.minecraftforge.common.ForgeConfigSpec/CORE]: Incorrect key server.smokingUpgrade.smeltingSpeedMultiplier was corrected from null to its default, 1.0. 
[24Aug2025 17:19:15.077] [Server thread/WARN] [net.minecraftforge.common.ForgeConfigSpec/CORE]: Incorrect key server.smokingUpgrade.fuelEfficiencyMultiplier was corrected from null to its default, 1.0. 
[24Aug2025 17:19:15.077] [Server thread/WARN] [net.minecraftforge.common.ForgeConfigSpec/CORE]: Incorrect key server.blastingUpgrade was corrected from null to its default, SimpleCommentedConfig:{}. 
[24Aug2025 17:19:15.077] [Server thread/WARN] [net.minecraftforge.common.ForgeConfigSpec/CORE]: Incorrect key server.blastingUpgrade.smeltingSpeedMultiplier was corrected from null to its default, 1.0. 
[24Aug2025 17:19:15.077] [Server thread/WARN] [net.minecraftforge.common.ForgeConfigSpec/CORE]: Incorrect key server.blastingUpgrade.fuelEfficiencyMultiplier was corrected from null to its default, 1.0. 
[24Aug2025 17:19:15.077] [Server thread/WARN] [net.minecraftforge.common.ForgeConfigSpec/CORE]: Incorrect key server.autoSmeltingUpgrade was corrected from null to its default, SimpleCommentedConfig:{}. 
[24Aug2025 17:19:15.077] [Server thread/WARN] [net.minecraftforge.common.ForgeConfigSpec/CORE]: Incorrect key server.autoSmeltingUpgrade.smeltingSpeedMultiplier was corrected from null to its default, 1.0. 
[24Aug2025 17:19:15.077] [Server thread/WARN] [net.minecraftforge.common.ForgeConfigSpec/CORE]: Incorrect key server.autoSmeltingUpgrade.fuelEfficiencyMultiplier was corrected from null to its default, 1.0. 
[24Aug2025 17:19:15.077] [Server thread/WARN] [net.minecraftforge.common.ForgeConfigSpec/CORE]: Incorrect key server.autoSmeltingUpgrade.inputFilterSlots was corrected from null to its default, 8. 
[24Aug2025 17:19:15.078] [Server thread/WARN] [net.minecraftforge.common.ForgeConfigSpec/CORE]: Incorrect key server.autoSmeltingUpgrade.inputFilterSlotsInRow was corrected from null to its default, 4. 
[24Aug2025 17:19:15.078] [Server thread/WARN] [net.minecraftforge.common.ForgeConfigSpec/CORE]: Incorrect key server.autoSmeltingUpgrade.fuelFilterSlots was corrected from null to its default, 4. 
[24Aug2025 17:19:15.078] [Server thread/WARN] [net.minecraftforge.common.ForgeConfigSpec/CORE]: Incorrect key server.autoSmeltingUpgrade.fuelFilterSlotsInRow was corrected from null to its default, 4. 
[24Aug2025 17:19:15.078] [Server thread/WARN] [net.minecraftforge.common.ForgeConfigSpec/CORE]: Incorrect key server.autoSmokingUpgrade was corrected from null to its default, SimpleCommentedConfig:{}. 
[24Aug2025 17:19:15.078] [Server thread/WARN] [net.minecraftforge.common.ForgeConfigSpec/CORE]: Incorrect key server.autoSmokingUpgrade.smeltingSpeedMultiplier was corrected from null to its default, 1.0. 
[24Aug2025 17:19:15.078] [Server thread/WARN] [net.minecraftforge.common.ForgeConfigSpec/CORE]: Incorrect key server.autoSmokingUpgrade.fuelEfficiencyMultiplier was corrected from null to its default, 1.0. 
[24Aug2025 17:19:15.078] [Server thread/WARN] [net.minecraftforge.common.ForgeConfigSpec/CORE]: Incorrect key server.autoSmokingUpgrade.inputFilterSlots was corrected from null to its default, 8. 
[24Aug2025 17:19:15.078] [Server thread/WARN] [net.minecraftforge.common.ForgeConfigSpec/CORE]: Incorrect key server.autoSmokingUpgrade.inputFilterSlotsInRow was corrected from null to its default, 4. 
[24Aug2025 17:19:15.078] [Server thread/WARN] [net.minecraftforge.common.ForgeConfigSpec/CORE]: Incorrect key server.autoSmokingUpgrade.fuelFilterSlots was corrected from null to its default, 4. 
[24Aug2025 17:19:15.078] [Server thread/WARN] [net.minecraftforge.common.ForgeConfigSpec/CORE]: Incorrect key server.autoSmokingUpgrade.fuelFilterSlotsInRow was corrected from null to its default, 4. 
[24Aug2025 17:19:15.078] [Server thread/WARN] [net.minecraftforge.common.ForgeConfigSpec/CORE]: Incorrect key server.autoBlastingUpgrade was corrected from null to its default, SimpleCommentedConfig:{}. 
[24Aug2025 17:19:15.078] [Server thread/WARN] [net.minecraftforge.common.ForgeConfigSpec/CORE]: Incorrect key server.autoBlastingUpgrade.smeltingSpeedMultiplier was corrected from null to its default, 1.0. 
[24Aug2025 17:19:15.079] [Server thread/WARN] [net.minecraftforge.common.ForgeConfigSpec/CORE]: Incorrect key server.autoBlastingUpgrade.fuelEfficiencyMultiplier was corrected from null to its default, 1.0. 
[24Aug2025 17:19:15.079] [Server thread/WARN] [net.minecraftforge.common.ForgeConfigSpec/CORE]: Incorrect key server.autoBlastingUpgrade.inputFilterSlots was corrected from null to its default, 8. 
[24Aug2025 17:19:15.079] [Server thread/WARN] [net.minecraftforge.common.ForgeConfigSpec/CORE]: Incorrect key server.autoBlastingUpgrade.inputFilterSlotsInRow was corrected from null to its default, 4. 
[24Aug2025 17:19:15.079] [Server thread/WARN] [net.minecraftforge.common.ForgeConfigSpec/CORE]: Incorrect key server.autoBlastingUpgrade.fuelFilterSlots was corrected from null to its default, 4. 
[24Aug2025 17:19:15.079] [Server thread/WARN] [net.minecraftforge.common.ForgeConfigSpec/CORE]: Incorrect key server.autoBlastingUpgrade.fuelFilterSlotsInRow was corrected from null to its default, 4. 
[24Aug2025 17:19:15.079] [Server thread/WARN] [net.minecraftforge.common.ForgeConfigSpec/CORE]: Incorrect key server.inceptionUpgrade was corrected from null to its default, SimpleCommentedConfig:{}. 
[24Aug2025 17:19:15.079] [Server thread/WARN] [net.minecraftforge.common.ForgeConfigSpec/CORE]: Incorrect key server.inceptionUpgrade.upgradesUseInventoriesOfBackpacksInBackpack was corrected from null to its default, true. 
[24Aug2025 17:19:15.079] [Server thread/WARN] [net.minecraftforge.common.ForgeConfigSpec/CORE]: Incorrect key server.inceptionUpgrade.upgradesInContainedBackpacksAreFunctional was corrected from null to its default, true. 
[24Aug2025 17:19:15.079] [Server thread/WARN] [net.minecraftforge.common.ForgeConfigSpec/CORE]: Incorrect key server.toolSwapperUpgrade was corrected from null to its default, SimpleCommentedConfig:{}. 
[24Aug2025 17:19:15.079] [Server thread/WARN] [net.minecraftforge.common.ForgeConfigSpec/CORE]: Incorrect key server.toolSwapperUpgrade.filterSlots was corrected from null to its default, 8. 
[24Aug2025 17:19:15.079] [Server thread/WARN] [net.minecraftforge.common.ForgeConfigSpec/CORE]: Incorrect key server.toolSwapperUpgrade.slotsInRow was corrected from null to its default, 4. 
[24Aug2025 17:19:15.079] [Server thread/WARN] [net.minecraftforge.common.ForgeConfigSpec/CORE]: Incorrect key server.tankUpgrade was corrected from null to its default, SimpleCommentedConfig:{}. 
[24Aug2025 17:19:15.080] [Server thread/WARN] [net.minecraftforge.common.ForgeConfigSpec/CORE]: Incorrect key server.tankUpgrade.capacityPerSlotRow was corrected from null to its default, 4000. 
[24Aug2025 17:19:15.080] [Server thread/WARN] [net.minecraftforge.common.ForgeConfigSpec/CORE]: Incorrect key server.tankUpgrade.stackMultiplierRatio was corrected from null to its default, 1.0. 
[24Aug2025 17:19:15.080] [Server thread/WARN] [net.minecraftforge.common.ForgeConfigSpec/CORE]: Incorrect key server.tankUpgrade.autoFillDrainContainerCooldown was corrected from null to its default, 20. 
[24Aug2025 17:19:15.080] [Server thread/WARN] [net.minecraftforge.common.ForgeConfigSpec/CORE]: Incorrect key server.tankUpgrade.maxInputOutput was corrected from null to its default, 20. 
[24Aug2025 17:19:15.080] [Server thread/WARN] [net.minecraftforge.common.ForgeConfigSpec/CORE]: Incorrect key server.tankUpgrade.energyPerSlotRow was corrected from null to its default, 10000. 
[24Aug2025 17:19:15.081] [Server thread/WARN] [net.minecraftforge.common.ForgeConfigSpec/CORE]: Incorrect key server.pumpUpgrade was corrected from null to its default, SimpleCommentedConfig:{}. 
[24Aug2025 17:19:15.081] [Server thread/WARN] [net.minecraftforge.common.ForgeConfigSpec/CORE]: Incorrect key server.pumpUpgrade.filterSlots was corrected from null to its default, 4. 
[24Aug2025 17:19:15.081] [Server thread/WARN] [net.minecraftforge.common.ForgeConfigSpec/CORE]: Incorrect key server.pumpUpgrade.maxInputOutput was corrected from null to its default, 20. 
[24Aug2025 17:19:15.081] [Server thread/WARN] [net.minecraftforge.common.ForgeConfigSpec/CORE]: Incorrect key server.pumpUpgrade.stackMultiplierRatio was corrected from null to its default, 1.0. 
[24Aug2025 17:19:15.081] [Server thread/WARN] [net.minecraftforge.common.ForgeConfigSpec/CORE]: Incorrect key server.xpPumpUpgrade was corrected from null to its default, SimpleCommentedConfig:{}. 
[24Aug2025 17:19:15.081] [Server thread/WARN] [net.minecraftforge.common.ForgeConfigSpec/CORE]: Incorrect key server.xpPumpUpgrade.mendingOn was corrected from null to its default, true. 
[24Aug2025 17:19:15.081] [Server thread/WARN] [net.minecraftforge.common.ForgeConfigSpec/CORE]: Incorrect key server.xpPumpUpgrade.maxXpPointsPerMending was corrected from null to its default, 5. 
[24Aug2025 17:19:15.081] [Server thread/WARN] [net.minecraftforge.common.ForgeConfigSpec/CORE]: Incorrect key server.advancedJukeboxUpgrade was corrected from null to its default, SimpleCommentedConfig:{}. 
[24Aug2025 17:19:15.081] [Server thread/WARN] [net.minecraftforge.common.ForgeConfigSpec/CORE]: Incorrect key server.advancedJukeboxUpgrade.numberOfSlots was corrected from null to its default, 12. 
[24Aug2025 17:19:15.082] [Server thread/WARN] [net.minecraftforge.common.ForgeConfigSpec/CORE]: Incorrect key server.advancedJukeboxUpgrade.slotsInRow was corrected from null to its default, 4. 
[24Aug2025 17:19:15.082] [Server thread/WARN] [net.minecraftforge.common.ForgeConfigSpec/CORE]: Incorrect key server.alchemyUpgrade was corrected from null to its default, SimpleCommentedConfig:{}. 
[24Aug2025 17:19:15.082] [Server thread/WARN] [net.minecraftforge.common.ForgeConfigSpec/CORE]: Incorrect key server.alchemyUpgrade.filterSlots was corrected from null to its default, 4. 
[24Aug2025 17:19:15.082] [Server thread/WARN] [net.minecraftforge.common.ForgeConfigSpec/CORE]: Incorrect key server.advancedAlchemyUpgrade was corrected from null to its default, SimpleCommentedConfig:{}. 
[24Aug2025 17:19:15.082] [Server thread/WARN] [net.minecraftforge.common.ForgeConfigSpec/CORE]: Incorrect key server.advancedAlchemyUpgrade.filterSlots was corrected from null to its default, 8. 
[24Aug2025 17:19:15.082] [Server thread/WARN] [net.minecraftforge.common.ForgeConfigSpec/CORE]: Incorrect key server.entityBackpackAdditions was corrected from null to its default, SimpleCommentedConfig:{}. 
[24Aug2025 17:19:15.082] [Server thread/WARN] [net.minecraftforge.common.ForgeConfigSpec/CORE]: Incorrect key server.entityBackpackAdditions.chance was corrected from null to its default, 0.01. 
[24Aug2025 17:19:15.082] [Server thread/WARN] [net.minecraftforge.common.ForgeConfigSpec/CORE]: Incorrect key server.entityBackpackAdditions.addLoot was corrected from null to its default, true. 
[24Aug2025 17:19:15.082] [Server thread/WARN] [net.minecraftforge.common.ForgeConfigSpec/CORE]: Incorrect key server.entityBackpackAdditions.buffWithPotionEffects was corrected from null to its default, true. 
[24Aug2025 17:19:15.082] [Server thread/WARN] [net.minecraftforge.common.ForgeConfigSpec/CORE]: Incorrect key server.entityBackpackAdditions.buffHealth was corrected from null to its default, true. 
[24Aug2025 17:19:15.082] [Server thread/WARN] [net.minecraftforge.common.ForgeConfigSpec/CORE]: Incorrect key server.entityBackpackAdditions.equipWithArmor was corrected from null to its default, true. 
[24Aug2025 17:19:15.083] [Server thread/WARN] [net.minecraftforge.common.ForgeConfigSpec/CORE]: Incorrect key server.entityBackpackAdditions.entityLootTableList was corrected from null to its default, [minecraft:creeper|minecraft:chests/desert_pyramid, minecraft:drowned|minecraft:chests/shipwreck_treasure, minecraft:enderman|minecraft:chests/end_city_treasure, minecraft:evoker|minecraft:chests/woodland_mansion, minecraft:husk|minecraft:chests/desert_pyramid, minecraft:piglin|minecraft:chests/bastion_bridge, minecraft:piglin_brute|minecraft:chests/bastion_treasure, minecraft:pillager|minecraft:chests/pillager_outpost, minecraft:skeleton|minecraft:chests/simple_dungeon, minecraft:stray|minecraft:chests/igloo_chest, minecraft:vex|minecraft:chests/woodland_mansion, minecraft:vindicator|minecraft:chests/woodland_mansion, minecraft:witch|minecraft:chests/buried_treasure, minecraft:wither_skeleton|minecraft:chests/nether_bridge, minecraft:zombie|minecraft:chests/simple_dungeon, minecraft:zombie_villager|minecraft:chests/village/village_armorer, minecraft:zombified_piglin|minecraft:chests/bastion_other]. 
[24Aug2025 17:19:15.083] [Server thread/WARN] [net.minecraftforge.common.ForgeConfigSpec/CORE]: Incorrect key server.entityBackpackAdditions.discBlockList was corrected from null to its default, [botania:record_gaia_1, botania:record_gaia_2]. 
[24Aug2025 17:19:15.083] [Server thread/WARN] [net.minecraftforge.common.ForgeConfigSpec/CORE]: Incorrect key server.entityBackpackAdditions.playJukebox was corrected from null to its default, true. 
[24Aug2025 17:19:15.083] [Server thread/WARN] [net.minecraftforge.common.ForgeConfigSpec/CORE]: Incorrect key server.entityBackpackAdditions.dropToFakePlayers was corrected from null to its default, false. 
[24Aug2025 17:19:15.083] [Server thread/WARN] [net.minecraftforge.common.ForgeConfigSpec/CORE]: Incorrect key server.entityBackpackAdditions.backpackDropChance was corrected from null to its default, 0.5. 
[24Aug2025 17:19:15.083] [Server thread/WARN] [net.minecraftforge.common.ForgeConfigSpec/CORE]: Incorrect key server.entityBackpackAdditions.lootingChanceIncreasePerLevel was corrected from null to its default, 0.15. 
[24Aug2025 17:19:15.084] [Server thread/WARN] [net.minecraftforge.common.ForgeConfigSpec/CORE]: Incorrect key server.nerfs was corrected from null to its default, SimpleCommentedConfig:{}. 
[24Aug2025 17:19:15.084] [Server thread/WARN] [net.minecraftforge.common.ForgeConfigSpec/CORE]: Incorrect key server.nerfs.tooManyBackpacksSlowness was corrected from null to its default, false. 
[24Aug2025 17:19:15.084] [Server thread/WARN] [net.minecraftforge.common.ForgeConfigSpec/CORE]: Incorrect key server.nerfs.maxNumberOfBackpacks was corrected from null to its default, 3. 
[24Aug2025 17:19:15.084] [Server thread/WARN] [net.minecraftforge.common.ForgeConfigSpec/CORE]: Incorrect key server.nerfs.slownessLevelsPerAdditionalBackpack was corrected from null to its default, 1.0. 
[24Aug2025 17:19:15.084] [Server thread/WARN] [net.minecraftforge.common.ForgeConfigSpec/CORE]: Incorrect key server.nerfs.onlyWornBackpackTriggersUpgrades was corrected from null to its default, false. 
[24Aug2025 17:19:15.084] [Server thread/WARN] [net.minecraftforge.common.ForgeConfigSpec/CORE]: Incorrect key server.maxUpgradesPerStorage was corrected from null to its default, [stack_upgrades|3, jukebox_upgrades|1, furnace_upgrades|1]. 
[24Aug2025 17:19:15.084] [Server thread/WARN] [net.minecraftforge.common.ForgeConfigSpec/CORE]: Incorrect key server.itemFluidHandlerEnabled was corrected from null to its default, true. 
[24Aug2025 17:19:15.084] [Server thread/WARN] [net.minecraftforge.common.ForgeConfigSpec/CORE]: Incorrect key server.allowOpeningOtherPlayerBackpacks was corrected from null to its default, true. 
[24Aug2025 17:19:15.084] [Server thread/WARN] [net.minecraftforge.common.ForgeConfigSpec/CORE]: Incorrect key server.itemDisplayDisabled was corrected from null to its default, false. 
[24Aug2025 17:19:15.084] [Server thread/WARN] [net.minecraftforge.common.ForgeConfigSpec/CORE]: Incorrect key server.tickDedupeLogicDisabled was corrected from null to its default, false. 
[24Aug2025 17:19:15.084] [Server thread/WARN] [net.minecraftforge.common.ForgeConfigSpec/CORE]: Incorrect key server.canBePlacedInContainerItems was corrected from null to its default, false. 
[24Aug2025 17:19:15.090] [Server thread/WARN] [net.minecraftforge.common.ForgeConfigSpec/CORE]: Configuration file .\world\serverconfig\forge-server.toml is not correct. Correcting
[24Aug2025 17:19:15.091] [Server thread/WARN] [net.minecraftforge.common.ForgeConfigSpec/CORE]: Incorrect key server was corrected from null to its default, SimpleCommentedConfig:{}. 
[24Aug2025 17:19:15.091] [Server thread/WARN] [net.minecraftforge.common.ForgeConfigSpec/CORE]: Incorrect key server.removeErroringBlockEntities was corrected from null to its default, false. 
[24Aug2025 17:19:15.091] [Server thread/WARN] [net.minecraftforge.common.ForgeConfigSpec/CORE]: Incorrect key server.removeErroringEntities was corrected from null to its default, false. 
[24Aug2025 17:19:15.091] [Server thread/WARN] [net.minecraftforge.common.ForgeConfigSpec/CORE]: Incorrect key server.fullBoundingBoxLadders was corrected from null to its default, false. 
[24Aug2025 17:19:15.091] [Server thread/WARN] [net.minecraftforge.common.ForgeConfigSpec/CORE]: Incorrect key server.zombieBaseSummonChance was corrected from null to its default, 0.1. 
[24Aug2025 17:19:15.091] [Server thread/WARN] [net.minecraftforge.common.ForgeConfigSpec/CORE]: Incorrect key server.zombieBabyChance was corrected from null to its default, 0.05. 
[24Aug2025 17:19:15.091] [Server thread/WARN] [net.minecraftforge.common.ForgeConfigSpec/CORE]: Incorrect key server.permissionHandler was corrected from null to its default, forge:default_handler. 
[24Aug2025 17:19:15.091] [Server thread/WARN] [net.minecraftforge.common.ForgeConfigSpec/CORE]: Incorrect key server.advertiseDedicatedServerToLan was corrected from null to its default, true. 
[24Aug2025 17:19:15.091] [Server thread/WARN] [net.minecraftforge.common.ForgeConfigSpec/CORE]: Incorrect key server.useItemWithDurationZero was corrected from null to its default, false. 
[24Aug2025 17:19:15.094] [Server thread/WARN] [net.minecraftforge.common.ForgeConfigSpec/CORE]: Configuration file .\world\serverconfig\cofh_core-server.toml is not correct. Correcting
[24Aug2025 17:19:15.094] [Server thread/WARN] [net.minecraftforge.common.ForgeConfigSpec/CORE]: Incorrect key Commands was corrected from null to its default, SimpleCommentedConfig:{}. 
[24Aug2025 17:19:15.094] [Server thread/WARN] [net.minecraftforge.common.ForgeConfigSpec/CORE]: Incorrect key Commands.Crafting Permission Level was corrected from null to its default, 2. 
[24Aug2025 17:19:15.094] [Server thread/WARN] [net.minecraftforge.common.ForgeConfigSpec/CORE]: Incorrect key Commands.EnderChest Permission Level was corrected from null to its default, 2. 
[24Aug2025 17:19:15.094] [Server thread/WARN] [net.minecraftforge.common.ForgeConfigSpec/CORE]: Incorrect key Commands.Heal Permission Level was corrected from null to its default, 2. 
[24Aug2025 17:19:15.094] [Server thread/WARN] [net.minecraftforge.common.ForgeConfigSpec/CORE]: Incorrect key Commands.Ignite Permission Level was corrected from null to its default, 2. 
[24Aug2025 17:19:15.094] [Server thread/WARN] [net.minecraftforge.common.ForgeConfigSpec/CORE]: Incorrect key Commands.Repair Permission Level was corrected from null to its default, 2. 
[24Aug2025 17:19:15.095] [Server thread/WARN] [net.minecraftforge.common.ForgeConfigSpec/CORE]: Incorrect key Enchantments was corrected from null to its default, SimpleCommentedConfig:{}. 
[24Aug2025 17:19:15.095] [Server thread/WARN] [net.minecraftforge.common.ForgeConfigSpec/CORE]: Incorrect key Enchantments.Improved Feather Falling was corrected from null to its default, true. 
[24Aug2025 17:19:15.095] [Server thread/WARN] [net.minecraftforge.common.ForgeConfigSpec/CORE]: Incorrect key Enchantments.Improved Mending was corrected from null to its default, true. 
[24Aug2025 17:19:15.095] [Server thread/WARN] [net.minecraftforge.common.ForgeConfigSpec/CORE]: Incorrect key Enchantments.Holding was corrected from null to its default, SimpleCommentedConfig:{}. 
[24Aug2025 17:19:15.095] [Server thread/WARN] [net.minecraftforge.common.ForgeConfigSpec/CORE]: Incorrect key Enchantments.Holding.Enable was corrected from null to its default, true. 
[24Aug2025 17:19:15.095] [Server thread/WARN] [net.minecraftforge.common.ForgeConfigSpec/CORE]: Incorrect key Enchantments.Holding.Treasure was corrected from null to its default, false. 
[24Aug2025 17:19:15.095] [Server thread/WARN] [net.minecraftforge.common.ForgeConfigSpec/CORE]: Incorrect key Enchantments.Holding.Max Level was corrected from null to its default, 4. 
[24Aug2025 17:19:15.097] [Server thread/INFO] [net.minecraftforge.fml.config.ConfigFileTypeHandler/CONFIG]: Loading default config file from path C:\Alex's stuff\MinecraftServer\defaultconfigs\ceramicbucket-server.toml
[24Aug2025 17:19:15.101] [Server thread/WARN] [net.minecraftforge.common.ForgeConfigSpec/CORE]: Configuration file .\world\serverconfig\mantle-server.toml is not correct. Correcting
[24Aug2025 17:19:15.101] [Server thread/WARN] [net.minecraftforge.common.ForgeConfigSpec/CORE]: Incorrect key tagPreferences was corrected from null to its default, [minecraft, tconstruct, tmechworks, create, immersiveengineering, mekanism, thermal]. 
[24Aug2025 17:19:15.103] [Server thread/INFO] [net.minecraftforge.fml.config.ConfigFileTypeHandler/CONFIG]: Loading default config file from path C:\Alex's stuff\MinecraftServer\defaultconfigs\bucketlib-server.toml
[24Aug2025 17:19:15.107] [Server thread/WARN] [net.minecraftforge.common.ForgeConfigSpec/CORE]: Configuration file .\world\serverconfig\escalated-server.toml is not correct. Correcting
[24Aug2025 17:19:15.107] [Server thread/WARN] [net.minecraftforge.common.ForgeConfigSpec/CORE]: Incorrect key maxWalkwayLength was corrected from null to its default, 128. 
[24Aug2025 17:19:15.108] [Server thread/WARN] [net.minecraftforge.common.ForgeConfigSpec/CORE]: Incorrect key maxEscalatorHeight was corrected from null to its default, 32. 
[24Aug2025 17:19:15.108] [Server thread/WARN] [net.minecraftforge.common.ForgeConfigSpec/CORE]: Incorrect key maxWalkwayWidth was corrected from null to its default, 10. 
[24Aug2025 17:19:15.109] [Server thread/WARN] [net.minecraftforge.common.ForgeConfigSpec/CORE]: Incorrect key maxEscalatorWidth was corrected from null to its default, 10. 
[24Aug2025 17:19:15.110] [Server thread/WARN] [net.minecraftforge.common.ForgeConfigSpec/CORE]: Incorrect key divingBootsPreventWalkwayMotion was corrected from null to its default, false. 
[24Aug2025 17:19:15.111] [Server thread/WARN] [net.minecraftforge.common.ForgeConfigSpec/CORE]: Configuration file .\world\serverconfig\jei-server.toml is not correct. Correcting
[24Aug2025 17:19:15.112] [Server thread/WARN] [net.minecraftforge.common.ForgeConfigSpec/CORE]: Incorrect key cheat mode was corrected from null to its default, SimpleCommentedConfig:{}. 
[24Aug2025 17:19:15.112] [Server thread/WARN] [net.minecraftforge.common.ForgeConfigSpec/CORE]: Incorrect key cheat mode.enableCheatModeForOp was corrected from null to its default, true. 
[24Aug2025 17:19:15.112] [Server thread/WARN] [net.minecraftforge.common.ForgeConfigSpec/CORE]: Incorrect key cheat mode.enableCheatModeForCreative was corrected from null to its default, true. 
[24Aug2025 17:19:15.112] [Server thread/WARN] [net.minecraftforge.common.ForgeConfigSpec/CORE]: Incorrect key cheat mode.enableCheatModeForGive was corrected from null to its default, false. 
[24Aug2025 17:19:15.114] [Server thread/WARN] [net.minecraftforge.common.ForgeConfigSpec/CORE]: Configuration file .\world\serverconfig\immersiveengineering-server.toml is not correct. Correcting
[24Aug2025 17:19:15.114] [Server thread/WARN] [net.minecraftforge.common.ForgeConfigSpec/CORE]: Incorrect key wires was corrected from null to its default, SimpleCommentedConfig:{}. 
[24Aug2025 17:19:15.114] [Server thread/WARN] [net.minecraftforge.common.ForgeConfigSpec/CORE]: Incorrect key wires.sanitizeConnections was corrected from null to its default, false. 
[24Aug2025 17:19:15.114] [Server thread/WARN] [net.minecraftforge.common.ForgeConfigSpec/CORE]: Incorrect key wires.copper was corrected from null to its default, SimpleCommentedConfig:{}. 
[24Aug2025 17:19:15.114] [Server thread/WARN] [net.minecraftforge.common.ForgeConfigSpec/CORE]: Incorrect key wires.copper.maxLength was corrected from null to its default, 16. 
[24Aug2025 17:19:15.114] [Server thread/WARN] [net.minecraftforge.common.ForgeConfigSpec/CORE]: Incorrect key wires.copper.transferRate was corrected from null to its default, 2048. 
[24Aug2025 17:19:15.114] [Server thread/WARN] [net.minecraftforge.common.ForgeConfigSpec/CORE]: Incorrect key wires.copper.loss was corrected from null to its default, 0.05. 
[24Aug2025 17:19:15.114] [Server thread/WARN] [net.minecraftforge.common.ForgeConfigSpec/CORE]: Incorrect key wires.copper.wireConnectorInput was corrected from null to its default, 256. 
[24Aug2025 17:19:15.114] [Server thread/WARN] [net.minecraftforge.common.ForgeConfigSpec/CORE]: Incorrect key wires.electrum was corrected from null to its default, SimpleCommentedConfig:{}. 
[24Aug2025 17:19:15.114] [Server thread/WARN] [net.minecraftforge.common.ForgeConfigSpec/CORE]: Incorrect key wires.electrum.maxLength was corrected from null to its default, 16. 
[24Aug2025 17:19:15.114] [Server thread/WARN] [net.minecraftforge.common.ForgeConfigSpec/CORE]: Incorrect key wires.electrum.transferRate was corrected from null to its default, 8192. 
[24Aug2025 17:19:15.114] [Server thread/WARN] [net.minecraftforge.common.ForgeConfigSpec/CORE]: Incorrect key wires.electrum.loss was corrected from null to its default, 0.025. 
[24Aug2025 17:19:15.116] [Server thread/WARN] [net.minecraftforge.common.ForgeConfigSpec/CORE]: Incorrect key wires.electrum.wireConnectorInput was corrected from null to its default, 1024. 
[24Aug2025 17:19:15.116] [Server thread/WARN] [net.minecraftforge.common.ForgeConfigSpec/CORE]: Incorrect key wires.hv was corrected from null to its default, SimpleCommentedConfig:{}. 
[24Aug2025 17:19:15.116] [Server thread/WARN] [net.minecraftforge.common.ForgeConfigSpec/CORE]: Incorrect key wires.hv.maxLength was corrected from null to its default, 32. 
[24Aug2025 17:19:15.116] [Server thread/WARN] [net.minecraftforge.common.ForgeConfigSpec/CORE]: Incorrect key wires.hv.transferRate was corrected from null to its default, 32768. 
[24Aug2025 17:19:15.116] [Server thread/WARN] [net.minecraftforge.common.ForgeConfigSpec/CORE]: Incorrect key wires.hv.loss was corrected from null to its default, 0.025. 
[24Aug2025 17:19:15.116] [Server thread/WARN] [net.minecraftforge.common.ForgeConfigSpec/CORE]: Incorrect key wires.hv.wireConnectorInput was corrected from null to its default, 4096. 
[24Aug2025 17:19:15.116] [Server thread/WARN] [net.minecraftforge.common.ForgeConfigSpec/CORE]: Incorrect key wires.rope was corrected from null to its default, SimpleCommentedConfig:{}. 
[24Aug2025 17:19:15.116] [Server thread/WARN] [net.minecraftforge.common.ForgeConfigSpec/CORE]: Incorrect key wires.rope.maxLength was corrected from null to its default, 32. 
[24Aug2025 17:19:15.116] [Server thread/WARN] [net.minecraftforge.common.ForgeConfigSpec/CORE]: Incorrect key wires.cable was corrected from null to its default, SimpleCommentedConfig:{}. 
[24Aug2025 17:19:15.116] [Server thread/WARN] [net.minecraftforge.common.ForgeConfigSpec/CORE]: Incorrect key wires.cable.maxLength was corrected from null to its default, 32. 
[24Aug2025 17:19:15.116] [Server thread/WARN] [net.minecraftforge.common.ForgeConfigSpec/CORE]: Incorrect key wires.redstone was corrected from null to its default, SimpleCommentedConfig:{}. 
[24Aug2025 17:19:15.117] [Server thread/WARN] [net.minecraftforge.common.ForgeConfigSpec/CORE]: Incorrect key wires.redstone.maxLength was corrected from null to its default, 32. 
[24Aug2025 17:19:15.117] [Server thread/WARN] [net.minecraftforge.common.ForgeConfigSpec/CORE]: Incorrect key wires.insulated_copper was corrected from null to its default, SimpleCommentedConfig:{}. 
[24Aug2025 17:19:15.117] [Server thread/WARN] [net.minecraftforge.common.ForgeConfigSpec/CORE]: Incorrect key wires.insulated_copper.maxLength was corrected from null to its default, 16. 
[24Aug2025 17:19:15.117] [Server thread/WARN] [net.minecraftforge.common.ForgeConfigSpec/CORE]: Incorrect key wires.insulated_electrum was corrected from null to its default, SimpleCommentedConfig:{}. 
[24Aug2025 17:19:15.117] [Server thread/WARN] [net.minecraftforge.common.ForgeConfigSpec/CORE]: Incorrect key wires.insulated_electrum.maxLength was corrected from null to its default, 16. 
[24Aug2025 17:19:15.117] [Server thread/WARN] [net.minecraftforge.common.ForgeConfigSpec/CORE]: Incorrect key wires.enableWireDamage was corrected from null to its default, true. 
[24Aug2025 17:19:15.117] [Server thread/WARN] [net.minecraftforge.common.ForgeConfigSpec/CORE]: Incorrect key wires.blocksBreakWires was corrected from null to its default, true. 
[24Aug2025 17:19:15.120] [Server thread/WARN] [net.minecraftforge.common.ForgeConfigSpec/CORE]: Incorrect key machines was corrected from null to its default, SimpleCommentedConfig:{}. 
[24Aug2025 17:19:15.120] [Server thread/WARN] [net.minecraftforge.common.ForgeConfigSpec/CORE]: Incorrect key machines.capacitors was corrected from null to its default, SimpleCommentedConfig:{}. 
[24Aug2025 17:19:15.120] [Server thread/WARN] [net.minecraftforge.common.ForgeConfigSpec/CORE]: Incorrect key machines.capacitors.lv was corrected from null to its default, SimpleCommentedConfig:{}. 
[24Aug2025 17:19:15.120] [Server thread/WARN] [net.minecraftforge.common.ForgeConfigSpec/CORE]: Incorrect key machines.capacitors.lv.storage was corrected from null to its default, 100000. 
[24Aug2025 17:19:15.120] [Server thread/WARN] [net.minecraftforge.common.ForgeConfigSpec/CORE]: Incorrect key machines.capacitors.lv.input was corrected from null to its default, 256. 
[24Aug2025 17:19:15.120] [Server thread/WARN] [net.minecraftforge.common.ForgeConfigSpec/CORE]: Incorrect key machines.capacitors.lv.output was corrected from null to its default, 256. 
[24Aug2025 17:19:15.120] [Server thread/WARN] [net.minecraftforge.common.ForgeConfigSpec/CORE]: Incorrect key machines.capacitors.mv was corrected from null to its default, SimpleCommentedConfig:{}. 
[24Aug2025 17:19:15.120] [Server thread/WARN] [net.minecraftforge.common.ForgeConfigSpec/CORE]: Incorrect key machines.capacitors.mv.storage was corrected from null to its default, 1000000. 
[24Aug2025 17:19:15.120] [Server thread/WARN] [net.minecraftforge.common.ForgeConfigSpec/CORE]: Incorrect key machines.capacitors.mv.input was corrected from null to its default, 1024. 
[24Aug2025 17:19:15.120] [Server thread/WARN] [net.minecraftforge.common.ForgeConfigSpec/CORE]: Incorrect key machines.capacitors.mv.output was corrected from null to its default, 1024. 
[24Aug2025 17:19:15.120] [Server thread/WARN] [net.minecraftforge.common.ForgeConfigSpec/CORE]: Incorrect key machines.capacitors.hv was corrected from null to its default, SimpleCommentedConfig:{}. 
[24Aug2025 17:19:15.121] [Server thread/WARN] [net.minecraftforge.common.ForgeConfigSpec/CORE]: Incorrect key machines.capacitors.hv.storage was corrected from null to its default, 4000000. 
[24Aug2025 17:19:15.121] [Server thread/WARN] [net.minecraftforge.common.ForgeConfigSpec/CORE]: Incorrect key machines.capacitors.hv.input was corrected from null to its default, 4096. 
[24Aug2025 17:19:15.121] [Server thread/WARN] [net.minecraftforge.common.ForgeConfigSpec/CORE]: Incorrect key machines.capacitors.hv.output was corrected from null to its default, 4096. 
[24Aug2025 17:19:15.121] [Server thread/WARN] [net.minecraftforge.common.ForgeConfigSpec/CORE]: Incorrect key machines.dynamo_output was corrected from null to its default, 3.0. 
[24Aug2025 17:19:15.121] [Server thread/WARN] [net.minecraftforge.common.ForgeConfigSpec/CORE]: Incorrect key machines.thermoelectric_output was corrected from null to its default, 1.0. 
[24Aug2025 17:19:15.121] [Server thread/WARN] [net.minecraftforge.common.ForgeConfigSpec/CORE]: Incorrect key machines.lightning_output was corrected from null to its default, 16000000. 
[24Aug2025 17:19:15.121] [Server thread/WARN] [net.minecraftforge.common.ForgeConfigSpec/CORE]: Incorrect key machines.dieselGen_output was corrected from null to its default, 4096. 
[24Aug2025 17:19:15.121] [Server thread/WARN] [net.minecraftforge.common.ForgeConfigSpec/CORE]: Incorrect key machines.external_heater was corrected from null to its default, SimpleCommentedConfig:{}. 
[24Aug2025 17:19:15.121] [Server thread/WARN] [net.minecraftforge.common.ForgeConfigSpec/CORE]: Incorrect key machines.external_heater.consumption was corrected from null to its default, 8. 
[24Aug2025 17:19:15.121] [Server thread/WARN] [net.minecraftforge.common.ForgeConfigSpec/CORE]: Incorrect key machines.external_heater.speedupConsumption was corrected from null to its default, 24. 
[24Aug2025 17:19:15.121] [Server thread/WARN] [net.minecraftforge.common.ForgeConfigSpec/CORE]: Incorrect key machines.preheater_consumption was corrected from null to its default, 32. 
[24Aug2025 17:19:15.123] [Server thread/WARN] [net.minecraftforge.common.ForgeConfigSpec/CORE]: Incorrect key machines.coredrill was corrected from null to its default, SimpleCommentedConfig:{}. 
[24Aug2025 17:19:15.123] [Server thread/WARN] [net.minecraftforge.common.ForgeConfigSpec/CORE]: Incorrect key machines.coredrill.time was corrected from null to its default, 200. 
[24Aug2025 17:19:15.123] [Server thread/WARN] [net.minecraftforge.common.ForgeConfigSpec/CORE]: Incorrect key machines.coredrill.consumption was corrected from null to its default, 40. 
[24Aug2025 17:19:15.123] [Server thread/WARN] [net.minecraftforge.common.ForgeConfigSpec/CORE]: Incorrect key machines.pump was corrected from null to its default, SimpleCommentedConfig:{}. 
[24Aug2025 17:19:15.123] [Server thread/WARN] [net.minecraftforge.common.ForgeConfigSpec/CORE]: Incorrect key machines.pump.consumption was corrected from null to its default, 250. 
[24Aug2025 17:19:15.123] [Server thread/WARN] [net.minecraftforge.common.ForgeConfigSpec/CORE]: Incorrect key machines.pump.consumption_accelerate was corrected from null to its default, 5. 
[24Aug2025 17:19:15.123] [Server thread/WARN] [net.minecraftforge.common.ForgeConfigSpec/CORE]: Incorrect key machines.pump.placeCobble was corrected from null to its default, true. 
[24Aug2025 17:19:15.123] [Server thread/WARN] [net.minecraftforge.common.ForgeConfigSpec/CORE]: Incorrect key machines.charger_consumption was corrected from null to its default, 256. 
[24Aug2025 17:19:15.123] [Server thread/WARN] [net.minecraftforge.common.ForgeConfigSpec/CORE]: Incorrect key machines.teslacoil was corrected from null to its default, SimpleCommentedConfig:{}. 
[24Aug2025 17:19:15.123] [Server thread/WARN] [net.minecraftforge.common.ForgeConfigSpec/CORE]: Incorrect key machines.teslacoil.consumption was corrected from null to its default, 256. 
[24Aug2025 17:19:15.123] [Server thread/WARN] [net.minecraftforge.common.ForgeConfigSpec/CORE]: Incorrect key machines.teslacoil.consumption_active was corrected from null to its default, 512. 
[24Aug2025 17:19:15.123] [Server thread/WARN] [net.minecraftforge.common.ForgeConfigSpec/CORE]: Incorrect key machines.teslacoil.damage was corrected from null to its default, 6.0. 
[24Aug2025 17:19:15.123] [Server thread/WARN] [net.minecraftforge.common.ForgeConfigSpec/CORE]: Incorrect key machines.turret was corrected from null to its default, SimpleCommentedConfig:{}. 
[24Aug2025 17:19:15.123] [Server thread/WARN] [net.minecraftforge.common.ForgeConfigSpec/CORE]: Incorrect key machines.turret.consumption was corrected from null to its default, 64. 
[24Aug2025 17:19:15.123] [Server thread/WARN] [net.minecraftforge.common.ForgeConfigSpec/CORE]: Incorrect key machines.turret.chem_consumption was corrected from null to its default, 32. 
[24Aug2025 17:19:15.124] [Server thread/WARN] [net.minecraftforge.common.ForgeConfigSpec/CORE]: Incorrect key machines.turret.gun_consumption was corrected from null to its default, 32. 
[24Aug2025 17:19:15.124] [Server thread/WARN] [net.minecraftforge.common.ForgeConfigSpec/CORE]: Incorrect key machines.garden_cloche was corrected from null to its default, SimpleCommentedConfig:{}. 
[24Aug2025 17:19:15.124] [Server thread/WARN] [net.minecraftforge.common.ForgeConfigSpec/CORE]: Incorrect key machines.garden_cloche.consumption was corrected from null to its default, 8. 
[24Aug2025 17:19:15.124] [Server thread/WARN] [net.minecraftforge.common.ForgeConfigSpec/CORE]: Incorrect key machines.garden_cloche.fertilizer was corrected from null to its default, 6000. 
[24Aug2025 17:19:15.124] [Server thread/WARN] [net.minecraftforge.common.ForgeConfigSpec/CORE]: Incorrect key machines.garden_cloche.fluid was corrected from null to its default, 250. 
[24Aug2025 17:19:15.124] [Server thread/WARN] [net.minecraftforge.common.ForgeConfigSpec/CORE]: Incorrect key machines.garden_cloche.growth_modifier was corrected from null to its default, 1.0. 
[24Aug2025 17:19:15.124] [Server thread/WARN] [net.minecraftforge.common.ForgeConfigSpec/CORE]: Incorrect key machines.lantern was corrected from null to its default, SimpleCommentedConfig:{}. 
[24Aug2025 17:19:15.124] [Server thread/WARN] [net.minecraftforge.common.ForgeConfigSpec/CORE]: Incorrect key machines.lantern.spawnPrevent was corrected from null to its default, true. 
[24Aug2025 17:19:15.124] [Server thread/WARN] [net.minecraftforge.common.ForgeConfigSpec/CORE]: Incorrect key machines.lantern.energyDraw was corrected from null to its default, 1. 
[24Aug2025 17:19:15.124] [Server thread/WARN] [net.minecraftforge.common.ForgeConfigSpec/CORE]: Incorrect key machines.lantern.maxStorage was corrected from null to its default, 10. 
[24Aug2025 17:19:15.124] [Server thread/WARN] [net.minecraftforge.common.ForgeConfigSpec/CORE]: Incorrect key machines.floodlight was corrected from null to its default, SimpleCommentedConfig:{}. 
[24Aug2025 17:19:15.124] [Server thread/WARN] [net.minecraftforge.common.ForgeConfigSpec/CORE]: Incorrect key machines.floodlight.spawnPrevent was corrected from null to its default, true. 
[24Aug2025 17:19:15.124] [Server thread/WARN] [net.minecraftforge.common.ForgeConfigSpec/CORE]: Incorrect key machines.floodlight.energyDraw was corrected from null to its default, 5. 
[24Aug2025 17:19:15.124] [Server thread/WARN] [net.minecraftforge.common.ForgeConfigSpec/CORE]: Incorrect key machines.floodlight.max_storage was corrected from null to its default, 80. 
[24Aug2025 17:19:15.124] [Server thread/WARN] [net.minecraftforge.common.ForgeConfigSpec/CORE]: Incorrect key machines.metal_press was corrected from null to its default, SimpleCommentedConfig:{}. 
[24Aug2025 17:19:15.124] [Server thread/WARN] [net.minecraftforge.common.ForgeConfigSpec/CORE]: Incorrect key machines.metal_press.energyModifier was corrected from null to its default, 1.0. 
[24Aug2025 17:19:15.125] [Server thread/WARN] [net.minecraftforge.common.ForgeConfigSpec/CORE]: Incorrect key machines.metal_press.timeModifier was corrected from null to its default, 1.0. 
[24Aug2025 17:19:15.125] [Server thread/WARN] [net.minecraftforge.common.ForgeConfigSpec/CORE]: Incorrect key machines.crusher was corrected from null to its default, SimpleCommentedConfig:{}. 
[24Aug2025 17:19:15.125] [Server thread/WARN] [net.minecraftforge.common.ForgeConfigSpec/CORE]: Incorrect key machines.crusher.energyModifier was corrected from null to its default, 1.0. 
[24Aug2025 17:19:15.125] [Server thread/WARN] [net.minecraftforge.common.ForgeConfigSpec/CORE]: Incorrect key machines.crusher.timeModifier was corrected from null to its default, 1.0. 
[24Aug2025 17:19:15.125] [Server thread/WARN] [net.minecraftforge.common.ForgeConfigSpec/CORE]: Incorrect key machines.squeezer was corrected from null to its default, SimpleCommentedConfig:{}. 
[24Aug2025 17:19:15.125] [Server thread/WARN] [net.minecraftforge.common.ForgeConfigSpec/CORE]: Incorrect key machines.squeezer.energyModifier was corrected from null to its default, 1.0. 
[24Aug2025 17:19:15.125] [Server thread/WARN] [net.minecraftforge.common.ForgeConfigSpec/CORE]: Incorrect key machines.squeezer.timeModifier was corrected from null to its default, 1.0. 
[24Aug2025 17:19:15.125] [Server thread/WARN] [net.minecraftforge.common.ForgeConfigSpec/CORE]: Incorrect key machines.fermenter was corrected from null to its default, SimpleCommentedConfig:{}. 
[24Aug2025 17:19:15.125] [Server thread/WARN] [net.minecraftforge.common.ForgeConfigSpec/CORE]: Incorrect key machines.fermenter.energyModifier was corrected from null to its default, 1.0. 
[24Aug2025 17:19:15.125] [Server thread/WARN] [net.minecraftforge.common.ForgeConfigSpec/CORE]: Incorrect key machines.fermenter.timeModifier was corrected from null to its default, 1.0. 
[24Aug2025 17:19:15.126] [Server thread/WARN] [net.minecraftforge.common.ForgeConfigSpec/CORE]: Incorrect key machines.refinery was corrected from null to its default, SimpleCommentedConfig:{}. 
[24Aug2025 17:19:15.126] [Server thread/WARN] [net.minecraftforge.common.ForgeConfigSpec/CORE]: Incorrect key machines.refinery.energyModifier was corrected from null to its default, 1.0. 
[24Aug2025 17:19:15.126] [Server thread/WARN] [net.minecraftforge.common.ForgeConfigSpec/CORE]: Incorrect key machines.auto_workbench was corrected from null to its default, SimpleCommentedConfig:{}. 
[24Aug2025 17:19:15.126] [Server thread/WARN] [net.minecraftforge.common.ForgeConfigSpec/CORE]: Incorrect key machines.auto_workbench.energyModifier was corrected from null to its default, 1.0. 
[24Aug2025 17:19:15.126] [Server thread/WARN] [net.minecraftforge.common.ForgeConfigSpec/CORE]: Incorrect key machines.auto_workbench.timeModifier was corrected from null to its default, 1.0. 
[24Aug2025 17:19:15.126] [Server thread/WARN] [net.minecraftforge.common.ForgeConfigSpec/CORE]: Incorrect key machines.bottling_machine was corrected from null to its default, SimpleCommentedConfig:{}. 
[24Aug2025 17:19:15.126] [Server thread/WARN] [net.minecraftforge.common.ForgeConfigSpec/CORE]: Incorrect key machines.bottling_machine.energyModifier was corrected from null to its default, 1.0. 
[24Aug2025 17:19:15.126] [Server thread/WARN] [net.minecraftforge.common.ForgeConfigSpec/CORE]: Incorrect key machines.bottling_machine.timeModifier was corrected from null to its default, 1.0. 
[24Aug2025 17:19:15.126] [Server thread/WARN] [net.minecraftforge.common.ForgeConfigSpec/CORE]: Incorrect key machines.mixer was corrected from null to its default, SimpleCommentedConfig:{}. 
[24Aug2025 17:19:15.126] [Server thread/WARN] [net.minecraftforge.common.ForgeConfigSpec/CORE]: Incorrect key machines.mixer.energyModifier was corrected from null to its default, 1.0. 
[24Aug2025 17:19:15.126] [Server thread/WARN] [net.minecraftforge.common.ForgeConfigSpec/CORE]: Incorrect key machines.mixer.timeModifier was corrected from null to its default, 1.0. 
[24Aug2025 17:19:15.126] [Server thread/WARN] [net.minecraftforge.common.ForgeConfigSpec/CORE]: Incorrect key machines.sawmill was corrected from null to its default, SimpleCommentedConfig:{}. 
[24Aug2025 17:19:15.126] [Server thread/WARN] [net.minecraftforge.common.ForgeConfigSpec/CORE]: Incorrect key machines.sawmill.energyModifier was corrected from null to its default, 1.0. 
[24Aug2025 17:19:15.126] [Server thread/WARN] [net.minecraftforge.common.ForgeConfigSpec/CORE]: Incorrect key machines.sawmill.timeModifier was corrected from null to its default, 1.0. 
[24Aug2025 17:19:15.127] [Server thread/WARN] [net.minecraftforge.common.ForgeConfigSpec/CORE]: Incorrect key machines.sawmill_bladeDamage was corrected from null to its default, 5. 
[24Aug2025 17:19:15.127] [Server thread/WARN] [net.minecraftforge.common.ForgeConfigSpec/CORE]: Incorrect key machines.arc_furnace was corrected from null to its default, SimpleCommentedConfig:{}. 
[24Aug2025 17:19:15.127] [Server thread/WARN] [net.minecraftforge.common.ForgeConfigSpec/CORE]: Incorrect key machines.arc_furnace.energyModifier was corrected from null to its default, 1.0. 
[24Aug2025 17:19:15.127] [Server thread/WARN] [net.minecraftforge.common.ForgeConfigSpec/CORE]: Incorrect key machines.arc_furnace.timeModifier was corrected from null to its default, 1.0. 
[24Aug2025 17:19:15.127] [Server thread/WARN] [net.minecraftforge.common.ForgeConfigSpec/CORE]: Incorrect key machines.arc_furnace.electrodeDamage was corrected from null to its default, 96000. 
[24Aug2025 17:19:15.127] [Server thread/WARN] [net.minecraftforge.common.ForgeConfigSpec/CORE]: Incorrect key machines.arc_furnace.recycle was corrected from null to its default, . 
[24Aug2025 17:19:15.127] [Server thread/WARN] [net.minecraftforge.common.ForgeConfigSpec/CORE]: Incorrect key machines.assembler_consumption was corrected from null to its default, 80. 
[24Aug2025 17:19:15.127] [Server thread/WARN] [net.minecraftforge.common.ForgeConfigSpec/CORE]: Incorrect key machines.excavator was corrected from null to its default, SimpleCommentedConfig:{}. 
[24Aug2025 17:19:15.127] [Server thread/WARN] [net.minecraftforge.common.ForgeConfigSpec/CORE]: Incorrect key machines.excavator.consumption was corrected from null to its default, 4096. 
[24Aug2025 17:19:15.127] [Server thread/WARN] [net.minecraftforge.common.ForgeConfigSpec/CORE]: Incorrect key machines.excavator.speed was corrected from null to its default, 1.0. 
[24Aug2025 17:19:15.127] [Server thread/WARN] [net.minecraftforge.common.ForgeConfigSpec/CORE]: Incorrect key machines.excavator.particles was corrected from null to its default, true. 
[24Aug2025 17:19:15.127] [Server thread/WARN] [net.minecraftforge.common.ForgeConfigSpec/CORE]: Incorrect key machines.excavator.chance was corrected from null to its default, 0.9. 
[24Aug2025 17:19:15.127] [Server thread/WARN] [net.minecraftforge.common.ForgeConfigSpec/CORE]: Incorrect key machines.excavator.yield was corrected from null to its default, 38400. 
[24Aug2025 17:19:15.127] [Server thread/WARN] [net.minecraftforge.common.ForgeConfigSpec/CORE]: Incorrect key machines.excavator.initial_depletion was corrected from null to its default, 0.2. 
[24Aug2025 17:19:15.128] [Server thread/WARN] [net.minecraftforge.common.ForgeConfigSpec/CORE]: Incorrect key ores was corrected from null to its default, SimpleCommentedConfig:{}. 
[24Aug2025 17:19:15.128] [Server thread/WARN] [net.minecraftforge.common.ForgeConfigSpec/CORE]: Incorrect key ores.bauxite was corrected from null to its default, SimpleCommentedConfig:{}. 
[24Aug2025 17:19:15.128] [Server thread/WARN] [net.minecraftforge.common.ForgeConfigSpec/CORE]: Incorrect key ores.bauxite.distribution was corrected from null to its default, TRAPEZOID. 
[24Aug2025 17:19:15.128] [Server thread/WARN] [net.minecraftforge.common.ForgeConfigSpec/CORE]: Incorrect key ores.bauxite.air_exposure was corrected from null to its default, 0.0. 
[24Aug2025 17:19:15.128] [Server thread/WARN] [net.minecraftforge.common.ForgeConfigSpec/CORE]: Incorrect key ores.bauxite.vein_size was corrected from null to its default, 6. 
[24Aug2025 17:19:15.128] [Server thread/WARN] [net.minecraftforge.common.ForgeConfigSpec/CORE]: Incorrect key ores.bauxite.min_y was corrected from null to its default, 32. 
[24Aug2025 17:19:15.128] [Server thread/WARN] [net.minecraftforge.common.ForgeConfigSpec/CORE]: Incorrect key ores.bauxite.max_y was corrected from null to its default, 112. 
[24Aug2025 17:19:15.128] [Server thread/WARN] [net.minecraftforge.common.ForgeConfigSpec/CORE]: Incorrect key ores.bauxite.attempts_per_chunk was corrected from null to its default, 16. 
[24Aug2025 17:19:15.128] [Server thread/WARN] [net.minecraftforge.common.ForgeConfigSpec/CORE]: Incorrect key ores.bauxite.retrogen_enable was corrected from null to its default, false. 
[24Aug2025 17:19:15.128] [Server thread/WARN] [net.minecraftforge.common.ForgeConfigSpec/CORE]: Incorrect key ores.lead was corrected from null to its default, SimpleCommentedConfig:{}. 
[24Aug2025 17:19:15.128] [Server thread/WARN] [net.minecraftforge.common.ForgeConfigSpec/CORE]: Incorrect key ores.lead.distribution was corrected from null to its default, TRAPEZOID. 
[24Aug2025 17:19:15.130] [Server thread/WARN] [net.minecraftforge.common.ForgeConfigSpec/CORE]: Incorrect key ores.lead.air_exposure was corrected from null to its default, 0.0. 
[24Aug2025 17:19:15.130] [Server thread/WARN] [net.minecraftforge.common.ForgeConfigSpec/CORE]: Incorrect key ores.lead.vein_size was corrected from null to its default, 8. 
[24Aug2025 17:19:15.130] [Server thread/WARN] [net.minecraftforge.common.ForgeConfigSpec/CORE]: Incorrect key ores.lead.min_y was corrected from null to its default, -32. 
[24Aug2025 17:19:15.130] [Server thread/WARN] [net.minecraftforge.common.ForgeConfigSpec/CORE]: Incorrect key ores.lead.max_y was corrected from null to its default, 80. 
[24Aug2025 17:19:15.130] [Server thread/WARN] [net.minecraftforge.common.ForgeConfigSpec/CORE]: Incorrect key ores.lead.attempts_per_chunk was corrected from null to its default, 12. 
[24Aug2025 17:19:15.130] [Server thread/WARN] [net.minecraftforge.common.ForgeConfigSpec/CORE]: Incorrect key ores.lead.retrogen_enable was corrected from null to its default, false. 
[24Aug2025 17:19:15.130] [Server thread/WARN] [net.minecraftforge.common.ForgeConfigSpec/CORE]: Incorrect key ores.silver was corrected from null to its default, SimpleCommentedConfig:{}. 
[24Aug2025 17:19:15.130] [Server thread/WARN] [net.minecraftforge.common.ForgeConfigSpec/CORE]: Incorrect key ores.silver.distribution was corrected from null to its default, TRAPEZOID. 
[24Aug2025 17:19:15.130] [Server thread/WARN] [net.minecraftforge.common.ForgeConfigSpec/CORE]: Incorrect key ores.silver.air_exposure was corrected from null to its default, 0.25. 
[24Aug2025 17:19:15.130] [Server thread/WARN] [net.minecraftforge.common.ForgeConfigSpec/CORE]: Incorrect key ores.silver.vein_size was corrected from null to its default, 9. 
[24Aug2025 17:19:15.130] [Server thread/WARN] [net.minecraftforge.common.ForgeConfigSpec/CORE]: Incorrect key ores.silver.min_y was corrected from null to its default, -48. 
[24Aug2025 17:19:15.130] [Server thread/WARN] [net.minecraftforge.common.ForgeConfigSpec/CORE]: Incorrect key ores.silver.max_y was corrected from null to its default, 32. 
[24Aug2025 17:19:15.130] [Server thread/WARN] [net.minecraftforge.common.ForgeConfigSpec/CORE]: Incorrect key ores.silver.attempts_per_chunk was corrected from null to its default, 10. 
[24Aug2025 17:19:15.130] [Server thread/WARN] [net.minecraftforge.common.ForgeConfigSpec/CORE]: Incorrect key ores.silver.retrogen_enable was corrected from null to its default, false. 
[24Aug2025 17:19:15.131] [Server thread/WARN] [net.minecraftforge.common.ForgeConfigSpec/CORE]: Incorrect key ores.nickel was corrected from null to its default, SimpleCommentedConfig:{}. 
[24Aug2025 17:19:15.131] [Server thread/WARN] [net.minecraftforge.common.ForgeConfigSpec/CORE]: Incorrect key ores.nickel.distribution was corrected from null to its default, UNIFORM. 
[24Aug2025 17:19:15.131] [Server thread/WARN] [net.minecraftforge.common.ForgeConfigSpec/CORE]: Incorrect key ores.nickel.air_exposure was corrected from null to its default, 0.0. 
[24Aug2025 17:19:15.131] [Server thread/WARN] [net.minecraftforge.common.ForgeConfigSpec/CORE]: Incorrect key ores.nickel.vein_size was corrected from null to its default, 5. 
[24Aug2025 17:19:15.131] [Server thread/WARN] [net.minecraftforge.common.ForgeConfigSpec/CORE]: Incorrect key ores.nickel.min_y was corrected from null to its default, -64. 
[24Aug2025 17:19:15.131] [Server thread/WARN] [net.minecraftforge.common.ForgeConfigSpec/CORE]: Incorrect key ores.nickel.max_y was corrected from null to its default, 24. 
[24Aug2025 17:19:15.131] [Server thread/WARN] [net.minecraftforge.common.ForgeConfigSpec/CORE]: Incorrect key ores.nickel.attempts_per_chunk was corrected from null to its default, 7. 
[24Aug2025 17:19:15.131] [Server thread/WARN] [net.minecraftforge.common.ForgeConfigSpec/CORE]: Incorrect key ores.nickel.retrogen_enable was corrected from null to its default, false. 
[24Aug2025 17:19:15.131] [Server thread/WARN] [net.minecraftforge.common.ForgeConfigSpec/CORE]: Incorrect key ores.deep_nickel was corrected from null to its default, SimpleCommentedConfig:{}. 
[24Aug2025 17:19:15.132] [Server thread/WARN] [net.minecraftforge.common.ForgeConfigSpec/CORE]: Incorrect key ores.deep_nickel.distribution was corrected from null to its default, TRAPEZOID. 
[24Aug2025 17:19:15.132] [Server thread/WARN] [net.minecraftforge.common.ForgeConfigSpec/CORE]: Incorrect key ores.deep_nickel.air_exposure was corrected from null to its default, 0.0. 
[24Aug2025 17:19:15.132] [Server thread/WARN] [net.minecraftforge.common.ForgeConfigSpec/CORE]: Incorrect key ores.deep_nickel.vein_size was corrected from null to its default, 6. 
[24Aug2025 17:19:15.132] [Server thread/WARN] [net.minecraftforge.common.ForgeConfigSpec/CORE]: Incorrect key ores.deep_nickel.min_y was corrected from null to its default, -120. 
[24Aug2025 17:19:15.132] [Server thread/WARN] [net.minecraftforge.common.ForgeConfigSpec/CORE]: Incorrect key ores.deep_nickel.max_y was corrected from null to its default, -8. 
[24Aug2025 17:19:15.132] [Server thread/WARN] [net.minecraftforge.common.ForgeConfigSpec/CORE]: Incorrect key ores.deep_nickel.attempts_per_chunk was corrected from null to its default, 11. 
[24Aug2025 17:19:15.132] [Server thread/WARN] [net.minecraftforge.common.ForgeConfigSpec/CORE]: Incorrect key ores.deep_nickel.retrogen_enable was corrected from null to its default, false. 
[24Aug2025 17:19:15.132] [Server thread/WARN] [net.minecraftforge.common.ForgeConfigSpec/CORE]: Incorrect key ores.uranium was corrected from null to its default, SimpleCommentedConfig:{}. 
[24Aug2025 17:19:15.132] [Server thread/WARN] [net.minecraftforge.common.ForgeConfigSpec/CORE]: Incorrect key ores.uranium.distribution was corrected from null to its default, TRAPEZOID. 
[24Aug2025 17:19:15.132] [Server thread/WARN] [net.minecraftforge.common.ForgeConfigSpec/CORE]: Incorrect key ores.uranium.air_exposure was corrected from null to its default, 0.5. 
[24Aug2025 17:19:15.132] [Server thread/WARN] [net.minecraftforge.common.ForgeConfigSpec/CORE]: Incorrect key ores.uranium.vein_size was corrected from null to its default, 4. 
[24Aug2025 17:19:15.132] [Server thread/WARN] [net.minecraftforge.common.ForgeConfigSpec/CORE]: Incorrect key ores.uranium.min_y was corrected from null to its default, -64. 
[24Aug2025 17:19:15.132] [Server thread/WARN] [net.minecraftforge.common.ForgeConfigSpec/CORE]: Incorrect key ores.uranium.max_y was corrected from null to its default, -16. 
[24Aug2025 17:19:15.132] [Server thread/WARN] [net.minecraftforge.common.ForgeConfigSpec/CORE]: Incorrect key ores.uranium.attempts_per_chunk was corrected from null to its default, 9. 
[24Aug2025 17:19:15.133] [Server thread/WARN] [net.minecraftforge.common.ForgeConfigSpec/CORE]: Incorrect key ores.uranium.retrogen_enable was corrected from null to its default, false. 
[24Aug2025 17:19:15.133] [Server thread/WARN] [net.minecraftforge.common.ForgeConfigSpec/CORE]: Incorrect key ores.retrogen_key was corrected from null to its default, DEFAULT. 
[24Aug2025 17:19:15.133] [Server thread/WARN] [net.minecraftforge.common.ForgeConfigSpec/CORE]: Incorrect key ores.retrogen_log_flagChunk was corrected from null to its default, true. 
[24Aug2025 17:19:15.133] [Server thread/WARN] [net.minecraftforge.common.ForgeConfigSpec/CORE]: Incorrect key ores.retrogen_log_remaining was corrected from null to its default, true. 
[24Aug2025 17:19:15.134] [Server thread/WARN] [net.minecraftforge.common.ForgeConfigSpec/CORE]: Incorrect key tools was corrected from null to its default, SimpleCommentedConfig:{}. 
[24Aug2025 17:19:15.134] [Server thread/WARN] [net.minecraftforge.common.ForgeConfigSpec/CORE]: Incorrect key tools.hammer_durability was corrected from null to its default, 100. 
[24Aug2025 17:19:15.134] [Server thread/WARN] [net.minecraftforge.common.ForgeConfigSpec/CORE]: Incorrect key tools.cutter_durability was corrected from null to its default, 250. 
[24Aug2025 17:19:15.135] [Server thread/WARN] [net.minecraftforge.common.ForgeConfigSpec/CORE]: Incorrect key tools.bullet_damage was corrected from null to its default, SimpleCommentedConfig:{}. 
[24Aug2025 17:19:15.135] [Server thread/WARN] [net.minecraftforge.common.ForgeConfigSpec/CORE]: Incorrect key tools.bullet_damage.casull was corrected from null to its default, 10.0. 
[24Aug2025 17:19:15.135] [Server thread/WARN] [net.minecraftforge.common.ForgeConfigSpec/CORE]: Incorrect key tools.bullet_damage.ap was corrected from null to its default, 10.0. 
[24Aug2025 17:19:15.135] [Server thread/WARN] [net.minecraftforge.common.ForgeConfigSpec/CORE]: Incorrect key tools.bullet_damage.buck was corrected from null to its default, 2.0. 
[24Aug2025 17:19:15.135] [Server thread/WARN] [net.minecraftforge.common.ForgeConfigSpec/CORE]: Incorrect key tools.bullet_damage.dragon was corrected from null to its default, 1.0. 
[24Aug2025 17:19:15.135] [Server thread/WARN] [net.minecraftforge.common.ForgeConfigSpec/CORE]: Incorrect key tools.bullet_damage.homing was corrected from null to its default, 10.0. 
[24Aug2025 17:19:15.135] [Server thread/WARN] [net.minecraftforge.common.ForgeConfigSpec/CORE]: Incorrect key tools.bullet_damage.wolfpack was corrected from null to its default, 4.0. 
[24Aug2025 17:19:15.135] [Server thread/WARN] [net.minecraftforge.common.ForgeConfigSpec/CORE]: Incorrect key tools.bullet_damage.wolfpack_part was corrected from null to its default, 8.0. 
[24Aug2025 17:19:15.136] [Server thread/WARN] [net.minecraftforge.common.ForgeConfigSpec/CORE]: Incorrect key tools.bullet_damage.silver was corrected from null to its default, 10.0. 
[24Aug2025 17:19:15.136] [Server thread/WARN] [net.minecraftforge.common.ForgeConfigSpec/CORE]: Incorrect key tools.bullet_damage.phial was corrected from null to its default, 1.0. 
[24Aug2025 17:19:15.136] [Server thread/WARN] [net.minecraftforge.common.ForgeConfigSpec/CORE]: Incorrect key tools.chemthrower was corrected from null to its default, SimpleCommentedConfig:{}. 
[24Aug2025 17:19:15.136] [Server thread/WARN] [net.minecraftforge.common.ForgeConfigSpec/CORE]: Incorrect key tools.chemthrower.consumption was corrected from null to its default, 10. 
[24Aug2025 17:19:15.136] [Server thread/WARN] [net.minecraftforge.common.ForgeConfigSpec/CORE]: Incorrect key tools.chemthrower.scroll was corrected from null to its default, true. 
[24Aug2025 17:19:15.136] [Server thread/WARN] [net.minecraftforge.common.ForgeConfigSpec/CORE]: Incorrect key tools.railgun was corrected from null to its default, SimpleCommentedConfig:{}. 
[24Aug2025 17:19:15.136] [Server thread/WARN] [net.minecraftforge.common.ForgeConfigSpec/CORE]: Incorrect key tools.railgun.consumption was corrected from null to its default, 800. 
[24Aug2025 17:19:15.136] [Server thread/WARN] [net.minecraftforge.common.ForgeConfigSpec/CORE]: Incorrect key tools.railgun.damage_modifier was corrected from null to its default, 1.0. 
[24Aug2025 17:19:15.140] [Server thread/WARN] [net.minecraftforge.common.ForgeConfigSpec/CORE]: Configuration file .\world\serverconfig\create_enchantment_industry-server.toml is not correct. Correcting
[24Aug2025 17:19:15.140] [Server thread/WARN] [net.minecraftforge.common.ForgeConfigSpec/CORE]: Incorrect key disenchanterTankCapacity was corrected from null to its default, 1000. 
[24Aug2025 17:19:15.141] [Server thread/WARN] [net.minecraftforge.common.ForgeConfigSpec/CORE]: Incorrect key copierTankCapacity was corrected from null to its default, 4000. 
[24Aug2025 17:19:15.142] [Server thread/WARN] [net.minecraftforge.common.ForgeConfigSpec/CORE]: Incorrect key blazeEnchanterTankCapacity was corrected from null to its default, 2000. 
[24Aug2025 17:19:15.142] [Server thread/WARN] [net.minecraftforge.common.ForgeConfigSpec/CORE]: Incorrect key maxHyperEnchantingLevelExtension was corrected from null to its default, 2. 
[24Aug2025 17:19:15.143] [Server thread/WARN] [net.minecraftforge.common.ForgeConfigSpec/CORE]: Incorrect key deployerXpDropChance was corrected from null to its default, 1.0. 
[24Aug2025 17:19:15.143] [Server thread/WARN] [net.minecraftforge.common.ForgeConfigSpec/CORE]: Incorrect key enableHyperEnchant was corrected from null to its default, true. 
[24Aug2025 17:19:15.144] [Server thread/WARN] [net.minecraftforge.common.ForgeConfigSpec/CORE]: Incorrect key enchantByBlazeEnchanterCostCoefficient was corrected from null to its default, 1.0. 
[24Aug2025 17:19:15.144] [Server thread/WARN] [net.minecraftforge.common.ForgeConfigSpec/CORE]: Incorrect key hyperEnchantByBlazeEnchanterCostCoefficient was corrected from null to its default, 1.0. 
[24Aug2025 17:19:15.146] [Server thread/WARN] [net.minecraftforge.common.ForgeConfigSpec/CORE]: Incorrect key copyEnchantedBookCostCoefficient was corrected from null to its default, 1.0. 
[24Aug2025 17:19:15.146] [Server thread/WARN] [net.minecraftforge.common.ForgeConfigSpec/CORE]: Incorrect key copyEnchantedBookWithHyperExperienceCostCoefficient was corrected from null to its default, 1.0. 
[24Aug2025 17:19:15.148] [Server thread/WARN] [net.minecraftforge.common.ForgeConfigSpec/CORE]: Incorrect key copyWrittenBookCostPerPage was corrected from null to its default, 5. 
[24Aug2025 17:19:15.148] [Server thread/WARN] [net.minecraftforge.common.ForgeConfigSpec/CORE]: Incorrect key copyNameTagCost was corrected from null to its default, 7. 
[24Aug2025 17:19:15.149] [Server thread/WARN] [net.minecraftforge.common.ForgeConfigSpec/CORE]: Incorrect key copyTrainScheduleCost was corrected from null to its default, 10. 
[24Aug2025 17:19:15.149] [Server thread/WARN] [net.minecraftforge.common.ForgeConfigSpec/CORE]: Incorrect key copyClipboardCost was corrected from null to its default, 10. 
[24Aug2025 17:19:15.150] [Server thread/WARN] [net.minecraftforge.common.ForgeConfigSpec/CORE]: Incorrect key crushingWheelDropExpRate was corrected from null to its default, 0.30000001192092896. 
[24Aug2025 17:19:15.151] [Server thread/WARN] [net.minecraftforge.common.ForgeConfigSpec/CORE]: Incorrect key crushingWheelDropExpScale was corrected from null to its default, 0.3400000035762787. 
[24Aug2025 17:19:15.151] [Server thread/WARN] [net.minecraftforge.common.ForgeConfigSpec/CORE]: Incorrect key copyingWrittenBookAlwaysGetOriginalVersion was corrected from null to its default, true. 
[24Aug2025 17:19:15.155] [Server thread/WARN] [net.minecraftforge.common.ForgeConfigSpec/CORE]: Configuration file .\world\serverconfig\copycats-server.toml is not correct. Correcting
[24Aug2025 17:19:15.156] [Server thread/WARN] [net.minecraftforge.common.ForgeConfigSpec/CORE]: Incorrect key stressValues was corrected from null to its default, SimpleCommentedConfig:{}. 
[24Aug2025 17:19:15.156] [Server thread/WARN] [net.minecraftforge.common.ForgeConfigSpec/CORE]: Incorrect key stressValues.v1 was corrected from null to its default, SimpleCommentedConfig:{}. 
[24Aug2025 17:19:15.156] [Server thread/WARN] [net.minecraftforge.common.ForgeConfigSpec/CORE]: Incorrect key stressValues.v1.impact was corrected from null to its default, SimpleCommentedConfig:{}. 
[24Aug2025 17:19:15.156] [Server thread/WARN] [net.minecraftforge.common.ForgeConfigSpec/CORE]: Incorrect key stressValues.v1.impact.copycat_cogwheel was corrected from null to its default, 0.0. 
[24Aug2025 17:19:15.156] [Server thread/WARN] [net.minecraftforge.common.ForgeConfigSpec/CORE]: Incorrect key stressValues.v1.impact.copycat_large_cogwheel was corrected from null to its default, 0.0. 
[24Aug2025 17:19:15.156] [Server thread/WARN] [net.minecraftforge.common.ForgeConfigSpec/CORE]: Incorrect key stressValues.v1.impact.copycat_shaft was corrected from null to its default, 0.0. 
[24Aug2025 17:19:15.203] [Server thread/WARN] [net.minecraftforge.common.ForgeConfigSpec/CORE]: Configuration file .\world\serverconfig\create-server.toml is not correct. Correcting
[24Aug2025 17:19:15.204] [Server thread/WARN] [net.minecraftforge.common.ForgeConfigSpec/CORE]: Incorrect key infrastructure was corrected from null to its default, SimpleCommentedConfig:{}. 
[24Aug2025 17:19:15.204] [Server thread/WARN] [net.minecraftforge.common.ForgeConfigSpec/CORE]: Incorrect key infrastructure.tickrateSyncTimer was corrected from null to its default, 20. 
[24Aug2025 17:19:15.205] [Server thread/WARN] [net.minecraftforge.common.ForgeConfigSpec/CORE]: Incorrect key recipes was corrected from null to its default, SimpleCommentedConfig:{}. 
[24Aug2025 17:19:15.205] [Server thread/WARN] [net.minecraftforge.common.ForgeConfigSpec/CORE]: Incorrect key recipes.bulkPressing was corrected from null to its default, false. 
[24Aug2025 17:19:15.205] [Server thread/WARN] [net.minecraftforge.common.ForgeConfigSpec/CORE]: Incorrect key recipes.bulkCutting was corrected from null to its default, false. 
[24Aug2025 17:19:15.205] [Server thread/WARN] [net.minecraftforge.common.ForgeConfigSpec/CORE]: Incorrect key recipes.allowBrewingInMixer was corrected from null to its default, true. 
[24Aug2025 17:19:15.205] [Server thread/WARN] [net.minecraftforge.common.ForgeConfigSpec/CORE]: Incorrect key recipes.allowShapelessInMixer was corrected from null to its default, true. 
[24Aug2025 17:19:15.205] [Server thread/WARN] [net.minecraftforge.common.ForgeConfigSpec/CORE]: Incorrect key recipes.allowShapedSquareInPress was corrected from null to its default, true. 
[24Aug2025 17:19:15.205] [Server thread/WARN] [net.minecraftforge.common.ForgeConfigSpec/CORE]: Incorrect key recipes.allowRegularCraftingInCrafter was corrected from null to its default, true. 
[24Aug2025 17:19:15.205] [Server thread/WARN] [net.minecraftforge.common.ForgeConfigSpec/CORE]: Incorrect key recipes.maxFireworkIngredientsInCrafter was corrected from null to its default, 9. 
[24Aug2025 17:19:15.205] [Server thread/WARN] [net.minecraftforge.common.ForgeConfigSpec/CORE]: Incorrect key recipes.allowStonecuttingOnSaw was corrected from null to its default, true. 
[24Aug2025 17:19:15.205] [Server thread/WARN] [net.minecraftforge.common.ForgeConfigSpec/CORE]: Incorrect key recipes.allowCastingBySpout was corrected from null to its default, true. 
[24Aug2025 17:19:15.205] [Server thread/WARN] [net.minecraftforge.common.ForgeConfigSpec/CORE]: Incorrect key recipes.displayLogStrippingRecipes was corrected from null to its default, true. 
[24Aug2025 17:19:15.205] [Server thread/WARN] [net.minecraftforge.common.ForgeConfigSpec/CORE]: Incorrect key recipes.lightSourceCountForRefinedRadiance was corrected from null to its default, 10. 
[24Aug2025 17:19:15.205] [Server thread/WARN] [net.minecraftforge.common.ForgeConfigSpec/CORE]: Incorrect key recipes.enableRefinedRadianceRecipe was corrected from null to its default, true. 
[24Aug2025 17:19:15.205] [Server thread/WARN] [net.minecraftforge.common.ForgeConfigSpec/CORE]: Incorrect key recipes.enableShadowSteelRecipe was corrected from null to its default, true. 
[24Aug2025 17:19:15.207] [Server thread/WARN] [net.minecraftforge.common.ForgeConfigSpec/CORE]: Incorrect key kinetics was corrected from null to its default, SimpleCommentedConfig:{}. 
[24Aug2025 17:19:15.207] [Server thread/WARN] [net.minecraftforge.common.ForgeConfigSpec/CORE]: Incorrect key kinetics.disableStress was corrected from null to its default, false. 
[24Aug2025 17:19:15.207] [Server thread/WARN] [net.minecraftforge.common.ForgeConfigSpec/CORE]: Incorrect key kinetics.maxBeltLength was corrected from null to its default, 20. 
[24Aug2025 17:19:15.207] [Server thread/WARN] [net.minecraftforge.common.ForgeConfigSpec/CORE]: Incorrect key kinetics.maxChainConveyorLength was corrected from null to its default, 32. 
[24Aug2025 17:19:15.208] [Server thread/WARN] [net.minecraftforge.common.ForgeConfigSpec/CORE]: Incorrect key kinetics.maxChainConveyorConnections was corrected from null to its default, 4. 
[24Aug2025 17:19:15.208] [Server thread/WARN] [net.minecraftforge.common.ForgeConfigSpec/CORE]: Incorrect key kinetics.crushingDamage was corrected from null to its default, 4. 
[24Aug2025 17:19:15.208] [Server thread/WARN] [net.minecraftforge.common.ForgeConfigSpec/CORE]: Incorrect key kinetics.maxRotationSpeed was corrected from null to its default, 256. 
[24Aug2025 17:19:15.208] [Server thread/WARN] [net.minecraftforge.common.ForgeConfigSpec/CORE]: Incorrect key kinetics.ignoreDeployerAttacks was corrected from null to its default, CREEPERS. 
[24Aug2025 17:19:15.208] [Server thread/WARN] [net.minecraftforge.common.ForgeConfigSpec/CORE]: Incorrect key kinetics.kineticValidationFrequency was corrected from null to its default, 60. 
[24Aug2025 17:19:15.208] [Server thread/WARN] [net.minecraftforge.common.ForgeConfigSpec/CORE]: Incorrect key kinetics.crankHungerMultiplier was corrected from null to its default, 0.009999999776482582. 
[24Aug2025 17:19:15.208] [Server thread/WARN] [net.minecraftforge.common.ForgeConfigSpec/CORE]: Incorrect key kinetics.minimumWindmillSails was corrected from null to its default, 8. 
[24Aug2025 17:19:15.208] [Server thread/WARN] [net.minecraftforge.common.ForgeConfigSpec/CORE]: Incorrect key kinetics.windmillSailsPerRPM was corrected from null to its default, 8. 
[24Aug2025 17:19:15.208] [Server thread/WARN] [net.minecraftforge.common.ForgeConfigSpec/CORE]: Incorrect key kinetics.maxEjectorDistance was corrected from null to its default, 32. 
[24Aug2025 17:19:15.208] [Server thread/WARN] [net.minecraftforge.common.ForgeConfigSpec/CORE]: Incorrect key kinetics.ejectorScanInterval was corrected from null to its default, 120. 
[24Aug2025 17:19:15.208] [Server thread/WARN] [net.minecraftforge.common.ForgeConfigSpec/CORE]: Incorrect key kinetics.encasedFan was corrected from null to its default, SimpleCommentedConfig:{}. 
[24Aug2025 17:19:15.209] [Server thread/WARN] [net.minecraftforge.common.ForgeConfigSpec/CORE]: Incorrect key kinetics.encasedFan.fanPushDistance was corrected from null to its default, 20. 
[24Aug2025 17:19:15.209] [Server thread/WARN] [net.minecraftforge.common.ForgeConfigSpec/CORE]: Incorrect key kinetics.encasedFan.fanPullDistance was corrected from null to its default, 20. 
[24Aug2025 17:19:15.209] [Server thread/WARN] [net.minecraftforge.common.ForgeConfigSpec/CORE]: Incorrect key kinetics.encasedFan.fanBlockCheckRate was corrected from null to its default, 30. 
[24Aug2025 17:19:15.209] [Server thread/WARN] [net.minecraftforge.common.ForgeConfigSpec/CORE]: Incorrect key kinetics.encasedFan.fanRotationArgmax was corrected from null to its default, 256. 
[24Aug2025 17:19:15.209] [Server thread/WARN] [net.minecraftforge.common.ForgeConfigSpec/CORE]: Incorrect key kinetics.encasedFan.fanProcessingTime was corrected from null to its default, 150. 
[24Aug2025 17:19:15.209] [Server thread/WARN] [net.minecraftforge.common.ForgeConfigSpec/CORE]: Incorrect key kinetics.contraptions was corrected from null to its default, SimpleCommentedConfig:{}. 
[24Aug2025 17:19:15.209] [Server thread/WARN] [net.minecraftforge.common.ForgeConfigSpec/CORE]: Incorrect key kinetics.contraptions.maxBlocksMoved was corrected from null to its default, 2048. 
[24Aug2025 17:19:15.209] [Server thread/WARN] [net.minecraftforge.common.ForgeConfigSpec/CORE]: Incorrect key kinetics.contraptions.maxChassisRange was corrected from null to its default, 16. 
[24Aug2025 17:19:15.209] [Server thread/WARN] [net.minecraftforge.common.ForgeConfigSpec/CORE]: Incorrect key kinetics.contraptions.maxPistonPoles was corrected from null to its default, 64. 
[24Aug2025 17:19:15.209] [Server thread/WARN] [net.minecraftforge.common.ForgeConfigSpec/CORE]: Incorrect key kinetics.contraptions.maxRopeLength was corrected from null to its default, 384. 
[24Aug2025 17:19:15.209] [Server thread/WARN] [net.minecraftforge.common.ForgeConfigSpec/CORE]: Incorrect key kinetics.contraptions.maxCartCouplingLength was corrected from null to its default, 32. 
[24Aug2025 17:19:15.210] [Server thread/WARN] [net.minecraftforge.common.ForgeConfigSpec/CORE]: Incorrect key kinetics.contraptions.rollerFillDepth was corrected from null to its default, 12. 
[24Aug2025 17:19:15.210] [Server thread/WARN] [net.minecraftforge.common.ForgeConfigSpec/CORE]: Incorrect key kinetics.contraptions.survivalContraptionPickup was corrected from null to its default, true. 
[24Aug2025 17:19:15.210] [Server thread/WARN] [net.minecraftforge.common.ForgeConfigSpec/CORE]: Incorrect key kinetics.contraptions.movableSpawners was corrected from null to its default, NO_PICKUP. 
[24Aug2025 17:19:15.210] [Server thread/WARN] [net.minecraftforge.common.ForgeConfigSpec/CORE]: Incorrect key kinetics.contraptions.amethystMovement was corrected from null to its default, NO_PICKUP. 
[24Aug2025 17:19:15.210] [Server thread/WARN] [net.minecraftforge.common.ForgeConfigSpec/CORE]: Incorrect key kinetics.contraptions.movableObsidian was corrected from null to its default, UNMOVABLE. 
[24Aug2025 17:19:15.210] [Server thread/WARN] [net.minecraftforge.common.ForgeConfigSpec/CORE]: Incorrect key kinetics.contraptions.movableReinforcedDeepslate was corrected from null to its default, UNMOVABLE. 
[24Aug2025 17:19:15.210] [Server thread/WARN] [net.minecraftforge.common.ForgeConfigSpec/CORE]: Incorrect key kinetics.contraptions.moveItemsToStorage was corrected from null to its default, true. 
[24Aug2025 17:19:15.210] [Server thread/WARN] [net.minecraftforge.common.ForgeConfigSpec/CORE]: Incorrect key kinetics.contraptions.harvestPartiallyGrown was corrected from null to its default, false. 
[24Aug2025 17:19:15.210] [Server thread/WARN] [net.minecraftforge.common.ForgeConfigSpec/CORE]: Incorrect key kinetics.contraptions.harvesterReplants was corrected from null to its default, true. 
[24Aug2025 17:19:15.210] [Server thread/WARN] [net.minecraftforge.common.ForgeConfigSpec/CORE]: Incorrect key kinetics.contraptions.minecartContraptionInContainers was corrected from null to its default, false. 
[24Aug2025 17:19:15.210] [Server thread/WARN] [net.minecraftforge.common.ForgeConfigSpec/CORE]: Incorrect key kinetics.contraptions.stabiliseStableContraptions was corrected from null to its default, false. 
[24Aug2025 17:19:15.210] [Server thread/WARN] [net.minecraftforge.common.ForgeConfigSpec/CORE]: Incorrect key kinetics.contraptions.syncPlayerPickupHitboxWithContraptionHitbox was corrected from null to its default, false. 
[24Aug2025 17:19:15.210] [Server thread/WARN] [net.minecraftforge.common.ForgeConfigSpec/CORE]: Incorrect key kinetics.stats was corrected from null to its default, SimpleCommentedConfig:{}. 
[24Aug2025 17:19:15.210] [Server thread/WARN] [net.minecraftforge.common.ForgeConfigSpec/CORE]: Incorrect key kinetics.stats.mediumSpeed was corrected from null to its default, 30.0. 
[24Aug2025 17:19:15.210] [Server thread/WARN] [net.minecraftforge.common.ForgeConfigSpec/CORE]: Incorrect key kinetics.stats.fastSpeed was corrected from null to its default, 100.0. 
[24Aug2025 17:19:15.210] [Server thread/WARN] [net.minecraftforge.common.ForgeConfigSpec/CORE]: Incorrect key kinetics.stats.mediumStressImpact was corrected from null to its default, 4.0. 
[24Aug2025 17:19:15.210] [Server thread/WARN] [net.minecraftforge.common.ForgeConfigSpec/CORE]: Incorrect key kinetics.stats.highStressImpact was corrected from null to its default, 8.0. 
[24Aug2025 17:19:15.210] [Server thread/WARN] [net.minecraftforge.common.ForgeConfigSpec/CORE]: Incorrect key kinetics.stats.mediumCapacity was corrected from null to its default, 256.0. 
[24Aug2025 17:19:15.210] [Server thread/WARN] [net.minecraftforge.common.ForgeConfigSpec/CORE]: Incorrect key kinetics.stats.highCapacity was corrected from null to its default, 1024.0. 
[24Aug2025 17:19:15.210] [Server thread/WARN] [net.minecraftforge.common.ForgeConfigSpec/CORE]: Incorrect key kinetics.stressValues was corrected from null to its default, SimpleCommentedConfig:{}. 
[24Aug2025 17:19:15.211] [Server thread/WARN] [net.minecraftforge.common.ForgeConfigSpec/CORE]: Incorrect key kinetics.stressValues.v2 was corrected from null to its default, SimpleCommentedConfig:{}. 
[24Aug2025 17:19:15.211] [Server thread/WARN] [net.minecraftforge.common.ForgeConfigSpec/CORE]: Incorrect key kinetics.stressValues.v2.impact was corrected from null to its default, SimpleCommentedConfig:{}. 
[24Aug2025 17:19:15.211] [Server thread/WARN] [net.minecraftforge.common.ForgeConfigSpec/CORE]: Incorrect key kinetics.stressValues.v2.impact.brass_encased_shaft was corrected from null to its default, 0.0. 
[24Aug2025 17:19:15.211] [Server thread/WARN] [net.minecraftforge.common.ForgeConfigSpec/CORE]: Incorrect key kinetics.stressValues.v2.impact.turntable was corrected from null to its default, 4.0. 
[24Aug2025 17:19:15.211] [Server thread/WARN] [net.minecraftforge.common.ForgeConfigSpec/CORE]: Incorrect key kinetics.stressValues.v2.impact.clutch was corrected from null to its default, 0.0. 
[24Aug2025 17:19:15.211] [Server thread/WARN] [net.minecraftforge.common.ForgeConfigSpec/CORE]: Incorrect key kinetics.stressValues.v2.impact.mechanical_mixer was corrected from null to its default, 4.0. 
[24Aug2025 17:19:15.211] [Server thread/WARN] [net.minecraftforge.common.ForgeConfigSpec/CORE]: Incorrect key kinetics.stressValues.v2.impact.gearbox was corrected from null to its default, 0.0. 
[24Aug2025 17:19:15.211] [Server thread/WARN] [net.minecraftforge.common.ForgeConfigSpec/CORE]: Incorrect key kinetics.stressValues.v2.impact.mechanical_bearing was corrected from null to its default, 4.0. 
[24Aug2025 17:19:15.211] [Server thread/WARN] [net.minecraftforge.common.ForgeConfigSpec/CORE]: Incorrect key kinetics.stressValues.v2.impact.copper_backtank was corrected from null to its default, 4.0. 
[24Aug2025 17:19:15.211] [Server thread/WARN] [net.minecraftforge.common.ForgeConfigSpec/CORE]: Incorrect key kinetics.stressValues.v2.impact.hose_pulley was corrected from null to its default, 4.0. 
[24Aug2025 17:19:15.211] [Server thread/WARN] [net.minecraftforge.common.ForgeConfigSpec/CORE]: Incorrect key kinetics.stressValues.v2.impact.display_board was corrected from null to its default, 0.0. 
[24Aug2025 17:19:15.211] [Server thread/WARN] [net.minecraftforge.common.ForgeConfigSpec/CORE]: Incorrect key kinetics.stressValues.v2.impact.crushing_wheel was corrected from null to its default, 8.0. 
[24Aug2025 17:19:15.211] [Server thread/WARN] [net.minecraftforge.common.ForgeConfigSpec/CORE]: Incorrect key kinetics.stressValues.v2.impact.adjustable_chain_gearshift was corrected from null to its default, 0.0. 
[24Aug2025 17:19:15.211] [Server thread/WARN] [net.minecraftforge.common.ForgeConfigSpec/CORE]: Incorrect key kinetics.stressValues.v2.impact.millstone was corrected from null to its default, 4.0. 
[24Aug2025 17:19:15.211] [Server thread/WARN] [net.minecraftforge.common.ForgeConfigSpec/CORE]: Incorrect key kinetics.stressValues.v2.impact.rotation_speed_controller was corrected from null to its default, 0.0. 
[24Aug2025 17:19:15.211] [Server thread/WARN] [net.minecraftforge.common.ForgeConfigSpec/CORE]: Incorrect key kinetics.stressValues.v2.impact.sticky_mechanical_piston was corrected from null to its default, 4.0. 
[24Aug2025 17:19:15.211] [Server thread/WARN] [net.minecraftforge.common.ForgeConfigSpec/CORE]: Incorrect key kinetics.stressValues.v2.impact.mechanical_crafter was corrected from null to its default, 2.0. 
[24Aug2025 17:19:15.212] [Server thread/WARN] [net.minecraftforge.common.ForgeConfigSpec/CORE]: Incorrect key kinetics.stressValues.v2.impact.deployer was corrected from null to its default, 4.0. 
[24Aug2025 17:19:15.212] [Server thread/WARN] [net.minecraftforge.common.ForgeConfigSpec/CORE]: Incorrect key kinetics.stressValues.v2.impact.elevator_pulley was corrected from null to its default, 4.0. 
[24Aug2025 17:19:15.212] [Server thread/WARN] [net.minecraftforge.common.ForgeConfigSpec/CORE]: Incorrect key kinetics.stressValues.v2.impact.stressometer was corrected from null to its default, 0.0. 
[24Aug2025 17:19:15.212] [Server thread/WARN] [net.minecraftforge.common.ForgeConfigSpec/CORE]: Incorrect key kinetics.stressValues.v2.impact.cogwheel was corrected from null to its default, 0.0. 
[24Aug2025 17:19:15.212] [Server thread/WARN] [net.minecraftforge.common.ForgeConfigSpec/CORE]: Incorrect key kinetics.stressValues.v2.impact.encased_chain_drive was corrected from null to its default, 0.0. 
[24Aug2025 17:19:15.212] [Server thread/WARN] [net.minecraftforge.common.ForgeConfigSpec/CORE]: Incorrect key kinetics.stressValues.v2.impact.belt was corrected from null to its default, 0.0. 
[24Aug2025 17:19:15.212] [Server thread/WARN] [net.minecraftforge.common.ForgeConfigSpec/CORE]: Incorrect key kinetics.stressValues.v2.impact.brass_encased_large_cogwheel was corrected from null to its default, 0.0. 
[24Aug2025 17:19:15.212] [Server thread/WARN] [net.minecraftforge.common.ForgeConfigSpec/CORE]: Incorrect key kinetics.stressValues.v2.impact.weighted_ejector was corrected from null to its default, 2.0. 
[24Aug2025 17:19:15.212] [Server thread/WARN] [net.minecraftforge.common.ForgeConfigSpec/CORE]: Incorrect key kinetics.stressValues.v2.impact.chain_conveyor was corrected from null to its default, 1.0. 
[24Aug2025 17:19:15.212] [Server thread/WARN] [net.minecraftforge.common.ForgeConfigSpec/CORE]: Incorrect key kinetics.stressValues.v2.impact.mechanical_saw was corrected from null to its default, 4.0. 
[24Aug2025 17:19:15.212] [Server thread/WARN] [net.minecraftforge.common.ForgeConfigSpec/CORE]: Incorrect key kinetics.stressValues.v2.impact.flywheel was corrected from null to its default, 0.0. 
[24Aug2025 17:19:15.212] [Server thread/WARN] [net.minecraftforge.common.ForgeConfigSpec/CORE]: Incorrect key kinetics.stressValues.v2.impact.mechanical_piston was corrected from null to its default, 4.0. 
[24Aug2025 17:19:15.212] [Server thread/WARN] [net.minecraftforge.common.ForgeConfigSpec/CORE]: Incorrect key kinetics.stressValues.v2.impact.speedometer was corrected from null to its default, 0.0. 
[24Aug2025 17:19:15.212] [Server thread/WARN] [net.minecraftforge.common.ForgeConfigSpec/CORE]: Incorrect key kinetics.stressValues.v2.impact.brass_encased_cogwheel was corrected from null to its default, 0.0. 
[24Aug2025 17:19:15.212] [Server thread/WARN] [net.minecraftforge.common.ForgeConfigSpec/CORE]: Incorrect key kinetics.stressValues.v2.impact.clockwork_bearing was corrected from null to its default, 4.0. 
[24Aug2025 17:19:15.212] [Server thread/WARN] [net.minecraftforge.common.ForgeConfigSpec/CORE]: Incorrect key kinetics.stressValues.v2.impact.mechanical_press was corrected from null to its default, 8.0. 
[24Aug2025 17:19:15.212] [Server thread/WARN] [net.minecraftforge.common.ForgeConfigSpec/CORE]: Incorrect key kinetics.stressValues.v2.impact.mechanical_drill was corrected from null to its default, 4.0. 
[24Aug2025 17:19:15.212] [Server thread/WARN] [net.minecraftforge.common.ForgeConfigSpec/CORE]: Incorrect key kinetics.stressValues.v2.impact.andesite_encased_shaft was corrected from null to its default, 0.0. 
[24Aug2025 17:19:15.212] [Server thread/WARN] [net.minecraftforge.common.ForgeConfigSpec/CORE]: Incorrect key kinetics.stressValues.v2.impact.netherite_backtank was corrected from null to its default, 4.0. 
[24Aug2025 17:19:15.212] [Server thread/WARN] [net.minecraftforge.common.ForgeConfigSpec/CORE]: Incorrect key kinetics.stressValues.v2.impact.mechanical_arm was corrected from null to its default, 2.0. 
[24Aug2025 17:19:15.213] [Server thread/WARN] [net.minecraftforge.common.ForgeConfigSpec/CORE]: Incorrect key kinetics.stressValues.v2.impact.sequenced_gearshift was corrected from null to its default, 0.0. 
[24Aug2025 17:19:15.213] [Server thread/WARN] [net.minecraftforge.common.ForgeConfigSpec/CORE]: Incorrect key kinetics.stressValues.v2.impact.andesite_encased_large_cogwheel was corrected from null to its default, 0.0. 
[24Aug2025 17:19:15.213] [Server thread/WARN] [net.minecraftforge.common.ForgeConfigSpec/CORE]: Incorrect key kinetics.stressValues.v2.impact.shaft was corrected from null to its default, 0.0. 
[24Aug2025 17:19:15.213] [Server thread/WARN] [net.minecraftforge.common.ForgeConfigSpec/CORE]: Incorrect key kinetics.stressValues.v2.impact.cuckoo_clock was corrected from null to its default, 1.0. 
[24Aug2025 17:19:15.213] [Server thread/WARN] [net.minecraftforge.common.ForgeConfigSpec/CORE]: Incorrect key kinetics.stressValues.v2.impact.gearshift was corrected from null to its default, 0.0. 
[24Aug2025 17:19:15.213] [Server thread/WARN] [net.minecraftforge.common.ForgeConfigSpec/CORE]: Incorrect key kinetics.stressValues.v2.impact.rope_pulley was corrected from null to its default, 4.0. 
[24Aug2025 17:19:15.213] [Server thread/WARN] [net.minecraftforge.common.ForgeConfigSpec/CORE]: Incorrect key kinetics.stressValues.v2.impact.andesite_encased_cogwheel was corrected from null to its default, 0.0. 
[24Aug2025 17:19:15.213] [Server thread/WARN] [net.minecraftforge.common.ForgeConfigSpec/CORE]: Incorrect key kinetics.stressValues.v2.impact.large_cogwheel was corrected from null to its default, 0.0. 
[24Aug2025 17:19:15.213] [Server thread/WARN] [net.minecraftforge.common.ForgeConfigSpec/CORE]: Incorrect key kinetics.stressValues.v2.impact.encased_fan was corrected from null to its default, 2.0. 
[24Aug2025 17:19:15.213] [Server thread/WARN] [net.minecraftforge.common.ForgeConfigSpec/CORE]: Incorrect key kinetics.stressValues.v2.impact.mysterious_cuckoo_clock was corrected from null to its default, 1.0. 
[24Aug2025 17:19:15.213] [Server thread/WARN] [net.minecraftforge.common.ForgeConfigSpec/CORE]: Incorrect key kinetics.stressValues.v2.impact.gantry_shaft was corrected from null to its default, 0.0. 
[24Aug2025 17:19:15.213] [Server thread/WARN] [net.minecraftforge.common.ForgeConfigSpec/CORE]: Incorrect key kinetics.stressValues.v2.impact.mechanical_pump was corrected from null to its default, 4.0. 
[24Aug2025 17:19:15.213] [Server thread/WARN] [net.minecraftforge.common.ForgeConfigSpec/CORE]: Incorrect key kinetics.stressValues.v2.capacity was corrected from null to its default, SimpleCommentedConfig:{}. 
[24Aug2025 17:19:15.213] [Server thread/WARN] [net.minecraftforge.common.ForgeConfigSpec/CORE]: Incorrect key kinetics.stressValues.v2.capacity.steam_engine was corrected from null to its default, 1024.0. 
[24Aug2025 17:19:15.213] [Server thread/WARN] [net.minecraftforge.common.ForgeConfigSpec/CORE]: Incorrect key kinetics.stressValues.v2.capacity.water_wheel was corrected from null to its default, 32.0. 
[24Aug2025 17:19:15.213] [Server thread/WARN] [net.minecraftforge.common.ForgeConfigSpec/CORE]: Incorrect key kinetics.stressValues.v2.capacity.copper_valve_handle was corrected from null to its default, 8.0. 
[24Aug2025 17:19:15.213] [Server thread/WARN] [net.minecraftforge.common.ForgeConfigSpec/CORE]: Incorrect key kinetics.stressValues.v2.capacity.hand_crank was corrected from null to its default, 8.0. 
[24Aug2025 17:19:15.214] [Server thread/WARN] [net.minecraftforge.common.ForgeConfigSpec/CORE]: Incorrect key kinetics.stressValues.v2.capacity.creative_motor was corrected from null to its default, 16384.0. 
[24Aug2025 17:19:15.214] [Server thread/WARN] [net.minecraftforge.common.ForgeConfigSpec/CORE]: Incorrect key kinetics.stressValues.v2.capacity.large_water_wheel was corrected from null to its default, 128.0. 
[24Aug2025 17:19:15.214] [Server thread/WARN] [net.minecraftforge.common.ForgeConfigSpec/CORE]: Incorrect key kinetics.stressValues.v2.capacity.windmill_bearing was corrected from null to its default, 512.0. 
[24Aug2025 17:19:15.215] [Server thread/WARN] [net.minecraftforge.common.ForgeConfigSpec/CORE]: Incorrect key fluids was corrected from null to its default, SimpleCommentedConfig:{}. 
[24Aug2025 17:19:15.215] [Server thread/WARN] [net.minecraftforge.common.ForgeConfigSpec/CORE]: Incorrect key fluids.fluidTankCapacity was corrected from null to its default, 8. 
[24Aug2025 17:19:15.215] [Server thread/WARN] [net.minecraftforge.common.ForgeConfigSpec/CORE]: Incorrect key fluids.fluidTankMaxHeight was corrected from null to its default, 32. 
[24Aug2025 17:19:15.215] [Server thread/WARN] [net.minecraftforge.common.ForgeConfigSpec/CORE]: Incorrect key fluids.mechanicalPumpRange was corrected from null to its default, 16. 
[24Aug2025 17:19:15.215] [Server thread/WARN] [net.minecraftforge.common.ForgeConfigSpec/CORE]: Incorrect key fluids.hosePulleyRange was corrected from null to its default, 128. 
[24Aug2025 17:19:15.215] [Server thread/WARN] [net.minecraftforge.common.ForgeConfigSpec/CORE]: Incorrect key fluids.hosePulleyBlockThreshold was corrected from null to its default, 10000. 
[24Aug2025 17:19:15.215] [Server thread/WARN] [net.minecraftforge.common.ForgeConfigSpec/CORE]: Incorrect key fluids.fillInfinite was corrected from null to its default, false. 
[24Aug2025 17:19:15.215] [Server thread/WARN] [net.minecraftforge.common.ForgeConfigSpec/CORE]: Incorrect key fluids.bottomlessFluidMode was corrected from null to its default, ALLOW_BY_TAG. 
[24Aug2025 17:19:15.216] [Server thread/WARN] [net.minecraftforge.common.ForgeConfigSpec/CORE]: Incorrect key fluids.fluidFillPlaceFluidSourceBlocks was corrected from null to its default, true. 
[24Aug2025 17:19:15.216] [Server thread/WARN] [net.minecraftforge.common.ForgeConfigSpec/CORE]: Incorrect key fluids.pipesPlaceFluidSourceBlocks was corrected from null to its default, true. 
[24Aug2025 17:19:15.218] [Server thread/WARN] [net.minecraftforge.common.ForgeConfigSpec/CORE]: Incorrect key logistics was corrected from null to its default, SimpleCommentedConfig:{}. 
[24Aug2025 17:19:15.219] [Server thread/WARN] [net.minecraftforge.common.ForgeConfigSpec/CORE]: Incorrect key logistics.defaultExtractionTimer was corrected from null to its default, 8. 
[24Aug2025 17:19:15.219] [Server thread/WARN] [net.minecraftforge.common.ForgeConfigSpec/CORE]: Incorrect key logistics.psiTimeout was corrected from null to its default, 60. 
[24Aug2025 17:19:15.219] [Server thread/WARN] [net.minecraftforge.common.ForgeConfigSpec/CORE]: Incorrect key logistics.mechanicalArmRange was corrected from null to its default, 5. 
[24Aug2025 17:19:15.219] [Server thread/WARN] [net.minecraftforge.common.ForgeConfigSpec/CORE]: Incorrect key logistics.packagePortRange was corrected from null to its default, 5. 
[24Aug2025 17:19:15.219] [Server thread/WARN] [net.minecraftforge.common.ForgeConfigSpec/CORE]: Incorrect key logistics.linkRange was corrected from null to its default, 256. 
[24Aug2025 17:19:15.219] [Server thread/WARN] [net.minecraftforge.common.ForgeConfigSpec/CORE]: Incorrect key logistics.displayLinkRange was corrected from null to its default, 64. 
[24Aug2025 17:19:15.220] [Server thread/WARN] [net.minecraftforge.common.ForgeConfigSpec/CORE]: Incorrect key logistics.vaultCapacity was corrected from null to its default, 20. 
[24Aug2025 17:19:15.220] [Server thread/WARN] [net.minecraftforge.common.ForgeConfigSpec/CORE]: Incorrect key logistics.chainConveyorCapacity was corrected from null to its default, 20. 
[24Aug2025 17:19:15.220] [Server thread/WARN] [net.minecraftforge.common.ForgeConfigSpec/CORE]: Incorrect key logistics.brassTunnelTimer was corrected from null to its default, 10. 
[24Aug2025 17:19:15.220] [Server thread/WARN] [net.minecraftforge.common.ForgeConfigSpec/CORE]: Incorrect key logistics.factoryGaugeTimer was corrected from null to its default, 100. 
[24Aug2025 17:19:15.220] [Server thread/WARN] [net.minecraftforge.common.ForgeConfigSpec/CORE]: Incorrect key logistics.seatHostileMobs was corrected from null to its default, true. 
[24Aug2025 17:19:15.221] [Server thread/WARN] [net.minecraftforge.common.ForgeConfigSpec/CORE]: Incorrect key schematics was corrected from null to its default, SimpleCommentedConfig:{}. 
[24Aug2025 17:19:15.221] [Server thread/WARN] [net.minecraftforge.common.ForgeConfigSpec/CORE]: Incorrect key schematics.creativePrintIncludesAir was corrected from null to its default, false. 
[24Aug2025 17:19:15.221] [Server thread/WARN] [net.minecraftforge.common.ForgeConfigSpec/CORE]: Incorrect key schematics.maxSchematics was corrected from null to its default, 10. 
[24Aug2025 17:19:15.221] [Server thread/WARN] [net.minecraftforge.common.ForgeConfigSpec/CORE]: Incorrect key schematics.maxTotalSchematicSize was corrected from null to its default, 256. 
[24Aug2025 17:19:15.221] [Server thread/WARN] [net.minecraftforge.common.ForgeConfigSpec/CORE]: Incorrect key schematics.maxSchematicPacketSize was corrected from null to its default, 1024. 
[24Aug2025 17:19:15.221] [Server thread/WARN] [net.minecraftforge.common.ForgeConfigSpec/CORE]: Incorrect key schematics.schematicIdleTimeout was corrected from null to its default, 600. 
[24Aug2025 17:19:15.221] [Server thread/WARN] [net.minecraftforge.common.ForgeConfigSpec/CORE]: Incorrect key schematics.schematicannon was corrected from null to its default, SimpleCommentedConfig:{}. 
[24Aug2025 17:19:15.221] [Server thread/WARN] [net.minecraftforge.common.ForgeConfigSpec/CORE]: Incorrect key schematics.schematicannon.schematicannonDelay was corrected from null to its default, 10. 
[24Aug2025 17:19:15.221] [Server thread/WARN] [net.minecraftforge.common.ForgeConfigSpec/CORE]: Incorrect key schematics.schematicannon.schematicannonShotsPerGunpowder was corrected from null to its default, 400. 
[24Aug2025 17:19:15.224] [Server thread/WARN] [net.minecraftforge.common.ForgeConfigSpec/CORE]: Incorrect key equipment was corrected from null to its default, SimpleCommentedConfig:{}. 
[24Aug2025 17:19:15.224] [Server thread/WARN] [net.minecraftforge.common.ForgeConfigSpec/CORE]: Incorrect key equipment.maxSymmetryWandRange was corrected from null to its default, 50. 
[24Aug2025 17:19:15.224] [Server thread/WARN] [net.minecraftforge.common.ForgeConfigSpec/CORE]: Incorrect key equipment.placementAssistRange was corrected from null to its default, 12. 
[24Aug2025 17:19:15.224] [Server thread/WARN] [net.minecraftforge.common.ForgeConfigSpec/CORE]: Incorrect key equipment.toolboxRange was corrected from null to its default, 10. 
[24Aug2025 17:19:15.224] [Server thread/WARN] [net.minecraftforge.common.ForgeConfigSpec/CORE]: Incorrect key equipment.airInBacktank was corrected from null to its default, 900. 
[24Aug2025 17:19:15.224] [Server thread/WARN] [net.minecraftforge.common.ForgeConfigSpec/CORE]: Incorrect key equipment.enchantedBacktankCapacity was corrected from null to its default, 300. 
[24Aug2025 17:19:15.224] [Server thread/WARN] [net.minecraftforge.common.ForgeConfigSpec/CORE]: Incorrect key equipment.maxExtendoGripActions was corrected from null to its default, 1000. 
[24Aug2025 17:19:15.224] [Server thread/WARN] [net.minecraftforge.common.ForgeConfigSpec/CORE]: Incorrect key equipment.maxPotatoCannonShots was corrected from null to its default, 200. 
[24Aug2025 17:19:15.225] [Server thread/WARN] [net.minecraftforge.common.ForgeConfigSpec/CORE]: Incorrect key trains was corrected from null to its default, SimpleCommentedConfig:{}. 
[24Aug2025 17:19:15.226] [Server thread/WARN] [net.minecraftforge.common.ForgeConfigSpec/CORE]: Incorrect key trains.trainsCauseDamage was corrected from null to its default, true. 
[24Aug2025 17:19:15.226] [Server thread/WARN] [net.minecraftforge.common.ForgeConfigSpec/CORE]: Incorrect key trains.maxTrackPlacementLength was corrected from null to its default, 32. 
[24Aug2025 17:19:15.226] [Server thread/WARN] [net.minecraftforge.common.ForgeConfigSpec/CORE]: Incorrect key trains.maxAssemblyLength was corrected from null to its default, 128. 
[24Aug2025 17:19:15.226] [Server thread/WARN] [net.minecraftforge.common.ForgeConfigSpec/CORE]: Incorrect key trains.maxBogeyCount was corrected from null to its default, 20. 
[24Aug2025 17:19:15.226] [Server thread/WARN] [net.minecraftforge.common.ForgeConfigSpec/CORE]: Incorrect key trains.manualTrainSpeedModifier was corrected from null to its default, 0.75. 
[24Aug2025 17:19:15.226] [Server thread/WARN] [net.minecraftforge.common.ForgeConfigSpec/CORE]: Incorrect key trains.trainStats was corrected from null to its default, SimpleCommentedConfig:{}. 
[24Aug2025 17:19:15.226] [Server thread/WARN] [net.minecraftforge.common.ForgeConfigSpec/CORE]: Incorrect key trains.trainStats.trainTopSpeed was corrected from null to its default, 28.0. 
[24Aug2025 17:19:15.226] [Server thread/WARN] [net.minecraftforge.common.ForgeConfigSpec/CORE]: Incorrect key trains.trainStats.trainTurningTopSpeed was corrected from null to its default, 14.0. 
[24Aug2025 17:19:15.226] [Server thread/WARN] [net.minecraftforge.common.ForgeConfigSpec/CORE]: Incorrect key trains.trainStats.trainAcceleration was corrected from null to its default, 3.0. 
[24Aug2025 17:19:15.226] [Server thread/WARN] [net.minecraftforge.common.ForgeConfigSpec/CORE]: Incorrect key trains.poweredTrainStats was corrected from null to its default, SimpleCommentedConfig:{}. 
[24Aug2025 17:19:15.226] [Server thread/WARN] [net.minecraftforge.common.ForgeConfigSpec/CORE]: Incorrect key trains.poweredTrainStats.poweredTrainTopSpeed was corrected from null to its default, 40.0. 
[24Aug2025 17:19:15.226] [Server thread/WARN] [net.minecraftforge.common.ForgeConfigSpec/CORE]: Incorrect key trains.poweredTrainStats.poweredTrainTurningTopSpeed was corrected from null to its default, 20.0. 
[24Aug2025 17:19:15.226] [Server thread/WARN] [net.minecraftforge.common.ForgeConfigSpec/CORE]: Incorrect key trains.poweredTrainStats.poweredTrainAcceleration was corrected from null to its default, 3.0. 
[24Aug2025 17:19:15.228] [Server thread/WARN] [net.minecraftforge.common.ForgeConfigSpec/CORE]: Configuration file .\world\serverconfig\thermal-server.toml is not correct. Correcting
[24Aug2025 17:19:15.228] [Server thread/WARN] [net.minecraftforge.common.ForgeConfigSpec/CORE]: Incorrect key Tools was corrected from null to its default, SimpleCommentedConfig:{}. 
[24Aug2025 17:19:15.228] [Server thread/WARN] [net.minecraftforge.common.ForgeConfigSpec/CORE]: Incorrect key Tools.Drill was corrected from null to its default, SimpleCommentedConfig:{}. 
[24Aug2025 17:19:15.228] [Server thread/WARN] [net.minecraftforge.common.ForgeConfigSpec/CORE]: Incorrect key Tools.Drill.Base Capacity was corrected from null to its default, 50000. 
[24Aug2025 17:19:15.230] [Server thread/WARN] [net.minecraftforge.common.ForgeConfigSpec/CORE]: Incorrect key Tools.Drill.Base Transfer was corrected from null to its default, 1000. 
[24Aug2025 17:19:15.230] [Server thread/WARN] [net.minecraftforge.common.ForgeConfigSpec/CORE]: Incorrect key Tools.Drill.Energy Per Block was corrected from null to its default, 200. 
[24Aug2025 17:19:15.230] [Server thread/WARN] [net.minecraftforge.common.ForgeConfigSpec/CORE]: Incorrect key Tools.Saw was corrected from null to its default, SimpleCommentedConfig:{}. 
[24Aug2025 17:19:15.230] [Server thread/WARN] [net.minecraftforge.common.ForgeConfigSpec/CORE]: Incorrect key Tools.Saw.Base Capacity was corrected from null to its default, 50000. 
[24Aug2025 17:19:15.230] [Server thread/WARN] [net.minecraftforge.common.ForgeConfigSpec/CORE]: Incorrect key Tools.Saw.Base Transfer was corrected from null to its default, 1000. 
[24Aug2025 17:19:15.230] [Server thread/WARN] [net.minecraftforge.common.ForgeConfigSpec/CORE]: Incorrect key Tools.Saw.Energy Per Block was corrected from null to its default, 200. 
[24Aug2025 17:19:15.230] [Server thread/WARN] [net.minecraftforge.common.ForgeConfigSpec/CORE]: Incorrect key Tools.Capacitor was corrected from null to its default, SimpleCommentedConfig:{}. 
[24Aug2025 17:19:15.230] [Server thread/WARN] [net.minecraftforge.common.ForgeConfigSpec/CORE]: Incorrect key Tools.Capacitor.Base Capacity was corrected from null to its default, 500000. 
[24Aug2025 17:19:15.230] [Server thread/WARN] [net.minecraftforge.common.ForgeConfigSpec/CORE]: Incorrect key Tools.Capacitor.Base Transfer was corrected from null to its default, 1000. 
[24Aug2025 17:19:15.230] [Server thread/WARN] [net.minecraftforge.common.ForgeConfigSpec/CORE]: Incorrect key Tools.Magnet was corrected from null to its default, SimpleCommentedConfig:{}. 
[24Aug2025 17:19:15.230] [Server thread/WARN] [net.minecraftforge.common.ForgeConfigSpec/CORE]: Incorrect key Tools.Magnet.Base Capacity was corrected from null to its default, 50000. 
[24Aug2025 17:19:15.230] [Server thread/WARN] [net.minecraftforge.common.ForgeConfigSpec/CORE]: Incorrect key Tools.Magnet.Base Transfer was corrected from null to its default, 1000. 
[24Aug2025 17:19:15.230] [Server thread/WARN] [net.minecraftforge.common.ForgeConfigSpec/CORE]: Incorrect key Tools.Magnet.Energy Per Item was corrected from null to its default, 25. 
[24Aug2025 17:19:15.230] [Server thread/WARN] [net.minecraftforge.common.ForgeConfigSpec/CORE]: Incorrect key Tools.Magnet.Energy Per Use was corrected from null to its default, 200. 
[24Aug2025 17:19:15.230] [Server thread/WARN] [net.minecraftforge.common.ForgeConfigSpec/CORE]: Incorrect key Tools.Magnet.Obey Item Pickup Delay was corrected from null to its default, true. 
[24Aug2025 17:19:15.231] [Server thread/WARN] [net.minecraftforge.common.ForgeConfigSpec/CORE]: Incorrect key Tools.Reservoir was corrected from null to its default, SimpleCommentedConfig:{}. 
[24Aug2025 17:19:15.231] [Server thread/WARN] [net.minecraftforge.common.ForgeConfigSpec/CORE]: Incorrect key Tools.Reservoir.Base Capacity was corrected from null to its default, 20000. 
[24Aug2025 17:19:15.231] [Server thread/WARN] [net.minecraftforge.common.ForgeConfigSpec/CORE]: Incorrect key Tools.Potion Infuser was corrected from null to its default, SimpleCommentedConfig:{}. 
[24Aug2025 17:19:15.231] [Server thread/WARN] [net.minecraftforge.common.ForgeConfigSpec/CORE]: Incorrect key Tools.Potion Infuser.Base Capacity was corrected from null to its default, 4000. 
[24Aug2025 17:19:15.231] [Server thread/WARN] [net.minecraftforge.common.ForgeConfigSpec/CORE]: Incorrect key Tools.Potion Quiver was corrected from null to its default, SimpleCommentedConfig:{}. 
[24Aug2025 17:19:15.231] [Server thread/WARN] [net.minecraftforge.common.ForgeConfigSpec/CORE]: Incorrect key Tools.Potion Quiver.Base Capacity was corrected from null to its default, 4000. 
[24Aug2025 17:19:15.231] [Server thread/WARN] [net.minecraftforge.common.ForgeConfigSpec/CORE]: Incorrect key Tools.Satchel was corrected from null to its default, SimpleCommentedConfig:{}. 
[24Aug2025 17:19:15.231] [Server thread/WARN] [net.minecraftforge.common.ForgeConfigSpec/CORE]: Incorrect key Tools.Satchel.Denylist was corrected from null to its default, [thermal:satchel, minecraft:shulker_box, minecraft:white_shulker_box, minecraft:orange_shulker_box, minecraft:magenta_shulker_box, minecraft:light_blue_shulker_box, minecraft:yellow_shulker_box, minecraft:lime_shulker_box, minecraft:pink_shulker_box, minecraft:gray_shulker_box, minecraft:light_gray_shulker_box, minecraft:cyan_shulker_box, minecraft:purple_shulker_box, minecraft:blue_shulker_box, minecraft:brown_shulker_box, minecraft:green_shulker_box, minecraft:red_shulker_box, minecraft:black_shulker_box]. 
[24Aug2025 17:19:15.231] [Server thread/WARN] [net.minecraftforge.common.ForgeConfigSpec/CORE]: Incorrect key Tools.Watering Can was corrected from null to its default, SimpleCommentedConfig:{}. 
[24Aug2025 17:19:15.231] [Server thread/WARN] [net.minecraftforge.common.ForgeConfigSpec/CORE]: Incorrect key Tools.Watering Can.Base Capacity was corrected from null to its default, 4000. 
[24Aug2025 17:19:15.232] [Server thread/WARN] [net.minecraftforge.common.ForgeConfigSpec/CORE]: Incorrect key Tools.Watering Can.Allow Fake Players was corrected from null to its default, false. 
[24Aug2025 17:19:15.232] [Server thread/WARN] [net.minecraftforge.common.ForgeConfigSpec/CORE]: Incorrect key Tools.Watering Can.Consume Source Blocks was corrected from null to its default, true. 
[24Aug2025 17:19:15.233] [Server thread/WARN] [net.minecraftforge.common.ForgeConfigSpec/CORE]: Incorrect key Global Options was corrected from null to its default, SimpleCommentedConfig:{}. 
[24Aug2025 17:19:15.233] [Server thread/WARN] [net.minecraftforge.common.ForgeConfigSpec/CORE]: Incorrect key Global Options.Standalone Redstone Flux was corrected from null to its default, false. 
[24Aug2025 17:19:15.233] [Server thread/WARN] [net.minecraftforge.common.ForgeConfigSpec/CORE]: Incorrect key Global Options.Blocks Retain Energy was corrected from null to its default, true. 
[24Aug2025 17:19:15.233] [Server thread/WARN] [net.minecraftforge.common.ForgeConfigSpec/CORE]: Incorrect key Global Options.Blocks Retain Inventory was corrected from null to its default, false. 
[24Aug2025 17:19:15.233] [Server thread/WARN] [net.minecraftforge.common.ForgeConfigSpec/CORE]: Incorrect key Global Options.Blocks Retain Tank Contents was corrected from null to its default, false. 
[24Aug2025 17:19:15.233] [Server thread/WARN] [net.minecraftforge.common.ForgeConfigSpec/CORE]: Incorrect key Global Options.Blocks Retain Augments was corrected from null to its default, true. 
[24Aug2025 17:19:15.233] [Server thread/WARN] [net.minecraftforge.common.ForgeConfigSpec/CORE]: Incorrect key Global Options.Blocks Retain Redstone Control was corrected from null to its default, true. 
[24Aug2025 17:19:15.233] [Server thread/WARN] [net.minecraftforge.common.ForgeConfigSpec/CORE]: Incorrect key Global Options.Blocks Retain Side Configuration was corrected from null to its default, true. 
[24Aug2025 17:19:15.233] [Server thread/WARN] [net.minecraftforge.common.ForgeConfigSpec/CORE]: Incorrect key Global Options.Blocks Retain Transfer Control was corrected from null to its default, true. 
[24Aug2025 17:19:15.234] [Server thread/WARN] [net.minecraftforge.common.ForgeConfigSpec/CORE]: Incorrect key Mobs was corrected from null to its default, SimpleCommentedConfig:{}. 
[24Aug2025 17:19:15.234] [Server thread/WARN] [net.minecraftforge.common.ForgeConfigSpec/CORE]: Incorrect key Mobs.Basalz was corrected from null to its default, true. 
[24Aug2025 17:19:15.234] [Server thread/WARN] [net.minecraftforge.common.ForgeConfigSpec/CORE]: Incorrect key Mobs.Blitz was corrected from null to its default, true. 
[24Aug2025 17:19:15.234] [Server thread/WARN] [net.minecraftforge.common.ForgeConfigSpec/CORE]: Incorrect key Mobs.Blizz was corrected from null to its default, true. 
[24Aug2025 17:19:15.234] [Server thread/WARN] [net.minecraftforge.common.ForgeConfigSpec/CORE]: Incorrect key Mobs.Blitz Lightning was corrected from null to its default, true. 
[24Aug2025 17:19:15.236] [Server thread/WARN] [net.minecraftforge.common.ForgeConfigSpec/CORE]: Incorrect key Augments was corrected from null to its default, SimpleCommentedConfig:{}. 
[24Aug2025 17:19:15.236] [Server thread/WARN] [net.minecraftforge.common.ForgeConfigSpec/CORE]: Incorrect key Augments.Default Side Reconfiguration was corrected from null to its default, true. 
[24Aug2025 17:19:15.236] [Server thread/WARN] [net.minecraftforge.common.ForgeConfigSpec/CORE]: Incorrect key Augments.Default Redstone Control was corrected from null to its default, true. 
[24Aug2025 17:19:15.236] [Server thread/WARN] [net.minecraftforge.common.ForgeConfigSpec/CORE]: Incorrect key Augments.Default XP Storage was corrected from null to its default, false. 
[24Aug2025 17:19:15.237] [Server thread/WARN] [net.minecraftforge.common.ForgeConfigSpec/CORE]: Incorrect key Villagers was corrected from null to its default, SimpleCommentedConfig:{}. 
[24Aug2025 17:19:15.237] [Server thread/WARN] [net.minecraftforge.common.ForgeConfigSpec/CORE]: Incorrect key Villagers.Enable Villager Trades was corrected from null to its default, true. 
[24Aug2025 17:19:15.237] [Server thread/WARN] [net.minecraftforge.common.ForgeConfigSpec/CORE]: Incorrect key Villagers.Enable Wandering Trader Trades was corrected from null to its default, true. 
[24Aug2025 17:19:15.238] [Server thread/WARN] [net.minecraftforge.common.ForgeConfigSpec/CORE]: Incorrect key Devices was corrected from null to its default, SimpleCommentedConfig:{}. 
[24Aug2025 17:19:15.238] [Server thread/WARN] [net.minecraftforge.common.ForgeConfigSpec/CORE]: Incorrect key Devices.TreeExtractor was corrected from null to its default, SimpleCommentedConfig:{}. 
[24Aug2025 17:19:15.238] [Server thread/WARN] [net.minecraftforge.common.ForgeConfigSpec/CORE]: Incorrect key Devices.TreeExtractor.Time Constant was corrected from null to its default, 500. 
[24Aug2025 17:19:15.238] [Server thread/WARN] [net.minecraftforge.common.ForgeConfigSpec/CORE]: Incorrect key Devices.Composter was corrected from null to its default, SimpleCommentedConfig:{}. 
[24Aug2025 17:19:15.238] [Server thread/WARN] [net.minecraftforge.common.ForgeConfigSpec/CORE]: Incorrect key Devices.Composter.Time Constant was corrected from null to its default, 120. 
[24Aug2025 17:19:15.238] [Server thread/WARN] [net.minecraftforge.common.ForgeConfigSpec/CORE]: Incorrect key Devices.Composter.Particles was corrected from null to its default, true. 
[24Aug2025 17:19:15.238] [Server thread/WARN] [net.minecraftforge.common.ForgeConfigSpec/CORE]: Incorrect key Devices.Fisher was corrected from null to its default, SimpleCommentedConfig:{}. 
[24Aug2025 17:19:15.238] [Server thread/WARN] [net.minecraftforge.common.ForgeConfigSpec/CORE]: Incorrect key Devices.Fisher.Time Constant was corrected from null to its default, 4800. 
[24Aug2025 17:19:15.238] [Server thread/WARN] [net.minecraftforge.common.ForgeConfigSpec/CORE]: Incorrect key Devices.Fisher.Water Source Time Constant Reduction was corrected from null to its default, 20. 
[24Aug2025 17:19:15.238] [Server thread/WARN] [net.minecraftforge.common.ForgeConfigSpec/CORE]: Incorrect key Devices.Fisher.Particles was corrected from null to its default, true. 
[24Aug2025 17:19:15.240] [Server thread/WARN] [net.minecraftforge.common.ForgeConfigSpec/CORE]: Incorrect key Recipes was corrected from null to its default, SimpleCommentedConfig:{}. 
[24Aug2025 17:19:15.240] [Server thread/WARN] [net.minecraftforge.common.ForgeConfigSpec/CORE]: Incorrect key Recipes.Furnace was corrected from null to its default, SimpleCommentedConfig:{}. 
[24Aug2025 17:19:15.240] [Server thread/WARN] [net.minecraftforge.common.ForgeConfigSpec/CORE]: Incorrect key Recipes.Furnace.Energy Multiplier was corrected from null to its default, 1.0. 
[24Aug2025 17:19:15.240] [Server thread/WARN] [net.minecraftforge.common.ForgeConfigSpec/CORE]: Incorrect key Recipes.Sawmill was corrected from null to its default, SimpleCommentedConfig:{}. 
[24Aug2025 17:19:15.240] [Server thread/WARN] [net.minecraftforge.common.ForgeConfigSpec/CORE]: Incorrect key Recipes.Sawmill.Default Log Recipes was corrected from null to its default, true. 
[24Aug2025 17:19:15.240] [Server thread/WARN] [net.minecraftforge.common.ForgeConfigSpec/CORE]: Incorrect key Recipes.Sawmill.Energy Multiplier was corrected from null to its default, 1.0. 
[24Aug2025 17:19:15.241] [Server thread/WARN] [net.minecraftforge.common.ForgeConfigSpec/CORE]: Incorrect key Recipes.Pulverizer was corrected from null to its default, SimpleCommentedConfig:{}. 
[24Aug2025 17:19:15.241] [Server thread/WARN] [net.minecraftforge.common.ForgeConfigSpec/CORE]: Incorrect key Recipes.Pulverizer.Default Furnace-Based Recipes was corrected from null to its default, true. 
[24Aug2025 17:19:15.241] [Server thread/WARN] [net.minecraftforge.common.ForgeConfigSpec/CORE]: Incorrect key Recipes.Pulverizer.Energy Multiplier was corrected from null to its default, 1.0. 
[24Aug2025 17:19:15.241] [Server thread/WARN] [net.minecraftforge.common.ForgeConfigSpec/CORE]: Incorrect key Recipes.Smelter was corrected from null to its default, SimpleCommentedConfig:{}. 
[24Aug2025 17:19:15.241] [Server thread/WARN] [net.minecraftforge.common.ForgeConfigSpec/CORE]: Incorrect key Recipes.Smelter.Default Furnace-Based Recipes was corrected from null to its default, true. 
[24Aug2025 17:19:15.241] [Server thread/WARN] [net.minecraftforge.common.ForgeConfigSpec/CORE]: Incorrect key Recipes.Smelter.Energy Multiplier was corrected from null to its default, 1.0. 
[24Aug2025 17:19:15.241] [Server thread/WARN] [net.minecraftforge.common.ForgeConfigSpec/CORE]: Incorrect key Recipes.Insolator was corrected from null to its default, SimpleCommentedConfig:{}. 
[24Aug2025 17:19:15.241] [Server thread/WARN] [net.minecraftforge.common.ForgeConfigSpec/CORE]: Incorrect key Recipes.Insolator.Energy Multiplier was corrected from null to its default, 1.0. 
[24Aug2025 17:19:15.241] [Server thread/WARN] [net.minecraftforge.common.ForgeConfigSpec/CORE]: Incorrect key Recipes.Centrifuge was corrected from null to its default, SimpleCommentedConfig:{}. 
[24Aug2025 17:19:15.241] [Server thread/WARN] [net.minecraftforge.common.ForgeConfigSpec/CORE]: Incorrect key Recipes.Centrifuge.Energy Multiplier was corrected from null to its default, 1.0. 
[24Aug2025 17:19:15.241] [Server thread/WARN] [net.minecraftforge.common.ForgeConfigSpec/CORE]: Incorrect key Recipes.Press was corrected from null to its default, SimpleCommentedConfig:{}. 
[24Aug2025 17:19:15.241] [Server thread/WARN] [net.minecraftforge.common.ForgeConfigSpec/CORE]: Incorrect key Recipes.Press.Energy Multiplier was corrected from null to its default, 1.0. 
[24Aug2025 17:19:15.241] [Server thread/WARN] [net.minecraftforge.common.ForgeConfigSpec/CORE]: Incorrect key Recipes.Crucible was corrected from null to its default, SimpleCommentedConfig:{}. 
[24Aug2025 17:19:15.241] [Server thread/WARN] [net.minecraftforge.common.ForgeConfigSpec/CORE]: Incorrect key Recipes.Crucible.Energy Multiplier was corrected from null to its default, 1.0. 
[24Aug2025 17:19:15.241] [Server thread/WARN] [net.minecraftforge.common.ForgeConfigSpec/CORE]: Incorrect key Recipes.Chiller was corrected from null to its default, SimpleCommentedConfig:{}. 
[24Aug2025 17:19:15.241] [Server thread/WARN] [net.minecraftforge.common.ForgeConfigSpec/CORE]: Incorrect key Recipes.Chiller.Energy Multiplier was corrected from null to its default, 1.0. 
[24Aug2025 17:19:15.241] [Server thread/WARN] [net.minecraftforge.common.ForgeConfigSpec/CORE]: Incorrect key Recipes.Refinery was corrected from null to its default, SimpleCommentedConfig:{}. 
[24Aug2025 17:19:15.242] [Server thread/WARN] [net.minecraftforge.common.ForgeConfigSpec/CORE]: Incorrect key Recipes.Refinery.Energy Multiplier was corrected from null to its default, 1.0. 
[24Aug2025 17:19:15.242] [Server thread/WARN] [net.minecraftforge.common.ForgeConfigSpec/CORE]: Incorrect key Recipes.Pyrolyzer was corrected from null to its default, SimpleCommentedConfig:{}. 
[24Aug2025 17:19:15.242] [Server thread/WARN] [net.minecraftforge.common.ForgeConfigSpec/CORE]: Incorrect key Recipes.Pyrolyzer.Energy Multiplier was corrected from null to its default, 1.0. 
[24Aug2025 17:19:15.242] [Server thread/WARN] [net.minecraftforge.common.ForgeConfigSpec/CORE]: Incorrect key Recipes.Bottler was corrected from null to its default, SimpleCommentedConfig:{}. 
[24Aug2025 17:19:15.242] [Server thread/WARN] [net.minecraftforge.common.ForgeConfigSpec/CORE]: Incorrect key Recipes.Bottler.Default Bucket Recipes was corrected from null to its default, true. 
[24Aug2025 17:19:15.242] [Server thread/WARN] [net.minecraftforge.common.ForgeConfigSpec/CORE]: Incorrect key Recipes.Bottler.Default Florb Recipes was corrected from null to its default, true. 
[24Aug2025 17:19:15.242] [Server thread/WARN] [net.minecraftforge.common.ForgeConfigSpec/CORE]: Incorrect key Recipes.Bottler.Default Potion Recipes was corrected from null to its default, true. 
[24Aug2025 17:19:15.242] [Server thread/WARN] [net.minecraftforge.common.ForgeConfigSpec/CORE]: Incorrect key Recipes.Bottler.Energy Multiplier was corrected from null to its default, 1.0. 
[24Aug2025 17:19:15.242] [Server thread/WARN] [net.minecraftforge.common.ForgeConfigSpec/CORE]: Incorrect key Recipes.Brewer was corrected from null to its default, SimpleCommentedConfig:{}. 
[24Aug2025 17:19:15.242] [Server thread/WARN] [net.minecraftforge.common.ForgeConfigSpec/CORE]: Incorrect key Recipes.Brewer.Default Potion Recipes was corrected from null to its default, true. 
[24Aug2025 17:19:15.242] [Server thread/WARN] [net.minecraftforge.common.ForgeConfigSpec/CORE]: Incorrect key Recipes.Brewer.Energy Multiplier was corrected from null to its default, 1.0. 
[24Aug2025 17:19:15.242] [Server thread/WARN] [net.minecraftforge.common.ForgeConfigSpec/CORE]: Incorrect key Recipes.Crafter was corrected from null to its default, SimpleCommentedConfig:{}. 
[24Aug2025 17:19:15.242] [Server thread/WARN] [net.minecraftforge.common.ForgeConfigSpec/CORE]: Incorrect key Recipes.Crafter.Energy Multiplier was corrected from null to its default, 1.0. 
[24Aug2025 17:19:15.243] [Server thread/WARN] [net.minecraftforge.common.ForgeConfigSpec/CORE]: Incorrect key Dynamos was corrected from null to its default, SimpleCommentedConfig:{}. 
[24Aug2025 17:19:15.243] [Server thread/WARN] [net.minecraftforge.common.ForgeConfigSpec/CORE]: Incorrect key Dynamos.Stirling was corrected from null to its default, SimpleCommentedConfig:{}. 
[24Aug2025 17:19:15.243] [Server thread/WARN] [net.minecraftforge.common.ForgeConfigSpec/CORE]: Incorrect key Dynamos.Stirling.Base Power was corrected from null to its default, 40. 
[24Aug2025 17:19:15.243] [Server thread/WARN] [net.minecraftforge.common.ForgeConfigSpec/CORE]: Incorrect key Dynamos.Compression was corrected from null to its default, SimpleCommentedConfig:{}. 
[24Aug2025 17:19:15.243] [Server thread/WARN] [net.minecraftforge.common.ForgeConfigSpec/CORE]: Incorrect key Dynamos.Compression.Base Power was corrected from null to its default, 40. 
[24Aug2025 17:19:15.243] [Server thread/WARN] [net.minecraftforge.common.ForgeConfigSpec/CORE]: Incorrect key Dynamos.Magmatic was corrected from null to its default, SimpleCommentedConfig:{}. 
[24Aug2025 17:19:15.244] [Server thread/WARN] [net.minecraftforge.common.ForgeConfigSpec/CORE]: Incorrect key Dynamos.Magmatic.Base Power was corrected from null to its default, 40. 
[24Aug2025 17:19:15.244] [Server thread/WARN] [net.minecraftforge.common.ForgeConfigSpec/CORE]: Incorrect key Dynamos.Numismatic was corrected from null to its default, SimpleCommentedConfig:{}. 
[24Aug2025 17:19:15.244] [Server thread/WARN] [net.minecraftforge.common.ForgeConfigSpec/CORE]: Incorrect key Dynamos.Numismatic.Base Power was corrected from null to its default, 40. 
[24Aug2025 17:19:15.244] [Server thread/WARN] [net.minecraftforge.common.ForgeConfigSpec/CORE]: Incorrect key Dynamos.Lapidary was corrected from null to its default, SimpleCommentedConfig:{}. 
[24Aug2025 17:19:15.244] [Server thread/WARN] [net.minecraftforge.common.ForgeConfigSpec/CORE]: Incorrect key Dynamos.Lapidary.Base Power was corrected from null to its default, 40. 
[24Aug2025 17:19:15.244] [Server thread/WARN] [net.minecraftforge.common.ForgeConfigSpec/CORE]: Incorrect key Dynamos.Disenchantment was corrected from null to its default, SimpleCommentedConfig:{}. 
[24Aug2025 17:19:15.244] [Server thread/WARN] [net.minecraftforge.common.ForgeConfigSpec/CORE]: Incorrect key Dynamos.Disenchantment.Base Power was corrected from null to its default, 40. 
[24Aug2025 17:19:15.245] [Server thread/WARN] [net.minecraftforge.common.ForgeConfigSpec/CORE]: Incorrect key Dynamos.Gourmand was corrected from null to its default, SimpleCommentedConfig:{}. 
[24Aug2025 17:19:15.245] [Server thread/WARN] [net.minecraftforge.common.ForgeConfigSpec/CORE]: Incorrect key Dynamos.Gourmand.Base Power was corrected from null to its default, 40. 
[24Aug2025 17:19:15.246] [Server thread/WARN] [net.minecraftforge.common.ForgeConfigSpec/CORE]: Incorrect key Machines was corrected from null to its default, SimpleCommentedConfig:{}. 
[24Aug2025 17:19:15.246] [Server thread/WARN] [net.minecraftforge.common.ForgeConfigSpec/CORE]: Incorrect key Machines.Furnace was corrected from null to its default, SimpleCommentedConfig:{}. 
[24Aug2025 17:19:15.246] [Server thread/WARN] [net.minecraftforge.common.ForgeConfigSpec/CORE]: Incorrect key Machines.Furnace.Base Power was corrected from null to its default, 20. 
[24Aug2025 17:19:15.246] [Server thread/WARN] [net.minecraftforge.common.ForgeConfigSpec/CORE]: Incorrect key Machines.Sawmill was corrected from null to its default, SimpleCommentedConfig:{}. 
[24Aug2025 17:19:15.246] [Server thread/WARN] [net.minecraftforge.common.ForgeConfigSpec/CORE]: Incorrect key Machines.Sawmill.Base Power was corrected from null to its default, 20. 
[24Aug2025 17:19:15.246] [Server thread/WARN] [net.minecraftforge.common.ForgeConfigSpec/CORE]: Incorrect key Machines.Pulverizer was corrected from null to its default, SimpleCommentedConfig:{}. 
[24Aug2025 17:19:15.246] [Server thread/WARN] [net.minecraftforge.common.ForgeConfigSpec/CORE]: Incorrect key Machines.Pulverizer.Base Power was corrected from null to its default, 20. 
[24Aug2025 17:19:15.246] [Server thread/WARN] [net.minecraftforge.common.ForgeConfigSpec/CORE]: Incorrect key Machines.Smelter was corrected from null to its default, SimpleCommentedConfig:{}. 
[24Aug2025 17:19:15.246] [Server thread/WARN] [net.minecraftforge.common.ForgeConfigSpec/CORE]: Incorrect key Machines.Smelter.Base Power was corrected from null to its default, 20. 
[24Aug2025 17:19:15.246] [Server thread/WARN] [net.minecraftforge.common.ForgeConfigSpec/CORE]: Incorrect key Machines.Insolator was corrected from null to its default, SimpleCommentedConfig:{}. 
[24Aug2025 17:19:15.246] [Server thread/WARN] [net.minecraftforge.common.ForgeConfigSpec/CORE]: Incorrect key Machines.Insolator.Base Power was corrected from null to its default, 20. 
[24Aug2025 17:19:15.246] [Server thread/WARN] [net.minecraftforge.common.ForgeConfigSpec/CORE]: Incorrect key Machines.Centrifuge was corrected from null to its default, SimpleCommentedConfig:{}. 
[24Aug2025 17:19:15.246] [Server thread/WARN] [net.minecraftforge.common.ForgeConfigSpec/CORE]: Incorrect key Machines.Centrifuge.Base Power was corrected from null to its default, 20. 
[24Aug2025 17:19:15.246] [Server thread/WARN] [net.minecraftforge.common.ForgeConfigSpec/CORE]: Incorrect key Machines.Press was corrected from null to its default, SimpleCommentedConfig:{}. 
[24Aug2025 17:19:15.247] [Server thread/WARN] [net.minecraftforge.common.ForgeConfigSpec/CORE]: Incorrect key Machines.Press.Base Power was corrected from null to its default, 20. 
[24Aug2025 17:19:15.247] [Server thread/WARN] [net.minecraftforge.common.ForgeConfigSpec/CORE]: Incorrect key Machines.Crucible was corrected from null to its default, SimpleCommentedConfig:{}. 
[24Aug2025 17:19:15.247] [Server thread/WARN] [net.minecraftforge.common.ForgeConfigSpec/CORE]: Incorrect key Machines.Crucible.Base Power was corrected from null to its default, 80. 
[24Aug2025 17:19:15.247] [Server thread/WARN] [net.minecraftforge.common.ForgeConfigSpec/CORE]: Incorrect key Machines.Chiller was corrected from null to its default, SimpleCommentedConfig:{}. 
[24Aug2025 17:19:15.247] [Server thread/WARN] [net.minecraftforge.common.ForgeConfigSpec/CORE]: Incorrect key Machines.Chiller.Base Power was corrected from null to its default, 20. 
[24Aug2025 17:19:15.247] [Server thread/WARN] [net.minecraftforge.common.ForgeConfigSpec/CORE]: Incorrect key Machines.Refinery was corrected from null to its default, SimpleCommentedConfig:{}. 
[24Aug2025 17:19:15.247] [Server thread/WARN] [net.minecraftforge.common.ForgeConfigSpec/CORE]: Incorrect key Machines.Refinery.Base Power was corrected from null to its default, 20. 
[24Aug2025 17:19:15.247] [Server thread/WARN] [net.minecraftforge.common.ForgeConfigSpec/CORE]: Incorrect key Machines.Pyrolyzer was corrected from null to its default, SimpleCommentedConfig:{}. 
[24Aug2025 17:19:15.247] [Server thread/WARN] [net.minecraftforge.common.ForgeConfigSpec/CORE]: Incorrect key Machines.Pyrolyzer.Base Power was corrected from null to its default, 5. 
[24Aug2025 17:19:15.247] [Server thread/WARN] [net.minecraftforge.common.ForgeConfigSpec/CORE]: Incorrect key Machines.Bottler was corrected from null to its default, SimpleCommentedConfig:{}. 
[24Aug2025 17:19:15.247] [Server thread/WARN] [net.minecraftforge.common.ForgeConfigSpec/CORE]: Incorrect key Machines.Bottler.Base Power was corrected from null to its default, 20. 
[24Aug2025 17:19:15.247] [Server thread/WARN] [net.minecraftforge.common.ForgeConfigSpec/CORE]: Incorrect key Machines.Brewer was corrected from null to its default, SimpleCommentedConfig:{}. 
[24Aug2025 17:19:15.247] [Server thread/WARN] [net.minecraftforge.common.ForgeConfigSpec/CORE]: Incorrect key Machines.Brewer.Base Power was corrected from null to its default, 5. 
[24Aug2025 17:19:15.248] [Server thread/WARN] [net.minecraftforge.common.ForgeConfigSpec/CORE]: Incorrect key Machines.Crafter was corrected from null to its default, SimpleCommentedConfig:{}. 
[24Aug2025 17:19:15.248] [Server thread/WARN] [net.minecraftforge.common.ForgeConfigSpec/CORE]: Incorrect key Machines.Crafter.Base Power was corrected from null to its default, 20. 
[24Aug2025 17:19:15.248] [Server thread/WARN] [net.minecraftforge.common.ForgeConfigSpec/CORE]: Incorrect key Crops was corrected from null to its default, SimpleCommentedConfig:{}. 
[24Aug2025 17:19:15.248] [Server thread/WARN] [net.minecraftforge.common.ForgeConfigSpec/CORE]: Incorrect key Crops.Drop Seeds From Grass was corrected from null to its default, true. 
[24Aug2025 17:19:15.248] [Server thread/WARN] [net.minecraftforge.common.ForgeConfigSpec/CORE]: Incorrect key Crops.Glowstone Mushroom Light was corrected from null to its default, true. 
[24Aug2025 17:19:15.248] [Server thread/WARN] [net.minecraftforge.common.ForgeConfigSpec/CORE]: Incorrect key Crops.Redstone Mushroom Light was corrected from null to its default, true. 
[24Aug2025 17:19:15.248] [Server thread/WARN] [net.minecraftforge.common.ForgeConfigSpec/CORE]: Incorrect key Crops.Redstone Mushroom Signal was corrected from null to its default, true. 
[24Aug2025 17:19:15.349] [Server thread/INFO] [Framework/]: Loading server configs...
[24Aug2025 17:19:15.363] [Server thread/INFO] [net.minecraft.server.dedicated.DedicatedServer/]: Preparing level "world"
[24Aug2025 17:19:15.548] [Server thread/INFO] [voicechat/]: [voicechat] Successfully migrated config voicechat-server.toml
[24Aug2025 17:19:16.247] [Server thread/INFO] [net.minecraft.server.MinecraftServer/]: Preparing start region for dimension minecraft:overworld
[24Aug2025 17:19:16.248] [Server thread/INFO] [KubeJS Server/]: Server resource reload complete!
[24Aug2025 17:19:16.606] [Worker-Main-4/INFO] [net.minecraft.server.level.progress.LoggerChunkProgressListener/]: Preparing spawn area: 0%
[24Aug2025 17:19:16.747] [Worker-Main-13/INFO] [net.minecraft.server.level.progress.LoggerChunkProgressListener/]: Preparing spawn area: 4%
[24Aug2025 17:19:17.248] [Worker-Main-2/INFO] [net.minecraft.server.level.progress.LoggerChunkProgressListener/]: Preparing spawn area: 56%
[24Aug2025 17:19:17.678] [Server thread/INFO] [net.minecraft.server.level.progress.LoggerChunkProgressListener/]: Time elapsed: 1432 ms
[24Aug2025 17:19:17.678] [Server thread/INFO] [net.minecraft.server.dedicated.DedicatedServer/]: Done (2.651s)! For help, type "help"
[24Aug2025 17:19:17.733] [Server thread/INFO] [net.minecraftforge.server.permission.PermissionAPI/]: Successfully initialized permission handler forge:default_handler
[24Aug2025 17:19:17.743] [Server thread/INFO] [FTB Quests/]: Loading quests from C:\Alex's stuff\MinecraftServer\config\ftbquests\quests
[24Aug2025 17:19:17.772] [Server thread/INFO] [FTB Quests/]: Loaded 1 chapter groups, 6 chapters, 203 quests, 0 reward tables
[24Aug2025 17:19:17.886] [Server thread/INFO] [patchouli/]: Sending reload packet to clients
[24Aug2025 17:19:17.905] [VoiceChatServerThread/INFO] [voicechat/]: [voicechat] Voice chat server started at port 24454
[24Aug2025 17:19:17.975] [Server thread/INFO] [immersiveengineering/]: Couldn't fully analyze 1 free_runners_armored, missing knowledge for {1 free_runners=1.0}
[24Aug2025 17:19:17.975] [Server thread/INFO] [immersiveengineering/]: Finished recipe profiler for Arc Recycling, took 42 milliseconds
[24Aug2025 17:20:26.932] [User Authenticator #1/INFO] [net.minecraft.server.network.ServerLoginPacketListenerImpl/]: UUID of player 7axel7 is 47b4954f-e35f-4fa5-bd15-455500553985
[24Aug2025 17:20:31.109] [Server thread/INFO] [net.minecraft.server.players.PlayerList/]: 7axel7[/[::1]:56133] logged in with entity id 3 at (-999.5, 23.0, -999.5)
[24Aug2025 17:20:31.727] [Netty Server IO #1/INFO] [immersiveengineering/]: Recipes for potions: minecraft:long_night_vision, eidolon:long_anchored, minecraft:long_turtle_master, eidolon:long_chilled, minecraft:strong_turtle_master, minecraft:strong_regeneration, minecraft:long_water_breathing, minecraft:swiftness, minecraft:weakness, eidolon:strong_reinforced, minecraft:long_regeneration, eidolon:chilled, minecraft:turtle_master, miners_delight:long_mining_fatigue, minecraft:long_fire_resistance, tconstruct:_levitation, minecraft:strong_leaping, tconstruct:strong_levitation, miners_delight:strong_haste, miners_delight:haste, minecraft:harming, minecraft:regeneration, eidolon:strong_vulnerable, eidolon:strong_decay, minecraft:long_poison, tconstruct:_ricochet, minecraft:slowness, tconstruct:long_levitation, minecraft:leaping, miners_delight:long_haste, minecraft:awkward, eidolon:long_reinforced, minecraft:long_slow_falling, minecraft:fire_resistance, minecraft:long_strength, minecraft:strong_strength, eidolon:reinforced, eidolon:vulnerable, minecraft:healing, minecraft:long_slowness, eidolon:long_undeath, minecraft:long_weakness, eidolon:anchored, eidolon:undeath, minecraft:night_vision, eidolon:long_decay, minecraft:strong_healing, tconstruct:strong_experienced, minecraft:strong_harming, miners_delight:mining_fatigue, minecraft:strong_slowness, eidolon:long_vulnerable, minecraft:invisibility, eidolon:decay, minecraft:water, minecraft:strong_swiftness, tconstruct:_enderference, tconstruct:long_ricochet, tconstruct:long_enderference, minecraft:water_breathing, minecraft:strong_poison, tconstruct:strong_ricochet, minecraft:strength, tconstruct:_experienced, minecraft:long_leaping, minecraft:poison, tconstruct:long_experienced, miners_delight:strong_mining_fatigue, minecraft:long_invisibility, minecraft:long_swiftness, minecraft:slow_falling
[24Aug2025 17:20:31.790] [Server thread/INFO] [net.minecraft.server.MinecraftServer/]: 7axel7 joined the game
[24Aug2025 17:20:31.978] [Server thread/INFO] [Jade/]: Syncing config to 7axel7 (47b4954f-e35f-4fa5-bd15-455500553985)
[24Aug2025 17:20:32.021] [Server thread/INFO] [actuallyadditions/]: Sending Player Data to player literal{7axel7} with UUID 47b4954f-e35f-4fa5-bd15-455500553985.
[24Aug2025 17:20:32.131] [Server thread/INFO] [com.mojang.datafixers.DataFixerBuilder/]: 0 Datafixer optimizations took 3 milliseconds
[24Aug2025 17:20:32.475] [Server thread/INFO] [voicechat/]: [voicechat] Received secret request of 7axel7 (18)
[24Aug2025 17:20:32.479] [Server thread/INFO] [voicechat/]: [voicechat] Sent secret to 7axel7
[24Aug2025 17:20:34.084] [Server thread/WARN] [net.minecraft.server.MinecraftServer/]: Can't keep up! Is the server overloaded? Running 2908ms or 58 ticks behind
[24Aug2025 17:20:37.447] [VoiceChatPacketProcessingThread/INFO] [voicechat/]: [voicechat] Successfully authenticated player 47b4954f-e35f-4fa5-bd15-455500553985
[24Aug2025 17:20:38.443] [VoiceChatPacketProcessingThread/INFO] [voicechat/]: [voicechat] Successfully validated connection of player 47b4954f-e35f-4fa5-bd15-455500553985
[24Aug2025 17:20:38.450] [VoiceChatPacketProcessingThread/INFO] [voicechat/]: [voicechat] Player 7axel7 (47b4954f-e35f-4fa5-bd15-455500553985) successfully connected to voice chat
[24Aug2025 17:22:19.641] [Server thread/INFO] [net.minecraft.server.network.ServerGamePacketListenerImpl/]: 7axel7 lost connection: Disconnected
[24Aug2025 17:22:19.641] [Server thread/INFO] [net.minecraft.server.MinecraftServer/]: 7axel7 left the game
[24Aug2025 17:22:19.648] [Server thread/INFO] [voicechat/]: [voicechat] Disconnecting client 7axel7
[24Aug2025 17:22:19.733] [Server thread/WARN] [net.minecraft.network.Connection/]: handleDisconnection() called twice
[24Aug2025 17:22:22.566] [User Authenticator #2/INFO] [net.minecraft.server.network.ServerLoginPacketListenerImpl/]: UUID of player 7axel7 is 47b4954f-e35f-4fa5-bd15-455500553985
[24Aug2025 17:22:26.763] [Server thread/INFO] [net.minecraft.server.players.PlayerList/]: 7axel7[/[::1]:56160] logged in with entity id 75 at (-1011.2467333945406, 21.0, -998.8795151191293)
[24Aug2025 17:22:26.800] [Server thread/INFO] [net.minecraft.server.MinecraftServer/]: 7axel7 joined the game
[24Aug2025 17:22:26.837] [Server thread/INFO] [Jade/]: Syncing config to 7axel7 (47b4954f-e35f-4fa5-bd15-455500553985)
[24Aug2025 17:22:26.840] [Server thread/INFO] [actuallyadditions/]: Sending Player Data to player literal{7axel7} with UUID 47b4954f-e35f-4fa5-bd15-455500553985.
[24Aug2025 17:22:27.152] [Server thread/INFO] [voicechat/]: [voicechat] Received secret request of 7axel7 (18)
[24Aug2025 17:22:27.153] [Server thread/INFO] [voicechat/]: [voicechat] Sent secret to 7axel7
[24Aug2025 17:22:31.775] [VoiceChatPacketProcessingThread/INFO] [voicechat/]: [voicechat] Successfully authenticated player 47b4954f-e35f-4fa5-bd15-455500553985
[24Aug2025 17:22:32.777] [VoiceChatPacketProcessingThread/INFO] [voicechat/]: [voicechat] Successfully validated connection of player 47b4954f-e35f-4fa5-bd15-455500553985
[24Aug2025 17:22:32.777] [VoiceChatPacketProcessingThread/INFO] [voicechat/]: [voicechat] Player 7axel7 (47b4954f-e35f-4fa5-bd15-455500553985) successfully connected to voice chat
[24Aug2025 17:22:39.384] [Server thread/INFO] [net.minecraft.server.network.ServerGamePacketListenerImpl/]: 7axel7 lost connection: Disconnected
[24Aug2025 17:22:39.386] [Server thread/INFO] [net.minecraft.server.MinecraftServer/]: 7axel7 left the game
[24Aug2025 17:22:39.386] [Server thread/INFO] [voicechat/]: [voicechat] Disconnecting client 7axel7
[24Aug2025 17:23:00.435] [Server thread/INFO] [net.minecraft.server.MinecraftServer/]: Stopping server
[24Aug2025 17:23:00.435] [Server thread/INFO] [net.minecraft.server.MinecraftServer/]: Saving players
[24Aug2025 17:23:00.437] [Server thread/INFO] [net.minecraft.server.MinecraftServer/]: Saving worlds
[24Aug2025 17:23:00.488] [Server thread/INFO] [net.minecraft.server.MinecraftServer/]: Saving chunks for level 'ServerLevel[world]'/minecraft:overworld
[24Aug2025 17:23:00.772] [Server thread/INFO] [net.minecraft.server.MinecraftServer/]: Saving chunks for level 'ServerLevel[world]'/backrooms:limbo
[24Aug2025 17:23:00.773] [Server thread/INFO] [net.minecraft.server.MinecraftServer/]: Saving chunks for level 'ServerLevel[world]'/minecraft:the_end
[24Aug2025 17:23:00.775] [Server thread/INFO] [net.minecraft.server.MinecraftServer/]: Saving chunks for level 'ServerLevel[world]'/minecraft:the_nether
[24Aug2025 17:23:00.776] [Server thread/INFO] [net.minecraft.server.MinecraftServer/]: Saving chunks for level 'ServerLevel[world]'/ae2:spatial_storage
[24Aug2025 17:23:00.813] [Server thread/INFO] [net.minecraft.server.MinecraftServer/]: ThreadedAnvilChunkStorage (world): All chunks are saved
[24Aug2025 17:23:00.813] [Server thread/INFO] [net.minecraft.server.MinecraftServer/]: ThreadedAnvilChunkStorage (limbo): All chunks are saved
[24Aug2025 17:23:00.813] [Server thread/INFO] [net.minecraft.server.MinecraftServer/]: ThreadedAnvilChunkStorage (DIM1): All chunks are saved
[24Aug2025 17:23:00.814] [Server thread/INFO] [net.minecraft.server.MinecraftServer/]: ThreadedAnvilChunkStorage (DIM-1): All chunks are saved
[24Aug2025 17:23:00.814] [Server thread/INFO] [net.minecraft.server.MinecraftServer/]: ThreadedAnvilChunkStorage (spatial_storage): All chunks are saved
[24Aug2025 17:23:00.814] [Server thread/INFO] [net.minecraft.server.MinecraftServer/]: ThreadedAnvilChunkStorage: All dimensions are saved
[24Aug2025 17:23:00.895] [Server thread/INFO] [Framework/]: Unloading server configs...
[24Aug2025 17:23:00.895] [Server thread/INFO] [Framework/]: Sending config unload event for refurbished_furniture.server.toml
[24Aug2025 17:23:00.896] [Server thread/INFO] [Framework/]: Finished unloading server configs
